{
	"credit": "Made with Blockbench",
	"textures": {
		"1": "block/snow_side",
		"particle": "block/snow",
		"texture": "block/snow"
	},
	"elements": [
		{
			"from": [-0.525, -5, -0.525],
			"to": [16.5, 14, 16.5],
			"rotation": {"angle": 0, "axis": "y", "origin": [8, 9, 23]},
			"faces": {
				"north": {"uv": [4, 6.5, 12, 16], "texture": "#1","cullface": "north"},
				"east": {"uv": [12, 6.5, 4, 16], "texture": "#1","cullface": "east"},
				"south": {"uv": [12, 6.5, 4, 16], "texture": "#1","cullface": "south"},
				"west": {"uv": [4, 6.5, 12, 16], "texture": "#1","cullface": "west"},
				"up": {"uv": [0, 0, 16, 16], "texture": "#texture"}
			}
		},
		{
			"from": [16.5, -5, -0.525],
			"to": [-0.525, 14, 16.5],
			"rotation": {"angle": 0, "axis": "y", "origin": [25.025, 9, 23]},
			"faces": {
				"north": {"uv": [4, 6.5, 12, 16], "texture": "#1","cullface":"west"},
				"east": {"uv": [12, 6.5, 4, 16], "texture": "#1","cullface":"east"},
				"south": {"uv": [12, 6.5, 4, 16], "texture": "#1","cullface":"north"},
				"west": {"uv": [4, 6.5, 12, 16], "texture": "#1","cullface":"west"},
				"up": {"uv": [0, 0, 16, 16], "texture": "#texture","cullface":"down"}
			}
		}
	]
}