{
	"credit": "Made with Blockbench",
	"ambientocclusion": false,
	"textures": {
		"1": "block/vine_nan2uu",
		"particle": "block/vine_item"
	},
	"elements": [
		{
			"from": [0, 9.10474, -2.10506],
			"to": [16, 17.75474, -2.10506],
			"rotation": {"angle": -22.5, "axis": "x", "origin": [8, 22.10474, 5.89494]},
			"faces": {
				"north": {"uv": [0, 0, 8, 4.5], "texture": "#1", "tintindex": 0},
				"east": {"uv": [0, 0, 0, 0], "texture": "#1"},
				"south": {"uv": [0, 0, 8, 4.5], "texture": "#1", "tintindex": 0},
				"west": {"uv": [0, 0, 0, 0], "texture": "#1"},
				"up": {"uv": [0, 0, 0, 0], "texture": "#1"},
				"down": {"uv": [0, 0, 0, 0], "texture": "#1"}
			}
		},
		{
			"from": [0, 1.10474, -2.10506],
			"to": [16, 10.75474, -2.10506],
			"rotation": {"angle": -22.5, "axis": "x", "origin": [8, 15.10474, 5.89494]},
			"faces": {
				"north": {"uv": [0, 4.5, 8, 9.5], "texture": "#1", "tintindex": 0},
				"east": {"uv": [0, 0, 0, 0], "texture": "#1"},
				"south": {"uv": [0, 4.5, 8, 9.5], "texture": "#1", "tintindex": 0},
				"west": {"uv": [0, 0, 0, 0], "texture": "#1"},
				"up": {"uv": [0, 0, 0, 0], "texture": "#1"},
				"down": {"uv": [0, 0, 0, 0], "texture": "#1"}
			}
		},
		{
			"from": [0, -3, 1.65],
			"to": [16, 15, 1.65],
			"rotation": {"angle": 0, "axis": "y", "origin": [8, 8, 8.65]},
			"faces": {
				"north": {"uv": [16, 0, 8, 10], "texture": "#1", "tintindex": 0},
				"south": {"uv": [8, 0, 16, 10], "texture": "#1", "tintindex": 0}
			}
		}
	]
}