{
  "model": "converted:gun/416carbon_geo",
  "texture": "converted:gun/uv/416carbon_uv",
  "hud": "converted:gun/hud/416carbon_hud",
  "slot": "converted:gun/slot/416carbon_slot",
  "animation": "converted:416carbon",
  "use_default_animation": "rifle",
  "shell": {
    "initial_velocity": [8.0, 5.0, -0.5],
    "random_velocity": [2.5, 1.5, 0.25],
    "acceleration": [0.0, -20, 0.0],
    "angular_velocity": [-720, -720, 90],
    "living_time": 1.0
  },
  
  "muzzle_flash": {
    "texture": "converted:flash/muzzle_flash_common",
    "scale": 0.8
  },
  "ammo": {
    "tracer_color": "#55FF55"
  },
  "sounds": {
    "shoot": "converted:416carbon/416carbon_shoot",
    "shoot_3p": "converted:416carbon/416carbon_shoot_3p",
    "reload_empty": "converted:416carbon/416carbon_reload_empty",
    "reload_tactical": "converted:416carbon/416carbon_reload_tactical",
    "inspect": "converted:416carbon/416carbon_inspect",
    "inspect_empty": "converted:416carbon/416carbon_inspect_empty",
    "draw": "converted:416carbon/416carbon_draw",
    "put_away": "converted:416carbon/416carbon_put_away",
    "silence": "converted:416carbon/416carbon_silence",
    "silence_3p": "converted:416carbon/416carbon_silence_3p"
  },
  "offhand_show": {
    "pos": [1, 19, 4],
    "rotate": [0, 0, 50],
    "scale": [0.5, 0.5, 0.5]
  },
  "hotbar_show": {
    "0": {
      "pos": [-1, 19, 3],
      "rotate": [-180, 0, 130],
      "scale": [0.5, 0.5, 0.5]
    }
  }
}
