{
  "model": "converted:gun/claw_geo",
  "texture": "converted:gun/uv/claw_uv",
  "hud": "converted:gun/hud/claw_hud",
  "slot": "converted:gun/slot/claw_slot",
  "animation": "converted:claw",
  "use_default_animation": "rifle",
  "muzzle_flash": {
    "texture": "converted:flash/muzzle_flash_wave",
    "scale": 1.2
  },
  "iron_zoom": 2.5,
  "ammo": {
  "tracer_color": "#339afc"
          },
  "sounds": {
    "shoot": "converted:claw/claw_shoot",
    "shoot_3p": "converted:claw/claw_shoot_3p",
    "silence": "converted:claw/claw_silence",
    "silence_3p": "converted:claw/claw_silence_3p",
    "dry_fire": "tacz:dry_fire",
    "fire_select": "tacz:fire_select",
    "head_hit": "tacz:head_hit",
    "flesh_hit": "tacz:flesh_hit",
    "kill": "tacz:kill"
 },
 "offhand_show": {
  "pos": [1, 19, 4],
  "rotate": [0, 0, 50],
  "scale": [0.5, 0.5, 0.5]
},
"hotbar_show": {
  "0": {
    "pos": [-4, 26, 3],
    "rotate": [-90, -5, -90],
    "scale": [0.5, 0.5, 0.5]
  }
  },
  "text_show": {
    // 作用的组名，该组的旋转点决定文本的位置和朝向
    "ammo_count_text_show_pos": {
      // 文本缩放，默认大小对于 BlockBench 里的 1
      "scale": 0.6,
      // 对齐方式：right，center，left
      "align": "center",
      // 阴影
      "shadow": false,
      // 文本颜色
      "color": "#3bc2ff",
      // 亮度：1-15
      "light": 15,
      // 本地化，且支持PlaceholderAPI 风格的占位符
      // 目前仅支持两个：%player_name% %ammo_count%
      "text": "%ammo_count%"
    },
    "ammo_count_text_show_pos2": {
      // 文本缩放，默认大小对于 BlockBench 里的 1
      "scale": 0.6,
      // 对齐方式：right，center，left
      "align": "center",
      // 阴影
      "shadow": false,
      // 文本颜色
      "color": "#006491",
      // 亮度：1-15
      "light": 15,
      // 本地化，且支持PlaceholderAPI 风格的占位符
      // 目前仅支持两个：%player_name% %ammo_count%
      "text": "%ammo_count%"
    }
}
}
