{
  "model": "converted:gun/f4n9_geo",
  "texture": "converted:gun/uv/f4n9_uv",
  "hud": "converted:gun/hud/f4n9_hud",
  "slot": "converted:gun/slot/f4n9_slot",
  "animation": "converted:f4n9",
  "use_default_animation": "rifle",
  "transform": {
    "scale": {
      "thirdperson": [1, 1, 1],
      "ground": [1, 1, 1],
      "fixed": [1.5, 1.5, 1.5]
    }
  },
  "sounds": {
    "reload_empty": "tacz:rpg7/rpg7_reload",
    "inspect": "tacz:rpg7/rpg7_inspect",
    "inspect_empty": "tacz:rpg7/rpg7_inspect_empty",
    "draw": "tacz:rpg7/rpg7_draw",
    "put_away": "tacz:rpg7/rpg7_put_away",
    "shoot": "tacz:rpg7/rpg7_shoot",
    "shoot_3p": "tacz:rpg7/rpg7_shoot",
    "melee_push": "tacz:melee_stock/melee_stock_02",
    "melee_stock": "tacz:melee_stock/melee_stock_03"
  },
  "offhand_show": {
    "pos": [0, 20, 5],
    "rotate": [-20, 0, 30],
    "scale": [0.5, 0.5, 0.5]
  },
  "hotbar_show": {
    "0": {
      "pos": [-4, 24, 4],
      "rotate": [-90, -5, -90],
      "scale": [0.5, 0.5, 0.5]
    }
  }
}