{
  "model": "converted:gun/glock_17_sap_geo",
  "texture": "converted:gun/uv/glock_17_sap_uv",
  "hud": "tacz:gun/hud/glock_17",
  "slot": "converted:gun/slot/glock_17_sap_slot",
  "animation": "tacz:glock_17",
  "use_default_animation": "pistol",
  "transform": {
    "scale": {
      "thirdperson": [0.6, 0.6, 0.6],
      "ground": [0.6, 0.6, 0.6],
      "fixed": [1.2, 1.2, 1.2]
    }
  },
  "shell": {
    "initial_velocity": [8.0, 5.0, -0.5],
    "random_velocity": [2.5, 1.5, 0.25],
    "acceleration": [0.0, -20, 0.0],
    "angular_velocity": [360, -720, 90],
    "living_time": 1.0
  },
  "muzzle_flash": {
    "texture": "converted:flash/muzzle_flash_energy",
    "scale": 0.4
  },
  "ammo": {
    "tracer_color": "#339afc"
  },
  "sounds": {
    "reload_empty": "tacz:glock_17/glock17_reload_empty",
    "reload_tactical": "tacz:glock_17/glock17_reload_tactical",
    "inspect": "tacz:glock_17/glock17_inspect",
    "inspect_empty": "tacz:glock_17/glock17_inspect_empty",
    "draw": "tacz:glock_17/glock17_draw",
    "shoot": "tacz:glock_17/glock17_shoot",
    "shoot_3p": "tacz:glock_17/glock17_shoot_3p",
    "silence": "tacz:glock_17/glock17_silence",
    "silence_3p": "tacz:glock_17/glock17_silence_3p"
  },
    // 副手枪械显示
  "offhand_show": {
    "pos": [4, 13, 0],
    "rotate": [-90, 35, -90],
    "scale": [0.5, 0.5, 0.5]
  },
    // 快捷栏枪械显示
  // 没有此字段，不显示快捷栏枪械
  "hotbar_show": {
    "0": {
      "pos": [-5, 13, 0],
      "rotate": [-90, 35, -90],
      "scale": [0.5, 0.5, 0.5]
    }
  }
}