{
    "model": "converted:gun/licc_iws_geo",
    "texture": "converted:gun/uv/licc_iws_uv",
    "slot": "converted:gun/slot/licc_iws_slot",
    "hud": "converted:gun/hud/licc_iws_hud",
    "animation": "converted:licc_iws",
    "use_default_animation": "rifle",
    "third_person_animation": "default",
    "muzzle_flash": {
      "texture": "tacz:flash/common_muzzle_flash",
      "scale": 1
    },
  "sounds": {
    "shoot": "tacz:scar_l/scar_l_shoot",
    "shoot_3p": "tacz:scar_l/scar_l_shoot_3p",
    "silence": "tacz:scar_l/scar_l_silence",
    "silence_3p": "tacz:scar_l/scar_l_silence_3p",
    "dry_fire": "tacz:dry_fire",
    "fire_select": "tacz:fire_select",
    "head_hit": "tacz:head_hit",
    "flesh_hit": "tacz:flesh_hit",
    "kill": "tacz:kill"
    
 },
 "offhand_show": {
  "pos": [-5, 20, 3],
  "rotate": [-180, 0, 150],
  "scale": [0.5, 0.5, 0.5]
},
"hotbar_show": {
  "0": {
    "pos": [-5, 20, 3],
    "rotate": [-180, 0, 150],
    "scale": [0.5, 0.5, 0.5]
  }
}
}
