{
    "model": "converted:gun/m60_geo",
    "texture": "converted:gun/uv/m60_uv",
    "slot": "converted:gun/slot/m60_slot",
    "hud": "converted:gun/hud/m60_hud",
    "animation": "converted:m60",
    "use_default_animation": "rifle",
    "third_person_animation": "default",
    "muzzle_flash": {
      "texture": "tacz:flash/common_muzzle_flash",
      "scale": 1
    },
    "iron_zoom": 1.7,
    "ammo": {
  "tracer_color": "#d21129"
},
  "sounds": {
    "shoot": "tacz:m4a1/m4a1_shoot",
    "shoot_3p": "tacz:m4a1/m4a1_shoot_3p",
    "draw": "tacz:m249/m249_draw",
    "put_away": "tacz:m249/m249_put_away",
    "silence": "tacz:m4a1/m4a1_silence",
    "silence_3p": "tacz:m4a1/m4a1_silence_3p"
 },
 "offhand_show": {
  "pos": [-5, 20, 3],
  "rotate": [-180, 0, 150],
  "scale": [0.5, 0.5, 0.5]
},
"hotbar_show": {
  "0": {
    "pos": [-5, 20, 3],
    "rotate": [-180, 0, 150],
    "scale": [0.5, 0.5, 0.5]
  }
},

"text_show": {
  // 作用的组名，该组的旋转点决定文本的位置和朝向
  "ammo_count_text_show_pos": {
    // 文本缩放，默认大小对于 BlockBench 里的 1
    "scale": 1,
    // 对齐方式：right，center，left
    "align": "center",
    // 阴影
    "shadow": false,
    // 文本颜色
    "color": "#ffffff",
    // 亮度：1-15
    "light": 15,
    // 本地化，且支持PlaceholderAPI 风格的占位符
    // 目前仅支持两个：%player_name% %ammo_count%
    "text": "%ammo_count%"
  },
  "no_ammo_text_show_pos2": {
    // 文本缩放，默认大小对于 BlockBench 里的 1
    "scale": 1,
    // 对齐方式：right，center，left
    "align": "center",
    // 阴影
    "shadow": false,
    // 文本颜色
    "color": "#d21129",
    // 亮度：1-15
    "light": 15,
    // 本地化，且支持PlaceholderAPI 风格的占位符
    // 目前仅支持两个：%player_name% %ammo_count%
    "text": "%ammo_count%"
  },
  "no_ammo_text_show_pos": {
    // 文本缩放，默认大小对于 BlockBench 里的 1
    "scale": 0.5,
    // 对齐方式：right，center，left
    "align": "center",
    // 阴影
    "shadow": false,
    // 文本颜色
    "color": "#d21129",
    // 亮度：1-15
    "light": 15,
    // 本地化，且支持PlaceholderAPI 风格的占位符
    // 目前仅支持两个：%player_name% %ammo_count%
    "text": "converted.text.text_on_m60_2.name"
  },
  "normal_text_show_pos": {
    // 文本缩放，默认大小对于 BlockBench 里的 1
    "scale": 0.5,
    // 对齐方式：right，center，left
    "align": "center",
    // 阴影
    "shadow": false,
    // 文本颜色
    "color": "#ffffff",
    // 亮度：1-15
    "light": 15,
    // 本地化，且支持PlaceholderAPI 风格的占位符
    // 目前仅支持两个：%player_name% %ammo_count%
    "text": "converted.text.text_on_m60_1.name"
  }
}
}
