{
    "model": "converted:gun/mc51_geo",
    "texture": "converted:gun/uv/mc51_uv",
    "slot": "converted:gun/slot/mc51_slot",
    "hud": "converted:gun/hud/mc51_hud",
    "animation": "converted:mc51",
    "use_default_animation": "rifle",
    "third_person_animation": "default",
    "muzzle_flash": {
      "texture": "tacz:flash/common_muzzle_flash",
      "scale": 2
    },
  "sounds": {
    "shoot": "converted:mc51/mc51_shoot",
    "shoot_3p": "converted:mc51/mc51_shoot_3p",
    "silence": "converted:mc51/mc51_silence",
    "silence_3p": "converted:mc51/mc51_silence_3p",
    "draw": "tacz:hk_g3/hk_g3_draw",
    "put_away": "tacz:hk_g3/hk_g3_put_away",
    "dry_fire": "tacz:dry_fire",
    "fire_select": "tacz:fire_select",
    "head_hit": "tacz:head_hit",
    "flesh_hit": "tacz:flesh_hit",
    "kill": "tacz:kill"
    
 },
 "offhand_show": {
  "pos": [-5, 20, 3],
  "rotate": [-180, 0, 150],
  "scale": [0.5, 0.5, 0.5]
},
"hotbar_show": {
  "0": {
    "pos": [-5, 20, 3],
    "rotate": [-180, 0, 150],
    "scale": [0.5, 0.5, 0.5]
  }
},
 "text_show": {
  // 作用的组名，该组的旋转点决定文本的位置和朝向
  "ammo_count_text_show_pos": {
    // 文本缩放，默认大小对于 BlockBench 里的 1
    "scale": 0.4,
    // 对齐方式：right，center，left
    "align": "center",
    // 阴影
    "shadow": false,
    // 文本颜色
    "color": "#d95422",
    // 亮度：1-15
    "light": 15,
    // 本地化，且支持PlaceholderAPI 风格的占位符
    // 目前仅支持两个：%player_name% %ammo_count%
    "text": "%ammo_count%"
  }
}
}
