{
  "model": "converted:gun/s7snpr_geo",
  "texture": "converted:gun/uv/s7snpr_uv",
  "hud": "converted:gun/hud/s7snpr_hud",
  "slot": "converted:gun/slot/s7snpr_slot",
  "animation": "converted:s7snpr",
  "use_default_animation": "rifle",
  "transform": {
    "scale": {
      "thirdperson": [0.6, 0.6, 0.6],
      "ground": [0.6, 0.6, 0.6],
      "fixed": [1.2, 1.2, 1.2]
    }
  },
  "muzzle_flash": {
    "texture": "converted:flash/muzzle_flash_sparks",
    "scale": 3
  },
  "ammo": {
    "tracer_color": "#d7d7f0",
        "particle": {
        "name": "explosion",
       "delta": [
        0,
        0,
        0
             ],
        "speed": 0,
        "life_time": 8,
        "count": 1
            }
          },
 "sounds": {
    "shoot": "converted:s7snpr/s7snpr_shoot",
    "shoot_3p": "converted:s7snpr/s7snpr_shoot",
    "draw": "tacz:ai_awp/awp_draw",
    "put_away": "tacz:ai_awp/awp_put_away",
    "melee_push": "tacz:melee_stock/melee_stock_02",
    "melee_stock": "tacz:melee_stock/melee_stock_03"
  },
  "offhand_show": {
    "pos": [0, 20, 4],
    "rotate": [0, 0, 30],
    "scale": [0.5, 0.5, 0.5]
  },
  "hotbar_show": {
    "0": {
      "pos": [-4, 24, 3],
      "rotate": [-90, -5, -90],
      "scale": [0.5, 0.5, 0.5]
    }
  }
}