{
	"format_version": "1.8.0",
	"animations": {
		"shoot": {
			"animation_length": 0.7667,
			"bones": {
				"root": {
					"rotation": {
						"0.0": [0, 0, 0],
						"0.0333": [0.33, -0.01, -0.43],
						"0.0667": [0.55, -0.02, -0.7],
						"0.1": [0.32, -0.02, -0.36],
						"0.1333": [-0.07, 0, 0.19],
						"0.1667": [-0.3, 0.01, 0.53],
						"0.2": [-0.28, 0.01, 0.51],
						"0.2333": [-0.21, 0.01, 0.42],
						"0.2667": [-0.1, 0.02, 0.28],
						"0.3": [0.03, 0.02, 0.12],
						"0.3333": [0.15, 0.02, -0.04],
						"0.3667": [0.25, 0.02, -0.17],
						"0.4": [0.3, 0.02, -0.24],
						"0.4333": [0.31, 0.02, -0.26],
						"0.4667": [0.31, 0.01, -0.25],
						"0.5": [0.28, 0.01, -0.22],
						"0.5333": [0.25, 0, -0.18],
						"0.5667": [0.21, -0.01, -0.13],
						"0.6": [0.17, -0.01, -0.08],
						"0.6333": [0.13, -0.02, -0.03],
						"0.6667": [0.1, -0.02, 0],
						"0.7": [0.08, -0.02, 0.03],
						"0.7333": [0.06, -0.03, 0.03],
						"0.7667": [0.05, -0.02, 0.04],
						"0.8": [0.04, -0.02, 0.04],
						"0.8333": [0.03, -0.02, 0.03],
						"0.8667": [0.02, -0.01, 0.03],
						"0.9": [0.01, -0.01, 0.02],
						"0.9333": [0.01, -0.01, 0.01],
						"0.9667": [0, 0, 0],
						"1.0": [0, 0, 0]
					},
					"position": {
						"0.0": [0, 0, 0],
						"0.0333": [-0.01, -0.09, 0.1],
						"0.0667": [-0.02, -0.17, 0.2],
						"0.1": [-0.04, -0.16, 0.21],
						"0.1333": [-0.05, -0.12, 0.2],
						"0.1667": [-0.05, -0.09, 0.18],
						"0.2": [-0.05, -0.08, 0.14],
						"0.2333": [-0.04, -0.09, 0.1],
						"0.2667": [-0.04, -0.09, 0.05],
						"0.3": [-0.03, -0.09, 0],
						"0.3333": [-0.02, -0.09, -0.02],
						"0.3667": [-0.02, -0.08, -0.03],
						"0.4": [-0.01, -0.07, -0.03],
						"0.4333": [0, -0.05, -0.03],
						"0.4667": [0.01, -0.03, -0.02],
						"0.5": [0.02, -0.02, -0.01],
						"0.5333": [0.02, -0.01, 0],
						"0.5667": [0.03, 0, 0],
						"0.6": [0.02, 0.01, 0],
						"0.6333": [0.02, 0.01, 0],
						"0.6667": [0.02, 0.01, 0],
						"0.7": [0.01, 0, 0],
						"0.7333": [0, 0, 0],
						"0.7667": [0, 0, 0]
					}
				},
				"camera": {
					"rotation": {
						"0.0": [0, 0, 0],
						"0.0333": [0.45, 0.33, 2.5],
						"0.0667": [0.62, 0.11, 0.35],
						"0.1": [0.68, -0.15, -1.72],
						"0.1333": [0.55, -0.22, -1.01],
						"0.1667": [0.35, -0.25, 0.52],
						"0.2": [0.15, -0.22, 1.41],
						"0.2333": [0.02, -0.16, 1.03],
						"0.2667": [-0.11, -0.05, 0.13],
						"0.3": [-0.21, 0.05, -0.8],
						"0.3333": [-0.28, 0.13, -1.26],
						"0.3667": [-0.28, 0.15, -1.1],
						"0.4": [-0.24, 0.15, -0.63],
						"0.4333": [-0.19, 0.13, -0.03],
						"0.4667": [-0.14, 0.12, 0.52],
						"0.5": [-0.1, 0.1, 0.83],
						"0.5333": [-0.08, 0.09, 0.86],
						"0.5667": [-0.07, 0.08, 0.8],
						"0.6": [-0.05, 0.06, 0.69],
						"0.6333": [-0.04, 0.05, 0.54],
						"0.6667": [-0.03, 0.03, 0.38],
						"0.7": [-0.02, 0.02, 0.22],
						"0.7333": [-0.01, 0.01, 0.08],
						"0.7667": [0, 0, 0]
					}
				}
			},
			"sound_effects": {
				"0.0": {
					"effect": "weap_rpapa7_fire_plr_mech_01"
				},
				"0.0333": {
					"effect": "weap_rpapa7_fire_plr_mech_01"
				}
			}
		},
		"reload_empty": {
			"animation_length": 3.5333,
			"bones": {
				"root": {
					"rotation": {
						"0.0": [0, 0, 0],
						"0.0333": [0.82, -0.23, 0.92],
						"0.0667": [2.22, -0.32, 2.3],
						"0.1": [3.5, -0.75, 3.79],
						"0.1333": [3.96, -1.99, 5.02],
						"0.1667": [2.88, -4.5, 5.64],
						"0.2": [-1.52, -10.51, 5.27],
						"0.2333": [-8.24, -18.79, 4.12],
						"0.2667": [-15.3, -27.05, 2.79],
						"0.3": [-20.72, -33.05, 1.9],
						"0.3333": [-23.07, -35.2, 1.68],
						"0.3667": [-24.89, -36.36, 1.62],
						"0.4": [-26.28, -36.86, 1.66],
						"0.4333": [-27.33, -36.99, 1.75],
						"0.4667": [-28.11, -37.06, 1.84],
						"0.5": [-28.72, -37.4, 1.87],
						"0.5333": [-29.02, -38.1, 1.86],
						"0.5667": [-28.28, -38.58, 1.83],
						"0.6": [-27.38, -39.81, 1.68],
						"0.6333": [-26.97, -41.04, 1.53],
						"0.6667": [-26.47, -42.67, 1.34],
						"0.7": [-25.93, -44.48, 1.11],
						"0.7333": [-25.41, -46.27, 0.88],
						"0.7667": [-24.95, -47.81, 0.66],
						"0.8": [-24.62, -48.9, 0.48],
						"0.8333": [-24.36, -49.76, 0.11],
						"0.8667": [-24.43, -49.28, -0.18],
						"0.9": [-24.4, -48.88, -0.41],
						"0.9333": [-24.37, -48.25, -0.64],
						"0.9667": [-24.32, -47.7, -0.79],
						"1.0": [-24.04, -46.75, -0.7],
						"1.0333": [-24.35, -47.1, -0.71],
						"1.0667": [-24.51, -47.59, -0.72],
						"1.1": [-24.4, -47.65, -0.72],
						"1.1333": [-24.22, -47.67, -0.72],
						"1.1667": [-23.99, -47.68, -0.72],
						"1.2": [-23.74, -47.68, -0.71],
						"1.2333": [-23.49, -47.7, -0.71],
						"1.2667": [-23.28, -47.74, -0.7],
						"1.3": [-23.11, -47.82, -0.68],
						"1.3333": [-23.05, -47.87, -0.67],
						"1.3667": [-22.99, -47.94, -0.66],
						"1.4": [-22.93, -48.01, -0.64],
						"1.4333": [-22.87, -48.1, -0.63],
						"1.4667": [-22.81, -48.19, -0.61],
						"1.5": [-22.76, -48.28, -0.59],
						"1.5333": [-22.71, -48.37, -0.58],
						"1.5667": [-22.67, -48.47, -0.56],
						"1.6": [-22.64, -48.57, -0.54],
						"1.6333": [-22.62, -48.66, -0.52],
						"1.6667": [-22.61, -48.75, -0.5],
						"1.7": [-22.62, -48.84, -0.49],
						"1.7333": [-22.64, -48.91, -0.47],
						"1.7667": [-22.68, -48.98, -0.46],
						"1.8": [-22.74, -49.04, -0.45],
						"1.8333": [-23.51, -49.22, -0.42],
						"1.8667": [-24.6, -49.3, -0.4],
						"1.9": [-25.22, -49.39, -0.38],
						"1.9333": [-25.16, -49.56, -0.35],
						"1.9667": [-24.82, -49.77, -0.31],
						"2.0": [-24.27, -49.9, -0.29],
						"2.0333": [-23.59, -49.79, -0.3],
						"2.0667": [-21.56, -50.14, -0.32],
						"2.1": [-19.55, -47.25, -0.7],
						"2.1333": [-19.22, -44.11, -1.04],
						"2.1667": [-19.09, -39.75, -1.5],
						"2.2": [-19.03, -34.76, -2.03],
						"2.2333": [-18.92, -29.7, -2.58],
						"2.2667": [-18.65, -25.16, -3.11],
						"2.3": [-18.11, -21.72, -3.57],
						"2.3333": [-15.86, -17.87, -4.41],
						"2.3667": [-12.96, -16.09, -5.17],
						"2.4": [-10.87, -14.74, -5.72],
						"2.4333": [-10.44, -13.85, -5.92],
						"2.4667": [-10.44, -13.14, -6.04],
						"2.5": [-10.66, -12.57, -6.09],
						"2.5333": [-10.89, -12.11, -6.08],
						"2.5667": [-10.93, -11.72, -6],
						"2.6": [-9.56, -11.01, -4.67],
						"2.6333": [-9.65, -10.91, -5.22],
						"2.6667": [-9.94, -10.86, -6.13],
						"2.7": [-10.1, -10.84, -6.67],
						"2.7333": [-9.98, -10.95, -6.51],
						"2.7667": [-9.73, -11.1, -5.98],
						"2.8": [-9.39, -10.99, -5.37],
						"2.8333": [-9.23, -10.66, -4.71],
						"2.8667": [-8.99, -10.09, -3.96],
						"2.9": [-7.97, -8.91, -3.34],
						"2.9333": [-7.05, -8.09, -3.18],
						"2.9667": [-5.8, -7.02, -3.08],
						"3.0": [-4.36, -5.81, -3.02],
						"3.0333": [-2.87, -4.55, -2.96],
						"3.0667": [-1.47, -3.35, -2.86],
						"3.1": [-0.32, -2.31, -2.68],
						"3.1333": [0.46, -1.51, -2.39],
						"3.1667": [0.85, -0.69, -1.46],
						"3.2": [0.5, -0.3, -0.21],
						"3.2333": [-0.11, -0.14, 0.98],
						"3.2667": [-0.5, 0, 1.68],
						"3.3": [-0.57, 0.16, 1.16],
						"3.3333": [-0.49, 0.11, 0.18],
						"3.3667": [-0.43, 0.09, 0.18],
						"3.4": [-0.34, 0.04, 0.39],
						"3.4333": [-0.25, 0, 0.5],
						"3.4667": [-0.16, -0.01, 0.38],
						"3.5": [-0.07, 0, 0.16],
						"3.5333": [0, 0, 0]
					},
					"position": {
						"0.0": [0, 0, 0],
						"0.0333": [-0.05, -0.22, -0.01],
						"0.0667": [-0.12, -0.53, -0.03],
						"0.1": [-0.2, -0.89, -0.05],
						"0.1333": [-0.27, -1.28, -0.04],
						"0.1667": [-0.3, -1.67, 0],
						"0.2": [-0.3, -2.22, 0.11],
						"0.2333": [-0.27, -2.82, 0.28],
						"0.2667": [-0.21, -3.39, 0.46],
						"0.3": [-0.12, -3.84, 0.66],
						"0.3333": [0, -4.08, 0.83],
						"0.3667": [0.16, -4.25, 1.03],
						"0.4": [0.34, -4.37, 1.23],
						"0.4333": [0.49, -4.46, 1.41],
						"0.4667": [0.6, -4.54, 1.54],
						"0.5": [0.65, -4.62, 1.61],
						"0.5333": [0.65, -4.66, 1.62],
						"0.5667": [0.62, -4.68, 1.6],
						"0.6": [0.6, -4.7, 1.6],
						"0.6333": [0.6, -4.72, 1.62],
						"0.6667": [0.6, -4.73, 1.64],
						"0.7": [0.6, -4.78, 1.65],
						"0.7333": [0.6, -4.83, 1.66],
						"0.7667": [0.6, -4.89, 1.67],
						"0.8": [0.6, -4.97, 1.67],
						"0.8333": [0.6, -5.04, 1.68],
						"0.8667": [0.6, -5.1, 1.67],
						"0.9": [0.6, -5.18, 1.64],
						"0.9333": [0.6, -5.24, 1.59],
						"0.9667": [0.6, -5.27, 1.53],
						"1.0": [0.6, -5.27, 1.5],
						"1.0333": [0.6, -5.26, 1.47],
						"1.0667": [0.6, -5.24, 1.44],
						"1.1": [0.6, -5.22, 1.41],
						"1.1333": [0.6, -5.2, 1.38],
						"1.1667": [0.6, -5.18, 1.34],
						"1.2": [0.6, -5.17, 1.31],
						"1.2333": [0.6, -5.17, 1.29],
						"1.2667": [0.6, -5.17, 1.27],
						"1.3": [0.6, -5.17, 1.25],
						"1.3333": [0.6, -5.17, 1.22],
						"1.3667": [0.6, -5.18, 1.2],
						"1.4": [0.59, -5.19, 1.18],
						"1.4333": [0.59, -5.19, 1.16],
						"1.4667": [0.59, -5.19, 1.14],
						"1.5": [0.59, -5.2, 1.12],
						"1.5333": [0.59, -5.2, 1.1],
						"1.5667": [0.59, -5.19, 1.09],
						"1.6": [0.59, -5.17, 1.06],
						"1.6333": [0.59, -5.13, 1.04],
						"1.6667": [0.59, -5.09, 1.03],
						"1.7": [0.59, -5.03, 1.02],
						"1.7333": [0.59, -4.97, 1.01],
						"1.7667": [0.59, -4.93, 1],
						"1.8": [0.59, -4.92, 0.98],
						"1.8333": [0.59, -4.91, 0.95],
						"1.8667": [0.59, -4.92, 0.92],
						"1.9": [0.59, -4.93, 0.9],
						"1.9333": [0.59, -5, 0.89],
						"1.9667": [0.59, -5.03, 0.86],
						"2.0": [0.58, -4.94, 0.79],
						"2.0333": [0.6, -4.8, 0.6],
						"2.0667": [0.64, -4.8, 0.43],
						"2.1": [0.7, -4.85, 0.22],
						"2.1333": [0.75, -4.87, -0.02],
						"2.1667": [0.79, -4.79, -0.25],
						"2.2": [0.77, -4.52, -0.43],
						"2.2333": [0.7, -4.08, -0.56],
						"2.2667": [0.58, -3.46, -0.69],
						"2.3": [0.45, -2.75, -0.8],
						"2.3333": [0.3, -2.04, -0.88],
						"2.3667": [0.18, -1.41, -0.92],
						"2.4": [0.1, -0.95, -0.9],
						"2.4333": [0.06, -0.64, -0.77],
						"2.4667": [0.06, -0.5, -0.53],
						"2.5": [0.07, -0.45, -0.25],
						"2.5333": [0.09, -0.44, 0.01],
						"2.5667": [0.1, -0.4, 0.2],
						"2.6": [0.07, -0.3, 0.34],
						"2.6333": [0.04, -0.25, 0.38],
						"2.6667": [0.02, -0.21, 0.39],
						"2.7": [0.01, -0.19, 0.4],
						"2.7333": [0.02, -0.17, 0.4],
						"2.7667": [0.02, -0.17, 0.39],
						"2.8": [0.03, -0.2, 0.38],
						"2.8333": [0.02, -0.25, 0.37],
						"2.8667": [0.02, -0.34, 0.37],
						"2.9": [0.01, -0.43, 0.36],
						"2.9333": [0.01, -0.52, 0.35],
						"2.9667": [0, -0.58, 0.33],
						"3.0": [0, -0.6, 0.3],
						"3.0333": [0, -0.54, 0.24],
						"3.0667": [0, -0.41, 0.15],
						"3.1": [0, -0.26, 0.06],
						"3.1333": [0, -0.13, -0.02],
						"3.1667": [0, -0.04, -0.07],
						"3.2": [0, -0.01, -0.1],
						"3.2333": [0, -0.05, -0.08],
						"3.2667": [0, -0.07, -0.05],
						"3.3": [0, -0.02, -0.02],
						"3.3333": [0, 0.03, 0],
						"3.3667": [0, 0.02, 0],
						"3.4": [0, 0.01, 0],
						"3.4333": [0, 0, 0],
						"3.4667": [0, 0, 0],
						"3.5": [0, 0, 0],
						"3.5333": [0, 0, 0]
					}
				},
				"mag_hand": {
					"rotation": {
						"0.0": [0, 0, 0],
						"0.0333": [0, 0, -2.76],
						"0.0667": [0, 0, -5.53],
						"0.1": [0, 0, -8.29],
						"0.1333": [0, 0, -11.06],
						"0.1667": [0, 0, -13.82],
						"0.2": [0, 0, -16.59],
						"0.2333": [0, 0, -19.35],
						"0.2667": [0, 0, -22.12],
						"0.3": [0, 0, -24.88],
						"0.3333": [0, 0, -27.65],
						"0.3667": [0, 0, -30.41],
						"0.4": [0, 0, -33.18],
						"0.4333": [0, 0, -35.94],
						"0.4667": [0, 0, -38.71],
						"0.5": [0, 0, -41.47],
						"0.5333": [0, 0, -44.24],
						"0.5667": [0, 0, -47],
						"0.6": [0.48, -0.18, -47],
						"0.6333": [0.96, -0.36, -47],
						"0.6667": [1.45, -0.54, -47],
						"0.7": [1.93, -0.71, -47],
						"0.7333": [2.41, -0.89, -47],
						"0.7667": [2.89, -1.07, -47],
						"0.8": [3.38, -1.25, -47],
						"0.8333": [4.07, -2.08, -47.06],
						"0.8667": [4.77, -2.91, -47.13],
						"0.9": [5.47, -3.74, -47.19],
						"0.9333": [2.23, -2.87, -47.1],
						"0.9667": [-1, -2, -47],
						"1.0": [-0.63, -1.25, -50],
						"1.0333": [-0.25, -0.5, -53],
						"1.0667": [-0.12, -0.25, -54],
						"1.1": [0, 0, -55],
						"1.1333": [0, 0, -53],
						"1.1667": [0, 0, -51],
						"1.2": [0, 0, -49],
						"1.2333": [0, 0, -47],
						"1.2667": [0, 0, -42.67],
						"1.3": [0, 0, -38.33],
						"1.3333": [0, 0, -34],
						"1.3667": [0, 0, -34],
						"1.4": [0, 0, -34],
						"1.4333": [0, 0, -34],
						"1.4667": [0, 0, -34],
						"1.5": [0, 0, -34],
						"1.5333": [0, 0, -34],
						"1.5667": [0, 0, -34],
						"1.6": [0, 0, -38.33],
						"1.6333": [0, 0, -42.67],
						"1.6667": [0, 0, -47],
						"1.7": [0, 0, -47],
						"1.7333": [0, 0, -47],
						"1.7667": [0, 0, -47],
						"1.8": [0, 0, -47],
						"1.8333": [0, 0, -47],
						"1.8667": [0, 0, -47],
						"1.9": [0, 0, -47],
						"1.9333": [0, 0, -23.5],
						"1.9667": [0, 0, 0]
					},
					"position": {
						"0.0": [0, 0, 0],
						"0.0333": [0.3, -0.45, 2.57],
						"0.0667": [0.6, -0.9, 5.14],
						"0.1": [0.89, -1.35, 7.71],
						"0.1333": [1.19, -1.81, 10.27],
						"0.1667": [1.49, -2.26, 12.84],
						"0.2": [1.79, -2.71, 15.41],
						"0.2333": [2.09, -3.16, 17.98],
						"0.2667": [2.38, -3.61, 20.55],
						"0.3": [2.68, -4.06, 23.12],
						"0.3333": [2.98, -4.51, 25.69],
						"0.3667": [3.28, -4.96, 28.25],
						"0.4": [3.57, -5.42, 30.82],
						"0.4333": [3.87, -5.87, 33.39],
						"0.4667": [4.17, -6.32, 35.96],
						"0.5": [4.47, -6.77, 38.53],
						"0.5333": [4.77, -7.22, 41.1],
						"0.5667": [5.06, -7.67, 43.67],
						"0.6": [4.9, -7.29, 34.33],
						"0.6333": [4.74, -6.9, 25],
						"0.6667": [4.57, -6.51, 15.67],
						"0.7": [4.41, -6.13, 6.33],
						"0.7333": [4.24, -5.74, -3],
						"0.7667": [4.08, -5.36, -12.34],
						"0.8": [3.91, -4.97, -21.67],
						"0.8333": [3.56, -3.7, -23.17],
						"0.8667": [3.21, -2.43, -24.67],
						"0.9": [2.28, -0.72, -20.66],
						"0.9333": [1.34, -0.36, -20.53],
						"0.9667": [0.4, 0, -20.4],
						"1.0": [0.25, 0, -20.21],
						"1.0333": [0.1, 0, -17.02],
						"1.0667": [0, 0, -14.06],
						"1.1": [0, 0, -11.14],
						"1.1333": [0, 0, -8.22],
						"1.1667": [0, 0, -7.9],
						"1.2": [0, 0, -7.57],
						"1.2333": [0, 0, -7.25],
						"1.2667": [0, 0, -7.25],
						"1.3": [0, 0, -7.25],
						"1.3333": [0, 0, -7.25],
						"1.3667": [0, 0, -7.25],
						"1.4": [0, 0, -7.25],
						"1.4333": [0, 0, -7.25],
						"1.4667": [0, 0, -7.25],
						"1.5": [0, 0, -5.17],
						"1.5333": [0, 0, -3.08],
						"1.5667": [0, 0, -1],
						"1.6": [0, 0, -1],
						"1.6333": [0, 0, -1],
						"1.6667": [0, 0, -1],
						"1.7": [0, 0, -1],
						"1.7333": [0, 0, -1],
						"1.7667": [0, 0, -1],
						"1.8": [0, 0, -1],
						"1.8333": [0, 0, -0.5],
						"1.8667": [0, 0, 0]
					}
				},
				"rocket": {
					"scale": {
						"0.5": [0, 0, 0],
						"0.5333": [0.5, 0.5, 0.5],
						"0.5667": [1, 1, 1]
					}
				},
				"lefthand": {
					"rotation": {
						"0.0": [99.48, -59.8, -172.92],
						"0.0333": [73.42, -59.53, -140.5],
						"0.0667": [47.35, -59.27, -108.08],
						"0.1": [21.29, -59, -75.66],
						"0.1333": [-4.78, -58.74, -43.24],
						"0.1667": [-30.84, -58.47, -10.82],
						"0.2": [-56.9, -58.21, 21.59],
						"0.2333": [-82.97, -57.94, 54.01],
						"0.2667": [-109.03, -57.68, 86.43],
						"0.3": [-135.1, -57.41, 118.85],
						"0.3333": [-161.16, -57.15, 151.27],
						"0.3667": [-187.23, -56.88, 183.69],
						"0.4": [-213.29, -56.62, 216.11],
						"0.4333": [-239.36, -56.35, 248.53],
						"0.4667": [-265.42, -56.09, 280.95],
						"0.5": [-291.49, -55.82, 313.37],
						"0.5333": [-291.49, -55.82, 313.37],
						"0.5667": [-291.49, -55.82, 313.37],
						"0.6": [-291.49, -55.82, 313.37],
						"0.6333": [-291.49, -55.82, 313.37],
						"0.6667": [-291.49, -55.82, 313.37],
						"0.7": [-291.49, -55.82, 313.37],
						"0.7333": [-291.49, -55.82, 313.37],
						"0.7667": [-291.49, -55.82, 313.37],
						"0.8": [-291.49, -55.82, 313.37],
						"0.8333": [-291.49, -55.82, 313.37],
						"0.8667": [-291.49, -55.82, 313.37],
						"0.9": [-291.49, -55.82, 313.37],
						"0.9333": [-291.49, -55.82, 313.37],
						"0.9667": [-291.49, -55.82, 313.37],
						"1.0": [-291.49, -55.82, 313.37],
						"1.0333": [-291.49, -55.82, 313.37],
						"1.0667": [-291.49, -55.82, 313.37],
						"1.1": [-291.49, -55.82, 313.37],
						"1.1333": [-291.49, -55.82, 313.37],
						"1.1667": [-291.49, -55.82, 313.37],
						"1.2": [-291.49, -55.82, 313.37],
						"1.2333": [-291.49, -55.82, 313.37],
						"1.2667": [-291.49, -55.82, 313.37],
						"1.3": [-291.49, -55.82, 313.37],
						"1.3333": [-288.89, -52.84, 311.2],
						"1.3667": [-286.29, -49.87, 309.03],
						"1.4": [-283.69, -46.89, 306.86],
						"1.4333": [-281.1, -43.91, 304.69],
						"1.4667": [-278.5, -40.93, 302.52],
						"1.5": [-278.5, -40.93, 302.52],
						"1.5333": [-278.5, -40.93, 302.52],
						"1.5667": [-278.5, -40.93, 302.52],
						"1.6": [-278.5, -40.93, 302.52],
						"1.6333": [-278.5, -40.93, 302.52],
						"1.6667": [-278.5, -40.93, 302.52],
						"1.7": [-278.5, -40.93, 302.52],
						"1.7333": [-278.5, -40.93, 302.52],
						"1.7667": [-278.5, -40.93, 302.52],
						"1.8": [-278.5, -40.93, 302.52],
						"1.8333": [-278.5, -40.93, 302.52],
						"1.8667": [-278.5, -40.93, 302.52],
						"1.9": [-278.5, -40.93, 302.52],
						"1.9333": [-278.5, -40.93, 302.52],
						"1.9667": [-278.5, -40.93, 302.52],
						"2.0": [-278.5, -40.93, 302.52],
						"2.0333": [-278.5, -40.93, 302.52],
						"2.0667": [-278.5, -40.93, 302.52],
						"2.1": [-278.5, -40.93, 302.52],
						"2.1333": [-287.82, -41.43, 286.52],
						"2.1667": [-297.14, -41.92, 270.51],
						"2.2": [-306.46, -42.42, 254.51],
						"2.2333": [-204.31, -58.28, 138.75],
						"2.2667": [-102.15, -74.14, 22.99],
						"2.3": [0, -90, -92.77],
						"2.3333": [19.9, -83.96, -108.8],
						"2.3667": [39.79, -77.92, -124.83],
						"2.4": [59.69, -71.88, -140.86],
						"2.4333": [79.59, -65.84, -156.89],
						"2.4667": [99.48, -59.8, -172.92],
						"2.5": [99.48, -59.8, -172.92],
						"2.5333": [99.48, -59.8, -172.92],
						"2.5667": [99.48, -59.8, -172.92]
					},
					"position": {
						"0.0": [5.1, -17, 3],
						"0.0333": [5.03, -16.87, 2.45],
						"0.0667": [4.96, -16.74, 1.9],
						"0.1": [4.88, -16.61, 1.35],
						"0.1333": [4.81, -16.48, 0.79],
						"0.1667": [4.74, -16.35, 0.24],
						"0.2": [4.67, -16.22, -0.31],
						"0.2333": [4.6, -16.09, -0.86],
						"0.2667": [4.52, -15.97, -1.41],
						"0.3": [4.45, -15.84, -1.96],
						"0.3333": [4.38, -15.71, -2.51],
						"0.3667": [4.31, -15.58, -3.06],
						"0.4": [4.24, -15.45, -3.62],
						"0.4333": [4.16, -15.32, -4.17],
						"0.4667": [4.09, -15.19, -4.72],
						"0.5": [4.02, -15.06, -5.27],
						"0.5333": [4.02, -15.06, -5.27],
						"0.5667": [4.02, -15.06, -5.27],
						"0.6": [4.02, -15.06, -5.27],
						"0.6333": [4.02, -15.06, -5.27],
						"0.6667": [4.02, -15.06, -5.27],
						"0.7": [4.02, -15.06, -5.27],
						"0.7333": [4.02, -15.06, -5.27],
						"0.7667": [4.02, -15.06, -5.27],
						"0.8": [4.02, -15.06, -5.27],
						"0.8333": [4.02, -15.06, -5.27],
						"0.8667": [4.02, -15.06, -5.27],
						"0.9": [4.02, -15.06, -5.27],
						"0.9333": [4.02, -15.06, -5.27],
						"0.9667": [4.02, -15.06, -5.27],
						"1.0": [4.02, -15.06, -5.27],
						"1.0333": [4.02, -15.06, -5.27],
						"1.0667": [4.02, -15.06, -5.27],
						"1.1": [4.02, -15.06, -5.27],
						"1.1333": [4.02, -15.06, -5.27],
						"1.1667": [4.02, -15.06, -5.27],
						"1.2": [4.02, -15.06, -5.27],
						"1.2333": [4.02, -15.06, -5.27],
						"1.2667": [4.02, -15.06, -5.27],
						"1.3": [4.02, -15.06, -5.27],
						"1.3333": [4.14, -15.14, -6.61],
						"1.3667": [4.27, -15.21, -7.95],
						"1.4": [4.39, -15.29, -9.29],
						"1.4333": [4.52, -15.36, -10.63],
						"1.4667": [4.64, -15.44, -11.97],
						"1.5": [4.64, -15.44, -11.97],
						"1.5333": [4.64, -15.44, -11.97],
						"1.5667": [4.64, -15.44, -11.97],
						"1.6": [4.64, -15.44, -11.97],
						"1.6333": [4.64, -15.44, -11.97],
						"1.6667": [4.64, -15.44, -11.97],
						"1.7": [4.64, -15.44, -11.97],
						"1.7333": [4.64, -15.44, -11.97],
						"1.7667": [4.64, -15.44, -11.97],
						"1.8": [4.64, -15.44, -11.97],
						"1.8333": [4.64, -15.44, -11.97],
						"1.8667": [4.64, -15.44, -11.97],
						"1.9": [4.64, -15.44, -11.97],
						"1.9333": [4.64, -15.44, -11.97],
						"1.9667": [4.64, -15.44, -11.97],
						"2.0": [4.64, -15.44, -11.97],
						"2.0333": [4.64, -15.44, -11.97],
						"2.0667": [4.64, -15.44, -11.97],
						"2.1": [4.64, -15.44, -11.97],
						"2.1333": [6.22, -16.69, -9.88],
						"2.1667": [7.79, -17.94, -7.79],
						"2.2": [9.37, -19.19, -5.7],
						"2.2333": [10.03, -19.52, -1.38],
						"2.2667": [10.68, -19.86, 2.93],
						"2.3": [11.34, -20.19, 7.24],
						"2.3333": [10.36, -19.7, 6.38],
						"2.3667": [9.38, -19.21, 5.52],
						"2.4": [8.4, -18.72, 4.66],
						"2.4333": [7.42, -18.22, 3.79],
						"2.4667": [6.43, -17.73, 2.93],
						"2.5": [5.99, -17.49, 2.95],
						"2.5333": [5.54, -17.24, 2.98],
						"2.5667": [5.1, -17, 3]
					},
					"scale": [1, 1.5, 1]
				},
				"righthand": {
					"rotation": {
						"0.0": [94.35, 18.68, -173.87],
						"0.0333": [94.35, 18.68, -173.87],
						"0.0667": [94.35, 18.68, -173.87],
						"0.1": [94.35, 18.68, -173.87],
						"0.1333": [94.35, 18.68, -173.87],
						"0.1667": [94.35, 18.68, -173.87],
						"0.2": [94.35, 18.68, -173.87],
						"0.2333": [94.35, 18.68, -173.87],
						"0.2667": [94.35, 18.68, -173.87],
						"0.3": [94.35, 18.68, -173.87],
						"0.3333": [94.35, 18.68, -173.87],
						"0.3667": [94.35, 18.68, -173.87],
						"0.4": [94.35, 18.68, -173.87],
						"0.4333": [94.35, 18.68, -173.87],
						"0.4667": [94.35, 18.68, -173.87],
						"0.5": [94.35, 18.68, -173.87],
						"0.5333": [94.35, 18.68, -173.87],
						"0.5667": [94.35, 18.68, -173.87],
						"0.6": [94.35, 18.68, -173.87],
						"0.6333": [94.35, 18.68, -173.87],
						"0.6667": [94.35, 18.68, -173.87],
						"0.7": [94.35, 18.68, -173.87],
						"0.7333": [94.35, 18.68, -173.87],
						"0.7667": [94.35, 18.68, -173.87],
						"0.8": [94.35, 18.68, -173.87],
						"0.8333": [94.35, 18.68, -173.87],
						"0.8667": [94.35, 18.68, -173.87],
						"0.9": [94.35, 18.68, -173.87],
						"0.9333": [94.35, 18.68, -173.87],
						"0.9667": [94.35, 18.68, -173.87],
						"1.0": [94.35, 18.68, -173.87],
						"1.0333": [94.35, 18.68, -173.87],
						"1.0667": [94.35, 18.68, -173.87],
						"1.1": [94.35, 18.68, -173.87],
						"1.1333": [94.35, 18.68, -173.87],
						"1.1667": [94.35, 18.68, -173.87],
						"1.2": [94.35, 18.68, -173.87],
						"1.2333": [94.35, 18.68, -173.87],
						"1.2667": [94.35, 18.68, -173.87],
						"1.3": [94.35, 18.68, -173.87],
						"1.3333": [94.35, 18.68, -173.87],
						"1.3667": [94.35, 18.68, -173.87],
						"1.4": [94.35, 18.68, -173.87],
						"1.4333": [94.35, 18.68, -173.87],
						"1.4667": [94.35, 18.68, -173.87],
						"1.5": [94.35, 18.68, -173.87],
						"1.5333": [94.35, 18.68, -173.87],
						"1.5667": [94.35, 18.68, -173.87],
						"1.6": [94.35, 18.68, -173.87],
						"1.6333": [94.35, 18.68, -173.87],
						"1.6667": [94.35, 18.68, -173.87],
						"1.7": [94.35, 18.68, -173.87],
						"1.7333": [94.35, 18.68, -173.87],
						"1.7667": [94.35, 18.68, -173.87],
						"1.8": [94.35, 18.68, -173.87],
						"1.8333": [94.35, 18.68, -173.87],
						"1.8667": [94.35, 18.68, -173.87],
						"1.9": [94.35, 18.68, -173.87],
						"1.9333": [94.35, 18.68, -173.87],
						"1.9667": [94.35, 18.68, -173.87],
						"2.0": [94.35, 18.68, -173.87],
						"2.0333": [94.35, 18.68, -173.87],
						"2.0667": [94.35, 18.68, -173.87],
						"2.1": [94.35, 18.68, -173.87],
						"2.1333": [94.39, 18.77, -176.19],
						"2.1667": [94.44, 18.87, -178.52],
						"2.2": [94.48, 18.96, -180.84],
						"2.2333": [94.53, 19.06, -183.17],
						"2.2667": [94.57, 19.15, -185.49],
						"2.3": [94.57, 19.15, -185.49],
						"2.3333": [94.57, 19.15, -185.49],
						"2.3667": [94.57, 19.15, -185.49],
						"2.4": [94.57, 19.15, -185.49],
						"2.4333": [94.57, 19.15, -185.49],
						"2.4667": [94.57, 19.15, -185.49],
						"2.5": [94.57, 19.15, -185.49],
						"2.5333": [94.57, 19.15, -185.49],
						"2.5667": [94.57, 19.15, -185.49],
						"2.6": [94.35, 18.68, -173.87]
					},
					"position": {
						"0.0": [-6.8, -17, -2],
						"0.0333": [-6.8, -17, -2],
						"0.0667": [-6.8, -17, -2],
						"0.1": [-6.8, -17, -2],
						"0.1333": [-6.8, -17, -2],
						"0.1667": [-6.8, -17, -2],
						"0.2": [-6.8, -17, -2],
						"0.2333": [-6.8, -17, -2],
						"0.2667": [-6.8, -17, -2],
						"0.3": [-6.8, -17, -2],
						"0.3333": [-6.8, -17, -2],
						"0.3667": [-6.8, -17, -2],
						"0.4": [-6.8, -17, -2],
						"0.4333": [-6.8, -17, -2],
						"0.4667": [-6.8, -17, -2],
						"0.5": [-6.8, -17, -2],
						"0.5333": [-6.8, -17, -2],
						"0.5667": [-6.8, -17, -2],
						"0.6": [-6.8, -17, -2],
						"0.6333": [-6.8, -17, -2],
						"0.6667": [-6.8, -17, -2],
						"0.7": [-6.8, -17, -2],
						"0.7333": [-6.8, -17, -2],
						"0.7667": [-6.8, -17, -2],
						"0.8": [-6.8, -17, -2],
						"0.8333": [-6.8, -17, -2],
						"0.8667": [-6.8, -17, -2],
						"0.9": [-6.8, -17, -2],
						"0.9333": [-6.8, -17, -2],
						"0.9667": [-6.8, -17, -2],
						"1.0": [-6.8, -17, -2],
						"1.0333": [-6.8, -17, -2],
						"1.0667": [-6.8, -17, -2],
						"1.1": [-6.8, -17, -2],
						"1.1333": [-6.8, -17, -2],
						"1.1667": [-6.8, -17, -2],
						"1.2": [-6.8, -17, -2],
						"1.2333": [-6.8, -17, -2],
						"1.2667": [-6.8, -17, -2],
						"1.3": [-6.8, -17, -2],
						"1.3333": [-6.8, -17, -2],
						"1.3667": [-6.8, -17, -2],
						"1.4": [-6.8, -17, -2],
						"1.4333": [-6.8, -17, -2],
						"1.4667": [-6.8, -17, -2],
						"1.5": [-6.8, -17, -2],
						"1.5333": [-6.8, -17, -2],
						"1.5667": [-6.8, -17, -2],
						"1.6": [-6.8, -17, -2],
						"1.6333": [-6.8, -17, -2],
						"1.6667": [-6.8, -17, -2],
						"1.7": [-6.8, -17, -2],
						"1.7333": [-6.8, -17, -2],
						"1.7667": [-6.8, -17, -2],
						"1.8": [-6.8, -17, -2],
						"1.8333": [-6.8, -17, -2],
						"1.8667": [-6.8, -17, -2],
						"1.9": [-6.8, -17, -2],
						"1.9333": [-6.8, -17, -2],
						"1.9667": [-6.8, -17, -2],
						"2.0": [-6.8, -17, -2],
						"2.0333": [-6.8, -17, -2],
						"2.0667": [-6.8, -17, -2],
						"2.1": [-6.8, -17, -2],
						"2.1333": [-6.84, -16.96, -1.86],
						"2.1667": [-6.87, -16.93, -1.72],
						"2.2": [-6.91, -16.89, -1.58],
						"2.2333": [-6.95, -16.85, -1.43],
						"2.2667": [-6.99, -16.81, -1.29],
						"2.3": [-6.99, -16.81, -1.29],
						"2.3333": [-6.99, -16.81, -1.29],
						"2.3667": [-6.99, -16.81, -1.29],
						"2.4": [-6.99, -16.81, -1.29],
						"2.4333": [-6.99, -16.81, -1.29],
						"2.4667": [-6.99, -16.81, -1.29],
						"2.5": [-6.99, -16.81, -1.29],
						"2.5333": [-6.99, -16.81, -1.29],
						"2.5667": [-6.99, -16.81, -1.29],
						"2.6": [-6.8, -17, -2]
					},
					"scale": [1, 1.5, 1]
				},
				"camera": {
					"rotation": {
						"0.0": [0, 0, 0],
						"0.0333": [-0.07, 0.06, -0.21],
						"0.0667": [-0.16, 0.14, -0.51],
						"0.1": [-0.28, 0.23, -0.87],
						"0.1333": [-0.4, 0.33, -1.25],
						"0.1667": [-0.52, 0.44, -1.64],
						"0.2": [-0.64, 0.54, -2.01],
						"0.2333": [-0.73, 0.63, -2.32],
						"0.2667": [-0.8, 0.71, -2.56],
						"0.3": [-0.87, 0.9, -2.88],
						"0.3333": [-0.86, 1.05, -2.97],
						"0.3667": [-0.84, 1.14, -2.97],
						"0.4": [-0.83, 1.16, -2.95],
						"0.4333": [-0.81, 1.16, -2.89],
						"0.4667": [-0.79, 1.14, -2.82],
						"0.5": [-0.77, 1.12, -2.73],
						"0.5333": [-0.78, 1.1, -2.65],
						"0.5667": [-0.81, 1.08, -2.58],
						"0.6": [-0.9, 1.08, -2.54],
						"0.6333": [-1.02, 1.08, -2.53],
						"0.6667": [-1.17, 1.08, -2.52],
						"0.7": [-1.31, 1.08, -2.49],
						"0.7333": [-1.43, 1.07, -2.42],
						"0.7667": [-1.51, 1.04, -2.29],
						"0.8": [-1.53, 1, -2.05],
						"0.8333": [-1.51, 0.93, -1.73],
						"0.8667": [-1.47, 0.86, -1.36],
						"0.9": [-1.42, 0.79, -1],
						"0.9333": [-1.38, 0.72, -0.69],
						"0.9667": [-1.36, 0.68, -0.47],
						"1.0": [-1.37, 0.66, -0.37],
						"1.0333": [-1.38, 0.65, -0.3],
						"1.0667": [-1.41, 0.64, -0.28],
						"1.1": [-1.44, 0.64, -0.29],
						"1.1333": [-1.47, 0.65, -0.33],
						"1.1667": [-1.49, 0.65, -0.4],
						"1.2": [-1.52, 0.65, -0.49],
						"1.2333": [-1.61, 0.64, -1.34],
						"1.2667": [-1.65, 0.63, -1.97],
						"1.3": [-1.59, 0.65, -1.61],
						"1.3333": [-1.48, 0.67, -0.91],
						"1.3667": [-1.41, 0.68, -0.35],
						"1.4": [-1.39, 0.68, -0.21],
						"1.4333": [-1.39, 0.68, -0.1],
						"1.4667": [-1.39, 0.67, -0.01],
						"1.5": [-1.4, 0.66, 0.05],
						"1.5333": [-1.41, 0.66, 0.08],
						"1.5667": [-1.44, 0.65, 0.07],
						"1.6": [-1.47, 0.64, 0.03],
						"1.6333": [-1.53, 0.63, -0.17],
						"1.6667": [-1.61, 0.61, -0.51],
						"1.7": [-1.71, 0.6, -0.87],
						"1.7333": [-1.82, 0.59, -1.15],
						"1.7667": [-1.95, 0.6, -1.24],
						"1.8": [-2.27, 0.67, -0.79],
						"1.8333": [-2.64, 0.77, 0],
						"1.8667": [-2.88, 0.85, 0.53],
						"1.9": [-2.67, 0.87, 0],
						"1.9333": [-2.65, 0.85, -0.09],
						"1.9667": [-2.64, 0.84, 0.05],
						"2.0": [-2.58, 0.85, 1.39],
						"2.0333": [-2.61, 0.69, -0.23],
						"2.0667": [-2.6, 0.73, -0.22],
						"2.1": [-2.57, 0.81, -0.1],
						"2.1333": [-2.54, 0.9, 0.08],
						"2.1667": [-2.51, 1.01, 0.29],
						"2.2": [-2.47, 1.1, 0.5],
						"2.2333": [-2.44, 1.19, 0.67],
						"2.2667": [-2.4, 1.25, 0.77],
						"2.3": [-2.35, 1.28, 0.8],
						"2.3333": [-2.3, 1.3, 0.77],
						"2.3667": [-2.24, 1.3, 0.72],
						"2.4": [-2.19, 1.3, 0.65],
						"2.4333": [-2.14, 1.3, 0.59],
						"2.4667": [-2.1, 1.3, 0.56],
						"2.5": [-2.07, 1.31, 0.57],
						"2.5333": [-2.11, 1.39, 0.87],
						"2.5667": [-2.2, 1.49, 1.29],
						"2.6": [-2.22, 1.51, 1.46],
						"2.6333": [-2.09, 1.39, 1.1],
						"2.6667": [-1.9, 1.19, 0.5],
						"2.7": [-1.74, 1.04, 0.12],
						"2.7333": [-1.74, 1.01, 0.26],
						"2.7667": [-1.78, 1.03, 0.63],
						"2.8": [-1.63, 0.96, 0.8],
						"2.8333": [-1.52, 0.91, 0.76],
						"2.8667": [-1.37, 0.85, 0.69],
						"2.9": [-1.19, 0.78, 0.59],
						"2.9333": [-0.99, 0.69, 0.47],
						"2.9667": [-0.78, 0.61, 0.34],
						"3.0": [-0.57, 0.52, 0.2],
						"3.0333": [-0.37, 0.43, 0.07],
						"3.0667": [-0.18, 0.35, -0.05],
						"3.1": [-0.01, 0.28, -0.15],
						"3.1333": [0.12, 0.21, -0.22],
						"3.1667": [0.21, 0.16, -0.26],
						"3.2": [0.23, 0.05, -0.13],
						"3.2333": [0.01, 0.02, 0.19],
						"3.2667": [-0.15, 0, 0.38],
						"3.3": [-0.11, -0.01, 0.24],
						"3.3333": [0, -0.01, -0.02],
						"3.3667": [0.08, 0, -0.2],
						"3.4": [0.08, 0, -0.2],
						"3.4333": [0.05, 0, -0.14],
						"3.4667": [0.02, 0, -0.05],
						"3.5": [0, 0, 0]
					}
				}
			},
			"sound_effects": {
				"0.0": {
					"effect": "p30_la_rpapa7_reload_hip_raise"
				},
				"1.0667": {
					"effect": "p30_la_rpapa7_reload_hip_magin"
				},
				"1.5333": {
					"effect": "p30_la_rpapa7_reload_hip_magin2"
				},
				"1.8": {
					"effect": "p30_la_rpapa7_reload_hip_magin3"
				},
				"2.0333": {
					"effect": "p30_la_rpapa7_reload_hip_end"
				},
				"2.4667": {
					"effect": "p30_la_rpapa7_reload_hip_safetyclick"
				}
			}
		},
		"put_away": {
			"animation_length": 0.7333,
			"bones": {
				"root": {
					"rotation": {
						"0.0": [0, 0, 0],
						"0.0333": [-2.03, 0, 0],
						"0.0667": [-4.54, 0, 0],
						"0.1": [-7.48, 0, 0],
						"0.1333": [-10.79, 0, 0],
						"0.1667": [-14.42, 0, 0],
						"0.2": [-18.32, 0, 0],
						"0.2333": [-22.43, 0, 0],
						"0.2667": [-26.7, 0, 0],
						"0.3": [-31.07, 0, 0],
						"0.3333": [-35.5, 0, 0],
						"0.3667": [-39.93, 0, 0],
						"0.4": [-44.3, 0, 0],
						"0.4333": [-48.57, 0, 0],
						"0.4667": [-52.68, 0, 0],
						"0.5": [-56.58, 0, 0],
						"0.5333": [-60.21, 0, 0],
						"0.5667": [-63.52, 0, 0],
						"0.6": [-66.46, 0, 0],
						"0.6333": [-68.97, 0, 0],
						"0.6667": [-71, 0, 0]
					},
					"position": {
						"0.0": [0, 0, 0],
						"0.0333": [-0.03, 0.01, 0.08],
						"0.0667": [-0.06, -0.02, 0.17],
						"0.1": [-0.1, -0.06, 0.27],
						"0.1333": [-0.15, -0.04, 0.41],
						"0.1667": [-0.21, 0.07, 0.61],
						"0.2": [-0.28, 0.34, 0.89],
						"0.2333": [-0.38, 0.81, 1.28],
						"0.2667": [-0.45, 1.22, 1.57],
						"0.3": [-0.53, 1.76, 1.92],
						"0.3333": [-0.63, 2.39, 2.31],
						"0.3667": [-0.73, 3.1, 2.74],
						"0.4": [-0.83, 3.86, 3.2],
						"0.4333": [-0.94, 4.63, 3.67],
						"0.4667": [-1.05, 5.4, 4.14],
						"0.5": [-1.15, 6.14, 4.61],
						"0.5333": [-1.26, 6.81, 5.06],
						"0.5667": [-1.35, 7.4, 5.48],
						"0.6": [-1.43, 7.88, 5.87],
						"0.6333": [-1.5, 8.22, 6.21],
						"0.6667": [-1.58, 8.48, 6.66],
						"0.7": [-1.65, 8.51, 7.08],
						"0.7333": [-1.71, 8.38, 7.46]
					}
				},
				"lefthand": {
					"rotation": [99.48, -59.8, -172.92],
					"position": [5.1, -17, 3],
					"scale": [1, 1.5, 1]
				},
				"righthand": {
					"rotation": [94.35, 18.68, -173.87],
					"position": [-6.8, -17, -2],
					"scale": [1, 1.5, 1]
				},
				"camera": {
					"rotation": {
						"0.0": [0, 0, 0],
						"0.0333": [0.19, -0.01, -0.02],
						"0.0667": [0.47, -0.02, -0.07],
						"0.1": [0.78, -0.04, -0.1],
						"0.1333": [1.03, -0.06, -0.11],
						"0.1667": [1.15, -0.1, -0.07],
						"0.2": [1.14, -0.14, -0.01],
						"0.2333": [1.06, -0.18, 0.08],
						"0.2667": [0.93, -0.23, 0.2],
						"0.3": [0.78, -0.28, 0.32],
						"0.3333": [0.62, -0.33, 0.46],
						"0.3667": [0.47, -0.39, 0.59],
						"0.4": [0.34, -0.44, 0.73],
						"0.4333": [0.28, -0.45, 0.76],
						"0.4667": [0.22, -0.46, 0.76],
						"0.5": [0.17, -0.42, 0.7],
						"0.5333": [0.14, -0.38, 0.62],
						"0.5667": [0.11, -0.32, 0.52],
						"0.6": [0.08, -0.25, 0.41],
						"0.6333": [0.06, -0.17, 0.28],
						"0.6667": [0.03, -0.1, 0.17],
						"0.7": [0.01, -0.04, 0.07],
						"0.7333": [0, 0, 0]
					}
				}
			},
			"sound_effects": {
				"0.1667": {
					"effect": "p30_la_rpapa7_drop_hip_rattle"
				}
			}
		},
		"draw": {
			"animation_length": 1.4,
			"bones": {
				"root": {
					"rotation": {
						"0.0": [-91.18, 3.42, -1.14],
						"0.0333": [-88.13, 4.53, -0.86],
						"0.0667": [-83.58, 6.01, -0.43],
						"0.1": [-77.61, 6.78, 0.19],
						"0.1333": [-73.76, 6.63, 0.62],
						"0.1667": [-69.14, 6.21, 1.15],
						"0.2": [-64.17, 5.61, 1.72],
						"0.2333": [-59.26, 4.93, 2.29],
						"0.2667": [-54.83, 4.26, 2.79],
						"0.3": [-51.3, 3.7, 3.17],
						"0.3333": [-48.73, 3.15, 3.49],
						"0.3667": [-47.48, 2.64, 3.74],
						"0.4": [-46.61, 2.14, 3.89],
						"0.4333": [-45.17, 1.61, 3.9],
						"0.4667": [-42.22, 1.01, 3.77],
						"0.5": [-38.71, 0.5, 3.51],
						"0.5333": [-34.19, -0.1, 3.08],
						"0.5667": [-29.07, -0.73, 2.56],
						"0.6": [-23.79, -1.36, 2.02],
						"0.6333": [-18.76, -1.92, 1.53],
						"0.6667": [-14.4, -2.39, 1.15],
						"0.7": [-11.12, -2.7, 0.97],
						"0.7333": [-7.39, -2.89, 1.43],
						"0.7667": [-6.54, -2.59, 2.41],
						"0.8": [-5.94, -2.14, 2.91],
						"0.8333": [-5.21, -1.79, 2.66],
						"0.8667": [-4.6, -1.33, 2.11],
						"0.9": [-4.06, -0.84, 1.46],
						"0.9333": [-3.54, -0.4, 0.87],
						"0.9667": [-2.98, -0.11, 0.54],
						"1.0": [-2.18, 0.01, 0.63],
						"1.0333": [-1.33, -0.03, 1.03],
						"1.0667": [-0.57, -0.14, 1.43],
						"1.1": [-0.01, -0.2, 1.53],
						"1.1333": [0.36, -0.16, 0.41],
						"1.1667": [0.36, -0.1, -0.74],
						"1.2": [0.38, -0.07, -0.69],
						"1.2333": [0.35, -0.03, -0.3],
						"1.2667": [0.3, -0.01, 0],
						"1.3": [0.24, 0, 0.05],
						"1.3333": [0.15, 0, 0.05],
						"1.3667": [0.06, 0, 0.02],
						"1.4": [0, 0, 0]
					},
					"position": {
						"0.0": [-2.6, -12.3, 19.5],
						"0.0333": [-2.89, -9.74, 18.55],
						"0.0667": [-3.26, -6.19, 17.12],
						"0.1": [-3.4, -3.38, 15.14],
						"0.1333": [-3.32, -2.69, 14.01],
						"0.1667": [-3.17, -2.19, 12.63],
						"0.2": [-2.97, -1.83, 11.12],
						"0.2333": [-2.74, -1.59, 9.58],
						"0.2667": [-2.5, -1.41, 8.11],
						"0.3": [-2.28, -1.26, 6.81],
						"0.3333": [-2.1, -1.1, 5.8],
						"0.3667": [-1.9, -0.89, 4.87],
						"0.4": [-1.71, -0.77, 4.34],
						"0.4333": [-1.55, -0.73, 4.02],
						"0.4667": [-1.39, -0.75, 3.76],
						"0.5": [-1.23, -0.81, 3.38],
						"0.5333": [-1.09, -0.93, 2.94],
						"0.5667": [-0.95, -1.13, 2.47],
						"0.6": [-0.82, -1.36, 2],
						"0.6333": [-0.7, -1.6, 1.56],
						"0.6667": [-0.59, -1.8, 1.18],
						"0.7": [-0.5, -1.92, 0.9],
						"0.7333": [-0.41, -2.01, 0.66],
						"0.7667": [-0.39, -1.95, 0.66],
						"0.8": [-0.35, -1.73, 0.69],
						"0.8333": [-0.29, -1.47, 0.68],
						"0.8667": [-0.21, -1.11, 0.69],
						"0.9": [-0.13, -0.72, 0.7],
						"0.9333": [-0.05, -0.37, 0.69],
						"0.9667": [0, -0.12, 0.65],
						"1.0": [0.03, 0, 0.53],
						"1.0333": [0.04, 0, 0.36],
						"1.0667": [0.03, -0.05, 0.2],
						"1.1": [0.03, -0.07, 0.08],
						"1.1333": [0.02, -0.06, 0.02],
						"1.1667": [0.01, -0.03, 0],
						"1.2": [0.01, -0.01, 0],
						"1.2333": [0, 0, 0],
						"1.2667": [0, 0, 0],
						"1.3": [0, 0.01, -0.01],
						"1.3333": [0, 0, 0],
						"1.3667": [0, 0, 0],
						"1.4": [0, 0, 0]
					}
				},
				"lefthand": {
					"rotation": {
						"0.4": [55.13, -21.08, -84.71],
						"0.4333": [57.66, -23.29, -89.75],
						"0.4667": [61.09, -26.29, -96.57],
						"0.5": [65.22, -29.9, -104.79],
						"0.5333": [69.86, -33.94, -114],
						"0.5667": [74.79, -38.24, -123.81],
						"0.6": [79.82, -42.64, -133.82],
						"0.6333": [84.75, -46.94, -143.63],
						"0.6667": [89.39, -50.98, -152.84],
						"0.7": [93.52, -54.59, -161.06],
						"0.7333": [96.95, -57.59, -167.88],
						"0.7667": [99.48, -59.8, -172.92]
					},
					"position": {
						"0.4": [6.4, -16.1, -6.3],
						"0.4333": [6.66, -16.35, -5.71],
						"0.4667": [7.07, -16.74, -4.87],
						"0.5": [7.53, -17.17, -3.89],
						"0.5333": [7.94, -17.6, -2.86],
						"0.5667": [8.22, -17.93, -1.86],
						"0.6": [8.26, -18.11, -0.99],
						"0.6333": [7.9, -18.07, -0.04],
						"0.6667": [7.21, -17.84, 0.89],
						"0.7": [6.38, -17.51, 1.75],
						"0.7333": [5.61, -17.2, 2.48],
						"0.7667": [5.1, -17, 3]
					},
					"scale": [1, 1.5, 1]
				},
				"righthand": {
					"rotation": {
						"0.0": [94.35, 18.68, -173.87],
						"0.0333": [94.35, 18.68, -173.87],
						"0.0667": [94.35, 18.68, -173.87],
						"0.1": [94.35, 18.68, -173.87],
						"0.1333": [94.35, 18.68, -173.87],
						"0.1667": [94.35, 18.68, -173.87],
						"0.2": [94.35, 18.68, -173.87],
						"0.2333": [94.35, 18.68, -173.87],
						"0.2667": [94.35, 18.68, -173.87],
						"0.3": [94.35, 18.68, -173.87]
					},
					"position": {
						"0.0": [-10.4, -17, 7.2],
						"0.0333": [-10, -17, 6.18],
						"0.0667": [-9.6, -17, 5.16],
						"0.1": [-9.2, -17, 4.13],
						"0.1333": [-8.8, -17, 3.11],
						"0.1667": [-8.4, -17, 2.09],
						"0.2": [-8, -17, 1.07],
						"0.2333": [-7.6, -17, 0.04],
						"0.2667": [-7.2, -17, -0.98],
						"0.3": [-6.8, -17, -2]
					},
					"scale": [1, 1.5, 1]
				},
				"camera": {
					"rotation": {
						"0.0": [0, 0, 0],
						"0.0333": [0.01, -0.01, 0.03],
						"0.0667": [0.02, -0.02, 0.05],
						"0.1": [0.04, -0.04, 0.1],
						"0.1333": [0.11, -0.08, 0.2],
						"0.1667": [0.24, -0.14, 0.38],
						"0.2": [0.44, -0.23, 0.64],
						"0.2333": [0.72, -0.36, 1.01],
						"0.2667": [1.04, -0.51, 1.42],
						"0.3": [1.35, -0.64, 1.81],
						"0.3333": [1.6, -0.76, 2.1],
						"0.3667": [1.75, -0.82, 2.23],
						"0.4": [1.78, -0.83, 2.17],
						"0.4333": [1.75, -0.8, 1.99],
						"0.4667": [1.67, -0.75, 1.73],
						"0.5": [1.56, -0.69, 1.43],
						"0.5333": [1.44, -0.63, 1.12],
						"0.5667": [1.34, -0.56, 0.86],
						"0.6": [1.27, -0.52, 0.68],
						"0.6333": [1.22, -0.47, 0.55],
						"0.6667": [1.21, -0.43, 0.51],
						"0.7": [1.19, -0.39, 0.5],
						"0.7333": [1.16, -0.34, 0.48],
						"0.7667": [1.08, -0.28, 0.41],
						"0.8": [0.88, -0.18, 0.18],
						"0.8333": [0.61, -0.06, -0.13],
						"0.8667": [0.35, 0.05, -0.4],
						"0.9": [0.14, 0.12, -0.51],
						"0.9333": [0.05, 0.12, -0.44],
						"0.9667": [-0.02, 0.11, -0.28],
						"1.0": [-0.07, 0.08, -0.06],
						"1.0333": [-0.1, 0.05, 0.16],
						"1.0667": [-0.12, 0.02, 0.34],
						"1.1": [-0.12, 0, 0.43],
						"1.1333": [-0.07, -0.01, 0.3],
						"1.1667": [0.03, 0, 0.01],
						"1.2": [0.1, 0, -0.2],
						"1.2333": [0.1, 0, -0.2],
						"1.2667": [0.06, 0, -0.14],
						"1.3": [0.03, 0, -0.06],
						"1.3333": [0, 0, 0]
					}
				}
			},
			"sound_effects": {
				"0.3333": {
					"effect": "rpg7_reload_lower"
				}
			}
		},
		"static_bolt_caught": {
			"animation_length": 0.0333,
			"bones": {
				"root": {
					"rotation": [0, 0, 0],
					"position": [0, 0, 0]
				},
				"rocket": {
					"scale": {
						"0.0": [0, 0, 0],
						"0.0333": [0, 0, 0]
					}
				},
				"camera": {
					"rotation": [0, 0, 0]
				}
			},
			"sound_effects": {
				"0.0": {
					"effect": "rpg7_reload_lower"
				}
			}
		},
		"static_idle": {
			"loop": true,
			"bones": {
				"root": {
					"rotation": [0, 0, 0],
					"position": [0, 0, 0]
				},
				"lefthand": {
					"rotation": [99.48341, -59.79713, -172.92002],
					"position": [5.1, -17, 3],
					"scale": [1, 1.5, 1]
				},
				"righthand": {
					"rotation": [94.35, 18.68, -173.87],
					"position": [-6.8, -17, -2],
					"scale": [1, 1.5, 1]
				},
				"constraint": {
					"rotation": [0.2, 0.2, 0.2],
					"position": [0.2, 0.2, 0.2]
				},
				"camera": {
					"rotation": [0, 0, 0]
				}
			},
			"sound_effects": {
				"0.0": {
					"effect": "rpg7_reload_lower"
				}
			}
		},
		"inspect_empty": {
			"animation_length": 5.8667,
			"bones": {
				"root": {
					"rotation": {
						"0.0": [0, 0, 0],
						"0.0333": [0.54, -0.47, 0.14],
						"0.0667": [1.38, -1.07, 0.37],
						"0.1": [2.25, -1.86, 0.59],
						"0.1333": [2.89, -2.96, 0.7],
						"0.1667": [3.05, -4.43, 0.61],
						"0.2": [2.22, -6.76, 0.96],
						"0.2333": [0.66, -9.55, 1.59],
						"0.2667": [-0.91, -12.93, 1.02],
						"0.3": [-1.74, -16.97, -2.22],
						"0.3333": [-1.7, -19.17, -5.12],
						"0.3667": [-1.43, -21.74, -9.1],
						"0.4": [-0.99, -24.56, -13.83],
						"0.4333": [-0.46, -27.51, -18.99],
						"0.4667": [0.1, -30.46, -24.25],
						"0.5": [0.62, -33.28, -29.31],
						"0.5333": [1.04, -35.87, -33.83],
						"0.5667": [1.29, -38.08, -37.5],
						"0.6": [1.3, -39.79, -39.99],
						"0.6333": [0.65, -41.68, -41.55],
						"0.6667": [-0.59, -42.49, -40.56],
						"0.7": [-2.04, -42.64, -38.26],
						"0.7333": [-3.33, -42.55, -35.84],
						"0.7667": [-4.07, -42.64, -34.55],
						"0.8": [-4.05, -42.91, -34.67],
						"0.8333": [-3.42, -42.99, -35.46],
						"0.8667": [-2.66, -42.98, -36.33],
						"0.9": [-2.23, -42.96, -36.72],
						"0.9333": [-2.25, -42.94, -36.54],
						"0.9667": [-2.39, -42.89, -36.11],
						"1.0": [-2.61, -42.83, -35.55],
						"1.0333": [-2.87, -42.76, -34.97],
						"1.0667": [-3.12, -42.69, -34.49],
						"1.1": [-3.31, -42.65, -34.21],
						"1.1333": [-3.34, -42.65, -34.19],
						"1.1667": [-3.38, -42.64, -34.19],
						"1.2": [-3.41, -42.64, -34.21],
						"1.2333": [-3.44, -42.64, -34.25],
						"1.2667": [-3.47, -42.63, -34.3],
						"1.3": [-3.49, -42.63, -34.37],
						"1.3333": [-3.52, -42.63, -34.45],
						"1.3667": [-3.54, -42.63, -34.53],
						"1.4": [-3.57, -42.64, -34.62],
						"1.4333": [-3.59, -42.64, -34.72],
						"1.4667": [-3.62, -42.64, -34.81],
						"1.5": [-3.64, -42.64, -34.91],
						"1.5333": [-3.66, -42.64, -35],
						"1.5667": [-3.69, -42.65, -35.08],
						"1.6": [-3.71, -42.65, -35.15],
						"1.6333": [-3.74, -42.65, -35.21],
						"1.6667": [-3.76, -42.65, -35.25],
						"1.7": [-3.79, -42.65, -35.28],
						"1.7333": [-3.82, -42.65, -35.29],
						"1.7667": [-3.85, -42.65, -35.27],
						"1.8": [-3.88, -42.65, -35.23],
						"1.8333": [-3.91, -42.65, -35.17],
						"1.8667": [-3.95, -42.65, -35.07],
						"1.9": [-4.11, -42.65, -34.51],
						"1.9333": [-4.33, -42.66, -33.67],
						"1.9667": [-4.56, -42.67, -32.64],
						"2.0": [-4.78, -42.67, -31.55],
						"2.0333": [-4.95, -42.65, -30.5],
						"2.0667": [-5.05, -42.6, -29.62],
						"2.1": [-5.03, -42.51, -29.01],
						"2.1333": [-4.87, -42.5, -29],
						"2.1667": [-4.57, -42.61, -29.53],
						"2.2": [-4.18, -42.77, -30.34],
						"2.2333": [-3.75, -42.87, -31.15],
						"2.2667": [-3.35, -42.83, -31.69],
						"2.3": [-3.01, -42.57, -31.7],
						"2.3333": [-2.78, -41.99, -30.9],
						"2.3667": [-2.73, -41, -29.02],
						"2.4": [-2.73, -39.58, -26.06],
						"2.4333": [-2.67, -37.77, -22.26],
						"2.4667": [-2.64, -35.66, -17.76],
						"2.5": [-2.73, -33.31, -12.67],
						"2.5333": [-3, -30.81, -7.12],
						"2.5667": [-3.56, -28.23, -1.21],
						"2.6": [-4.47, -25.64, 4.91],
						"2.6333": [-5.82, -23.11, 11.14],
						"2.6667": [-7.59, -20.75, 17.25],
						"2.7": [-9.94, -18.13, 24.27],
						"2.7333": [-12.69, -15.36, 31.86],
						"2.7667": [-15.69, -12.54, 39.7],
						"2.8": [-18.75, -9.78, 47.44],
						"2.8333": [-21.72, -7.19, 54.76],
						"2.8667": [-24.41, -4.87, 61.31],
						"2.9": [-26.66, -2.94, 66.78],
						"2.9333": [-28.3, -1.49, 70.81],
						"2.9667": [-29.53, -0.41, 73.78],
						"3.0": [-30.05, -0.06, 74.78],
						"3.0333": [-30.06, -0.22, 74.35],
						"3.0667": [-29.75, -0.7, 73.01],
						"3.1": [-29.32, -1.31, 71.31],
						"3.1333": [-28.94, -1.82, 69.78],
						"3.1667": [-28.83, -2.05, 68.95],
						"3.2": [-28.95, -2.06, 68.44],
						"3.2333": [-29.07, -2.03, 67.82],
						"3.2667": [-29.19, -1.97, 67.22],
						"3.3": [-29.31, -1.88, 66.77],
						"3.3333": [-29.41, -1.74, 66.6],
						"3.3667": [-29.53, -1.33, 67.15],
						"3.4": [-29.61, -0.82, 68.24],
						"3.4333": [-29.69, -0.51, 69.06],
						"3.4667": [-29.76, -0.56, 69.21],
						"3.5": [-29.82, -0.78, 69.15],
						"3.5333": [-29.87, -1.02, 69.07],
						"3.5667": [-29.91, -1.13, 69.18],
						"3.6": [-29.92, -1.12, 69.29],
						"3.6333": [-29.93, -1.08, 69.45],
						"3.6667": [-29.94, -1.02, 69.64],
						"3.7": [-29.95, -0.95, 69.85],
						"3.7333": [-29.96, -0.87, 70.07],
						"3.7667": [-29.97, -0.78, 70.3],
						"3.8": [-29.97, -0.7, 70.51],
						"3.8333": [-29.97, -0.63, 70.72],
						"3.8667": [-29.95, -0.57, 70.89],
						"3.9": [-29.93, -0.52, 71.03],
						"3.9333": [-29.91, -0.51, 71.12],
						"3.9667": [-29.89, -0.5, 71.18],
						"4.0": [-29.88, -0.5, 71.24],
						"4.0333": [-29.88, -0.49, 71.3],
						"4.0667": [-29.88, -0.49, 71.36],
						"4.1": [-29.88, -0.49, 71.42],
						"4.1333": [-29.87, -0.5, 71.46],
						"4.1667": [-29.86, -0.51, 71.49],
						"4.2": [-29.85, -0.53, 71.5],
						"4.2333": [-29.81, -0.56, 71.49],
						"4.2667": [-29.76, -0.61, 71.44],
						"4.3": [-29.7, -0.66, 71.37],
						"4.3333": [-29.61, -0.74, 71.26],
						"4.3667": [-29.49, -0.83, 71.1],
						"4.4": [-29.34, -0.93, 70.9],
						"4.4333": [-29.16, -1.06, 70.66],
						"4.4667": [-28.73, -1.38, 69.97],
						"4.5": [-28.23, -1.75, 69.12],
						"4.5333": [-27.66, -2.18, 68.12],
						"4.5667": [-26.97, -2.68, 66.97],
						"4.6": [-26.16, -3.25, 65.7],
						"4.6333": [-25.19, -3.9, 64.32],
						"4.6667": [-24.04, -4.64, 62.84],
						"4.7": [-22.42, -5.78, 61.15],
						"4.7333": [-20.54, -7.22, 59.5],
						"4.7667": [-18.45, -8.77, 57.68],
						"4.8": [-16.22, -10.22, 55.52],
						"4.8333": [-13.93, -11.39, 52.83],
						"4.8667": [-11.62, -12.05, 49.41],
						"4.9": [-9.97, -12.17, 46.5],
						"4.9333": [-8.15, -12.09, 42.99],
						"4.9667": [-6.21, -11.84, 39.06],
						"5.0": [-4.24, -11.46, 34.9],
						"5.0333": [-2.31, -10.98, 30.68],
						"5.0667": [-0.5, -10.45, 26.57],
						"5.1": [1.11, -9.89, 22.76],
						"5.1333": [2.46, -9.36, 19.43],
						"5.1667": [3.46, -8.87, 16.74],
						"5.2": [4.35, -7.99, 13.44],
						"5.2333": [4.39, -6.99, 11.46],
						"5.2667": [3.91, -5.95, 10.26],
						"5.3": [3.28, -4.95, 9.29],
						"5.3333": [2.85, -4.05, 8.01],
						"5.3667": [2.5, -3.05, 5.88],
						"5.4": [2.06, -2.11, 3.72],
						"5.4333": [1.62, -1.32, 1.86],
						"5.4667": [1.26, -0.73, 0.59],
						"5.5": [0.95, -0.36, 0.25],
						"5.5333": [0.73, -0.32, 0.78],
						"5.5667": [0.54, -0.32, 1.08],
						"5.6": [0.41, -0.29, 0.86],
						"5.6333": [0.29, -0.29, 0.5],
						"5.6667": [0.18, -0.29, 0.08],
						"5.7": [0.09, -0.29, -0.29],
						"5.7333": [0.02, -0.28, -0.5],
						"5.7667": [-0.02, -0.22, -0.51],
						"5.8": [-0.02, -0.13, -0.35],
						"5.8333": [-0.01, -0.05, -0.14],
						"5.8667": [0, 0, 0]
					},
					"position": {
						"0.0": [0, 0, 0],
						"0.0333": [0.11, -0.06, -0.12],
						"0.0667": [0.26, -0.17, -0.29],
						"0.1": [0.45, -0.27, -0.49],
						"0.1333": [0.65, -0.31, -0.72],
						"0.1667": [0.86, -0.26, -0.98],
						"0.2": [1.06, -0.1, -1.24],
						"0.2333": [1.29, 0.15, -1.56],
						"0.2667": [1.53, 0.45, -1.89],
						"0.3": [1.76, 0.75, -2.22],
						"0.3333": [1.95, 1.01, -2.5],
						"0.3667": [2.1, 1.2, -2.7],
						"0.4": [2.22, 1.36, -2.86],
						"0.4333": [2.21, 1.38, -2.84],
						"0.4667": [2.2, 1.32, -2.8],
						"0.5": [2.22, 1.26, -2.79],
						"0.5333": [2.24, 1.17, -2.78],
						"0.5667": [2.26, 1.05, -2.76],
						"0.6": [2.28, 0.95, -2.73],
						"0.6333": [2.3, 0.86, -2.71],
						"0.6667": [2.3, 0.83, -2.7],
						"0.7": [2.28, 0.87, -2.69],
						"0.7333": [2.24, 1, -2.69],
						"0.7667": [2.2, 1.14, -2.69],
						"0.8": [2.19, 1.23, -2.69],
						"0.8333": [2.19, 1.25, -2.69],
						"0.8667": [2.2, 1.26, -2.69],
						"0.9": [2.22, 1.26, -2.7],
						"0.9333": [2.24, 1.26, -2.7],
						"0.9667": [2.26, 1.25, -2.7],
						"1.0": [2.28, 1.24, -2.7],
						"1.0333": [2.29, 1.23, -2.7],
						"1.0667": [2.3, 1.23, -2.7],
						"1.1": [2.3, 1.22, -2.7],
						"1.1333": [2.3, 1.22, -2.7],
						"1.1667": [2.3, 1.22, -2.7],
						"1.2": [2.3, 1.22, -2.69],
						"1.2333": [2.3, 1.22, -2.69],
						"1.2667": [2.3, 1.22, -2.69],
						"1.3": [2.3, 1.22, -2.69],
						"1.3333": [2.3, 1.22, -2.69],
						"1.3667": [2.3, 1.21, -2.69],
						"1.4": [2.3, 1.21, -2.68],
						"1.4333": [2.3, 1.21, -2.68],
						"1.4667": [2.3, 1.21, -2.68],
						"1.5": [2.29, 1.21, -2.68],
						"1.5333": [2.29, 1.2, -2.67],
						"1.5667": [2.29, 1.2, -2.67],
						"1.6": [2.29, 1.2, -2.67],
						"1.6333": [2.29, 1.19, -2.66],
						"1.6667": [2.29, 1.19, -2.66],
						"1.7": [2.28, 1.18, -2.65],
						"1.7333": [2.28, 1.18, -2.65],
						"1.7667": [2.28, 1.17, -2.65],
						"1.8": [2.28, 1.16, -2.64],
						"1.8333": [2.28, 1.15, -2.64],
						"1.8667": [2.28, 1.14, -2.63],
						"1.9": [2.28, 1.09, -2.6],
						"1.9333": [2.28, 1.01, -2.57],
						"1.9667": [2.29, 0.92, -2.53],
						"2.0": [2.29, 0.84, -2.49],
						"2.0333": [2.29, 0.76, -2.45],
						"2.0667": [2.3, 0.72, -2.43],
						"2.1": [2.3, 0.71, -2.42],
						"2.1333": [2.3, 0.73, -2.43],
						"2.1667": [2.31, 0.78, -2.43],
						"2.2": [2.31, 0.85, -2.45],
						"2.2333": [2.32, 0.93, -2.46],
						"2.2667": [2.32, 1.02, -2.48],
						"2.3": [2.33, 1.1, -2.5],
						"2.3333": [2.33, 1.19, -2.53],
						"2.3667": [2.33, 1.26, -2.57],
						"2.4": [2.33, 1.32, -2.62],
						"2.4333": [2.33, 1.36, -2.67],
						"2.4667": [2.32, 1.35, -2.77],
						"2.5": [2.31, 1.27, -2.88],
						"2.5333": [2.3, 1.17, -3],
						"2.5667": [2.28, 1.1, -3.15],
						"2.6": [2.26, 1.09, -3.34],
						"2.6333": [2.23, 1.2, -3.56],
						"2.6667": [2.21, 1.36, -3.75],
						"2.7": [2.17, 1.6, -3.99],
						"2.7333": [2.14, 1.88, -4.26],
						"2.7667": [2.1, 2.2, -4.54],
						"2.8": [2.06, 2.52, -4.82],
						"2.8333": [2.03, 2.84, -5.08],
						"2.8667": [2, 3.12, -5.31],
						"2.9": [1.97, 3.34, -5.5],
						"2.9333": [1.96, 3.49, -5.62],
						"2.9667": [1.95, 3.55, -5.67],
						"3.0": [1.94, 3.56, -5.67],
						"3.0333": [1.95, 3.52, -5.62],
						"3.0667": [1.95, 3.44, -5.54],
						"3.1": [1.96, 3.34, -5.44],
						"3.1333": [1.97, 3.24, -5.34],
						"3.1667": [1.98, 3.14, -5.24],
						"3.2": [1.99, 3.06, -5.16],
						"3.2333": [2, 3.02, -5.11],
						"3.2667": [2, 2.99, -5.09],
						"3.3": [2.01, 2.98, -5.08],
						"3.3333": [2.01, 2.98, -5.09],
						"3.3667": [2.02, 2.99, -5.1],
						"3.4": [2.02, 3, -5.12],
						"3.4333": [2.02, 3.01, -5.13],
						"3.4667": [2.03, 3.01, -5.14],
						"3.5": [2.03, 3.01, -5.14],
						"3.5333": [2.04, 3.01, -5.14],
						"3.5667": [2.04, 3, -5.14],
						"3.6": [2.05, 3, -5.15],
						"3.6333": [2.05, 3, -5.15],
						"3.6667": [2.06, 2.99, -5.15],
						"3.7": [2.06, 2.99, -5.15],
						"3.7333": [2.07, 2.98, -5.15],
						"3.7667": [2.07, 2.98, -5.15],
						"3.8": [2.08, 2.98, -5.16],
						"3.8333": [2.08, 2.97, -5.16],
						"3.8667": [2.09, 2.97, -5.16],
						"3.9": [2.09, 2.97, -5.16],
						"3.9333": [2.1, 2.97, -5.16],
						"3.9667": [2.1, 2.97, -5.16],
						"4.0": [2.11, 2.97, -5.16],
						"4.0333": [2.12, 2.98, -5.16],
						"4.0667": [2.12, 2.99, -5.16],
						"4.1": [2.13, 3.01, -5.16],
						"4.1333": [2.14, 3.02, -5.16],
						"4.1667": [2.14, 3.03, -5.16],
						"4.2": [2.15, 3.04, -5.16],
						"4.2333": [2.15, 3.04, -5.16],
						"4.2667": [2.15, 3.05, -5.16],
						"4.3": [2.16, 3.06, -5.16],
						"4.3333": [2.16, 3.07, -5.16],
						"4.3667": [2.17, 3.08, -5.17],
						"4.4": [2.17, 3.09, -5.17],
						"4.4333": [2.17, 3.09, -5.16],
						"4.4667": [2.16, 3.08, -5.15],
						"4.5": [2.14, 3.04, -5.14],
						"4.5333": [2.12, 2.99, -5.11],
						"4.5667": [2.08, 2.86, -5.06],
						"4.6": [2.05, 2.69, -5],
						"4.6333": [2, 2.49, -4.93],
						"4.6667": [1.93, 2.28, -4.85],
						"4.7": [1.82, 2.06, -4.74],
						"4.7333": [1.65, 1.87, -4.61],
						"4.7667": [1.44, 1.71, -4.49],
						"4.8": [1.15, 1.54, -4.37],
						"4.8333": [0.83, 1.38, -4.24],
						"4.8667": [0.49, 1.22, -4.09],
						"4.9": [0.18, 1.07, -3.91],
						"4.9333": [-0.07, 0.92, -3.68],
						"4.9667": [-0.24, 0.78, -3.4],
						"5.0": [-0.32, 0.66, -3.08],
						"5.0333": [-0.33, 0.55, -2.69],
						"5.0667": [-0.3, 0.44, -2.25],
						"5.1": [-0.24, 0.33, -1.8],
						"5.1333": [-0.17, 0.24, -1.34],
						"5.1667": [-0.09, 0.15, -0.92],
						"5.2": [-0.03, 0.07, -0.56],
						"5.2333": [0, 0, -0.29],
						"5.2667": [0.01, -0.07, -0.05],
						"5.3": [0.02, -0.12, 0.08],
						"5.3333": [0.02, -0.15, 0.13],
						"5.3667": [0.01, -0.17, 0.15],
						"5.4": [0, -0.18, 0.14],
						"5.4333": [0, -0.19, 0.14],
						"5.4667": [0, -0.18, 0.15],
						"5.5": [0, -0.17, 0.13],
						"5.5333": [0, -0.15, 0.09],
						"5.5667": [0, -0.12, 0.05],
						"5.6": [0, -0.09, 0.01],
						"5.6333": [0, -0.07, -0.03],
						"5.6667": [0, -0.05, -0.05],
						"5.7": [0, -0.04, -0.06],
						"5.7333": [0, -0.03, -0.05],
						"5.7667": [0, -0.02, -0.05],
						"5.8": [0, -0.02, -0.04],
						"5.8333": [0, -0.01, -0.03],
						"5.8667": [0, -0.01, -0.01],
						"5.9": [0, 0, -0.01],
						"5.9333": [0, 0, 0]
					}
				},
				"lefthand": {
					"rotation": {
						"0.0": [99.48341, -59.79713, -172.92002],
						"0.2": [99.48, -59.8, -172.92],
						"0.5667": [99.48, -88.4, -172.92]
					},
					"position": [5.1, -17, 3],
					"scale": [1, 1.5, 1]
				},
				"righthand": {
					"rotation": {
						"0.0": [94.35, 18.68, -173.87],
						"0.1667": [94.35, 18.68, -173.87],
						"2.7333": [94.35, 18.68, -173.87],
						"2.9333": [94.24122, 13.69402, -174.25984],
						"4.7667": [94.24122, 13.69402, -174.25984],
						"5.1333": [94.34676, 18.67616, -173.86647]
					},
					"position": {
						"0.0": [-6.8, -17, -2],
						"0.1667": [-6.8, -17, -2],
						"0.3": [-8.325, -17, -2],
						"2.7333": [-8.325, -17, -2],
						"2.9333": [-6.8, -17, -2],
						"4.7667": [-6.8, -17, -2],
						"5.1333": [-6.8, -17, -2]
					},
					"scale": [1, 1.5, 1]
				},
				"camera": {
					"rotation": {
						"0.0": [0, 0, 0],
						"0.0333": [0.04, -0.01, -0.02],
						"0.0667": [0.11, -0.03, -0.06],
						"0.1": [0.2, -0.05, -0.12],
						"0.1333": [0.29, -0.07, -0.18],
						"0.1667": [0.38, -0.09, -0.22],
						"0.2": [0.45, -0.1, -0.24],
						"0.2333": [0.5, -0.09, -0.22],
						"0.2667": [0.52, -0.06, -0.14],
						"0.3": [0.5, 0, 0],
						"0.3333": [0.43, 0.1, 0.24],
						"0.3667": [0.3, 0.23, 0.58],
						"0.4": [0.15, 0.39, 0.99],
						"0.4333": [-0.03, 0.57, 1.44],
						"0.4667": [-0.22, 0.75, 1.9],
						"0.5": [-0.41, 0.93, 2.34],
						"0.5333": [-0.58, 1.09, 2.73],
						"0.5667": [-0.72, 1.23, 3.04],
						"0.6": [-0.82, 1.33, 3.23],
						"0.6333": [-0.94, 1.46, 3.17],
						"0.6667": [-0.93, 1.45, 2.65],
						"0.7": [-0.88, 1.46, 2.27],
						"0.7333": [-0.86, 1.52, 2.31],
						"0.7667": [-0.81, 1.6, 2.48],
						"0.8": [-0.74, 1.7, 2.56],
						"0.8333": [-0.74, 1.7, 2.54],
						"0.8667": [-0.79, 1.68, 2.49],
						"0.9": [-0.86, 1.63, 2.43],
						"0.9333": [-0.95, 1.58, 2.36],
						"0.9667": [-1.03, 1.53, 2.29],
						"1.0": [-1.08, 1.5, 2.21],
						"1.0333": [-1.09, 1.5, 2.14],
						"1.0667": [-1.05, 1.55, 2.07],
						"1.1": [-0.92, 1.64, 2.02],
						"1.1333": [-0.71, 1.81, 1.98],
						"1.1667": [-0.39, 2.05, 1.97],
						"1.2": [-0.03, 2.32, 1.97],
						"1.2333": [0.44, 2.66, 1.98],
						"1.2667": [0.99, 3.07, 2.01],
						"1.3": [1.6, 3.53, 2.04],
						"1.3333": [2.27, 4.02, 2.08],
						"1.3667": [2.98, 4.54, 2.13],
						"1.4": [3.7, 5.06, 2.17],
						"1.4333": [4.42, 5.59, 2.22],
						"1.4667": [5.12, 6.11, 2.27],
						"1.5": [5.78, 6.59, 2.32],
						"1.5333": [6.39, 7.04, 2.37],
						"1.5667": [6.92, 7.44, 2.41],
						"1.6": [7.37, 7.77, 2.44],
						"1.6333": [7.71, 8.02, 2.47],
						"1.6667": [7.87, 8.15, 2.48],
						"1.7": [8.02, 8.26, 2.51],
						"1.7333": [8.16, 8.36, 2.54],
						"1.7667": [8.27, 8.45, 2.58],
						"1.8": [8.37, 8.52, 2.61],
						"1.8333": [8.45, 8.58, 2.66],
						"1.8667": [8.51, 8.63, 2.7],
						"1.9": [8.55, 8.67, 2.74],
						"1.9333": [8.58, 8.69, 2.78],
						"1.9667": [8.59, 8.7, 2.82],
						"2.0": [8.58, 8.7, 2.85],
						"2.0333": [8.56, 8.69, 2.88],
						"2.0667": [8.52, 8.66, 2.9],
						"2.1": [8.46, 8.62, 2.91],
						"2.1333": [8.39, 8.58, 2.91],
						"2.1667": [8.3, 8.52, 2.9],
						"2.2": [8.19, 8.45, 2.88],
						"2.2333": [8.07, 8.37, 2.85],
						"2.2667": [7.93, 8.28, 2.8],
						"2.3": [7.77, 8.18, 2.73],
						"2.3333": [7.6, 8.07, 2.65],
						"2.3667": [7.41, 7.95, 2.55],
						"2.4": [7.17, 7.79, 2.41],
						"2.4333": [6.87, 7.61, 2.23],
						"2.4667": [6.53, 7.39, 2.02],
						"2.5": [6.14, 7.14, 1.78],
						"2.5333": [5.72, 6.87, 1.51],
						"2.5667": [5.27, 6.59, 1.23],
						"2.6": [4.79, 6.28, 0.93],
						"2.6333": [4.3, 5.97, 0.62],
						"2.6667": [3.8, 5.65, 0.3],
						"2.7": [3.29, 5.32, -0.01],
						"2.7333": [2.77, 4.99, -0.33],
						"2.7667": [2.27, 4.66, -0.64],
						"2.8": [1.77, 4.33, -0.94],
						"2.8333": [1.29, 4.02, -1.23],
						"2.8667": [0.83, 3.72, -1.5],
						"2.9": [0.4, 3.43, -1.74],
						"2.9333": [0, 3.17, -1.96],
						"2.9667": [-0.35, 2.92, -2.14],
						"3.0": [-0.66, 2.71, -2.29],
						"3.0333": [-0.93, 2.52, -2.39],
						"3.0667": [-1.36, 2.19, -2.49],
						"3.1": [-1.65, 1.93, -2.43],
						"3.1333": [-1.81, 1.73, -2.26],
						"3.1667": [-1.89, 1.59, -2.01],
						"3.2": [-1.91, 1.48, -1.71],
						"3.2333": [-1.89, 1.4, -1.41],
						"3.2667": [-1.86, 1.32, -1.13],
						"3.3": [-1.86, 1.25, -0.92],
						"3.3333": [-1.92, 1.15, -0.8],
						"3.3667": [-2.12, 0.95, -0.82],
						"3.4": [-2.3, 0.8, -1.01],
						"3.4333": [-2.44, 0.69, -1.26],
						"3.4667": [-2.49, 0.6, -1.45],
						"3.5": [-2.49, 0.57, -1.49],
						"3.5333": [-2.46, 0.54, -1.53],
						"3.5667": [-2.42, 0.52, -1.57],
						"3.6": [-2.37, 0.51, -1.6],
						"3.6333": [-2.31, 0.5, -1.63],
						"3.6667": [-2.24, 0.49, -1.66],
						"3.7": [-2.17, 0.48, -1.69],
						"3.7333": [-2.11, 0.47, -1.71],
						"3.7667": [-2.05, 0.46, -1.73],
						"3.8": [-2, 0.45, -1.75],
						"3.8333": [-1.96, 0.44, -1.76],
						"3.8667": [-1.95, 0.43, -1.77],
						"3.9": [-1.93, 0.43, -1.78],
						"3.9333": [-1.92, 0.42, -1.8],
						"3.9667": [-1.91, 0.41, -1.82],
						"4.0": [-1.9, 0.4, -1.84],
						"4.0333": [-1.89, 0.4, -1.86],
						"4.0667": [-1.89, 0.39, -1.88],
						"4.1": [-1.88, 0.39, -1.89],
						"4.1333": [-1.88, 0.38, -1.9],
						"4.1667": [-1.87, 0.37, -1.91],
						"4.2": [-1.87, 0.37, -1.92],
						"4.2333": [-1.87, 0.36, -1.92],
						"4.2667": [-1.87, 0.36, -1.91],
						"4.3": [-1.86, 0.35, -1.9],
						"4.3333": [-1.86, 0.35, -1.87],
						"4.3667": [-1.85, 0.34, -1.84],
						"4.4": [-1.85, 0.34, -1.8],
						"4.4333": [-1.84, 0.33, -1.74],
						"4.4667": [-1.83, 0.32, -1.59],
						"4.5": [-1.82, 0.31, -1.4],
						"4.5333": [-1.81, 0.3, -1.18],
						"4.5667": [-1.8, 0.29, -0.93],
						"4.6": [-1.78, 0.29, -0.66],
						"4.6333": [-1.77, 0.28, -0.38],
						"4.6667": [-1.76, 0.28, -0.1],
						"4.7": [-1.75, 0.28, 0.17],
						"4.7333": [-1.73, 0.28, 0.42],
						"4.7667": [-1.73, 0.29, 0.69],
						"4.8": [-1.73, 0.31, 1],
						"4.8333": [-1.75, 0.33, 1.33],
						"4.8667": [-1.76, 0.36, 1.66],
						"4.9": [-1.77, 0.39, 1.97],
						"4.9333": [-1.76, 0.41, 2.24],
						"4.9667": [-1.73, 0.43, 2.46],
						"5.0": [-1.68, 0.44, 2.59],
						"5.0333": [-1.59, 0.44, 2.62],
						"5.0667": [-1.46, 0.42, 2.53],
						"5.1": [-1.27, 0.39, 2.34],
						"5.1333": [-1.06, 0.36, 2.06],
						"5.1667": [-0.83, 0.31, 1.72],
						"5.2": [-0.58, 0.27, 1.34],
						"5.2333": [-0.35, 0.22, 0.95],
						"5.2667": [-0.14, 0.18, 0.58],
						"5.3": [0.04, 0.15, 0.25],
						"5.3333": [0.18, 0.12, -0.02],
						"5.3667": [0.36, 0.08, -0.73],
						"5.4": [0.36, 0.07, -1.31],
						"5.4333": [0.31, 0.06, -1.52],
						"5.4667": [0.25, 0.04, -1.26],
						"5.5": [0.16, 0.03, -0.71],
						"5.5333": [0.07, 0.01, -0.13],
						"5.5667": [0, 0, 0.25],
						"5.6": [-0.02, 0, 0.33],
						"5.6333": [-0.02, 0, 0.28],
						"5.6667": [-0.01, 0, 0.18],
						"5.7": [0, 0, 0.07],
						"5.7333": [0, 0, 0]
					}
				}
			},
			"sound_effects": {
				"0.0": {
					"effect": "p30_la_rpapa7_inspect_hip_raise"
				},
				"1.7667": {
					"effect": "p30_la_rpapa7_inspect_hip_rotate"
				},
				"4.4": {
					"effect": "p30_la_rpapa7_inspect_hip_end"
				}
			}
		},
		"inspect": {
			"animation_length": 5.8667,
			"bones": {
				"root": {
					"rotation": {
						"0.0": [0, 0, 0],
						"0.0333": [0.54, -0.47, 0.14],
						"0.0667": [1.38, -1.07, 0.37],
						"0.1": [2.25, -1.86, 0.59],
						"0.1333": [2.89, -2.96, 0.7],
						"0.1667": [3.05, -4.43, 0.61],
						"0.2": [2.22, -6.76, 0.96],
						"0.2333": [0.66, -9.55, 1.59],
						"0.2667": [-0.91, -12.93, 1.02],
						"0.3": [-1.74, -16.97, -2.22],
						"0.3333": [-1.7, -19.17, -5.12],
						"0.3667": [-1.43, -21.74, -9.1],
						"0.4": [-0.99, -24.56, -13.83],
						"0.4333": [-0.46, -27.51, -18.99],
						"0.4667": [0.1, -30.46, -24.25],
						"0.5": [0.62, -33.28, -29.31],
						"0.5333": [1.04, -35.87, -33.83],
						"0.5667": [1.29, -38.08, -37.5],
						"0.6": [1.3, -39.79, -39.99],
						"0.6333": [0.65, -41.68, -41.55],
						"0.6667": [-0.59, -42.49, -40.56],
						"0.7": [-2.04, -42.64, -38.26],
						"0.7333": [-3.33, -42.55, -35.84],
						"0.7667": [-4.07, -42.64, -34.55],
						"0.8": [-4.05, -42.91, -34.67],
						"0.8333": [-3.42, -42.99, -35.46],
						"0.8667": [-2.66, -42.98, -36.33],
						"0.9": [-2.23, -42.96, -36.72],
						"0.9333": [-2.25, -42.94, -36.54],
						"0.9667": [-2.39, -42.89, -36.11],
						"1.0": [-2.61, -42.83, -35.55],
						"1.0333": [-2.87, -42.76, -34.97],
						"1.0667": [-3.12, -42.69, -34.49],
						"1.1": [-3.31, -42.65, -34.21],
						"1.1333": [-3.34, -42.65, -34.19],
						"1.1667": [-3.38, -42.64, -34.19],
						"1.2": [-3.41, -42.64, -34.21],
						"1.2333": [-3.44, -42.64, -34.25],
						"1.2667": [-3.47, -42.63, -34.3],
						"1.3": [-3.49, -42.63, -34.37],
						"1.3333": [-3.52, -42.63, -34.45],
						"1.3667": [-3.54, -42.63, -34.53],
						"1.4": [-3.57, -42.64, -34.62],
						"1.4333": [-3.59, -42.64, -34.72],
						"1.4667": [-3.62, -42.64, -34.81],
						"1.5": [-3.64, -42.64, -34.91],
						"1.5333": [-3.66, -42.64, -35],
						"1.5667": [-3.69, -42.65, -35.08],
						"1.6": [-3.71, -42.65, -35.15],
						"1.6333": [-3.74, -42.65, -35.21],
						"1.6667": [-3.76, -42.65, -35.25],
						"1.7": [-3.79, -42.65, -35.28],
						"1.7333": [-3.82, -42.65, -35.29],
						"1.7667": [-3.85, -42.65, -35.27],
						"1.8": [-3.88, -42.65, -35.23],
						"1.8333": [-3.91, -42.65, -35.17],
						"1.8667": [-3.95, -42.65, -35.07],
						"1.9": [-4.11, -42.65, -34.51],
						"1.9333": [-4.33, -42.66, -33.67],
						"1.9667": [-4.56, -42.67, -32.64],
						"2.0": [-4.78, -42.67, -31.55],
						"2.0333": [-4.95, -42.65, -30.5],
						"2.0667": [-5.05, -42.6, -29.62],
						"2.1": [-5.03, -42.51, -29.01],
						"2.1333": [-4.87, -42.5, -29],
						"2.1667": [-4.57, -42.61, -29.53],
						"2.2": [-4.18, -42.77, -30.34],
						"2.2333": [-3.75, -42.87, -31.15],
						"2.2667": [-3.35, -42.83, -31.69],
						"2.3": [-3.01, -42.57, -31.7],
						"2.3333": [-2.78, -41.99, -30.9],
						"2.3667": [-2.73, -41, -29.02],
						"2.4": [-2.73, -39.58, -26.06],
						"2.4333": [-2.67, -37.77, -22.26],
						"2.4667": [-2.64, -35.66, -17.76],
						"2.5": [-2.73, -33.31, -12.67],
						"2.5333": [-3, -30.81, -7.12],
						"2.5667": [-3.56, -28.23, -1.21],
						"2.6": [-4.47, -25.64, 4.91],
						"2.6333": [-5.82, -23.11, 11.14],
						"2.6667": [-7.59, -20.75, 17.25],
						"2.7": [-9.94, -18.13, 24.27],
						"2.7333": [-12.69, -15.36, 31.86],
						"2.7667": [-15.69, -12.54, 39.7],
						"2.8": [-18.75, -9.78, 47.44],
						"2.8333": [-21.72, -7.19, 54.76],
						"2.8667": [-24.41, -4.87, 61.31],
						"2.9": [-26.66, -2.94, 66.78],
						"2.9333": [-28.3, -1.49, 70.81],
						"2.9667": [-29.53, -0.41, 73.78],
						"3.0": [-30.05, -0.06, 74.78],
						"3.0333": [-30.06, -0.22, 74.35],
						"3.0667": [-29.75, -0.7, 73.01],
						"3.1": [-29.32, -1.31, 71.31],
						"3.1333": [-28.94, -1.82, 69.78],
						"3.1667": [-28.83, -2.05, 68.95],
						"3.2": [-28.95, -2.06, 68.44],
						"3.2333": [-29.07, -2.03, 67.82],
						"3.2667": [-29.19, -1.97, 67.22],
						"3.3": [-29.31, -1.88, 66.77],
						"3.3333": [-29.41, -1.74, 66.6],
						"3.3667": [-29.53, -1.33, 67.15],
						"3.4": [-29.61, -0.82, 68.24],
						"3.4333": [-29.69, -0.51, 69.06],
						"3.4667": [-29.76, -0.56, 69.21],
						"3.5": [-29.82, -0.78, 69.15],
						"3.5333": [-29.87, -1.02, 69.07],
						"3.5667": [-29.91, -1.13, 69.18],
						"3.6": [-29.92, -1.12, 69.29],
						"3.6333": [-29.93, -1.08, 69.45],
						"3.6667": [-29.94, -1.02, 69.64],
						"3.7": [-29.95, -0.95, 69.85],
						"3.7333": [-29.96, -0.87, 70.07],
						"3.7667": [-29.97, -0.78, 70.3],
						"3.8": [-29.97, -0.7, 70.51],
						"3.8333": [-29.97, -0.63, 70.72],
						"3.8667": [-29.95, -0.57, 70.89],
						"3.9": [-29.93, -0.52, 71.03],
						"3.9333": [-29.91, -0.51, 71.12],
						"3.9667": [-29.89, -0.5, 71.18],
						"4.0": [-29.88, -0.5, 71.24],
						"4.0333": [-29.88, -0.49, 71.3],
						"4.0667": [-29.88, -0.49, 71.36],
						"4.1": [-29.88, -0.49, 71.42],
						"4.1333": [-29.87, -0.5, 71.46],
						"4.1667": [-29.86, -0.51, 71.49],
						"4.2": [-29.85, -0.53, 71.5],
						"4.2333": [-29.81, -0.56, 71.49],
						"4.2667": [-29.76, -0.61, 71.44],
						"4.3": [-29.7, -0.66, 71.37],
						"4.3333": [-29.61, -0.74, 71.26],
						"4.3667": [-29.49, -0.83, 71.1],
						"4.4": [-29.34, -0.93, 70.9],
						"4.4333": [-29.16, -1.06, 70.66],
						"4.4667": [-28.73, -1.38, 69.97],
						"4.5": [-28.23, -1.75, 69.12],
						"4.5333": [-27.66, -2.18, 68.12],
						"4.5667": [-26.97, -2.68, 66.97],
						"4.6": [-26.16, -3.25, 65.7],
						"4.6333": [-25.19, -3.9, 64.32],
						"4.6667": [-24.04, -4.64, 62.84],
						"4.7": [-22.42, -5.78, 61.15],
						"4.7333": [-20.54, -7.22, 59.5],
						"4.7667": [-18.45, -8.77, 57.68],
						"4.8": [-16.22, -10.22, 55.52],
						"4.8333": [-13.93, -11.39, 52.83],
						"4.8667": [-11.62, -12.05, 49.41],
						"4.9": [-9.97, -12.17, 46.5],
						"4.9333": [-8.15, -12.09, 42.99],
						"4.9667": [-6.21, -11.84, 39.06],
						"5.0": [-4.24, -11.46, 34.9],
						"5.0333": [-2.31, -10.98, 30.68],
						"5.0667": [-0.5, -10.45, 26.57],
						"5.1": [1.11, -9.89, 22.76],
						"5.1333": [2.46, -9.36, 19.43],
						"5.1667": [3.46, -8.87, 16.74],
						"5.2": [4.35, -7.99, 13.44],
						"5.2333": [4.39, -6.99, 11.46],
						"5.2667": [3.91, -5.95, 10.26],
						"5.3": [3.28, -4.95, 9.29],
						"5.3333": [2.85, -4.05, 8.01],
						"5.3667": [2.5, -3.05, 5.88],
						"5.4": [2.06, -2.11, 3.72],
						"5.4333": [1.62, -1.32, 1.86],
						"5.4667": [1.26, -0.73, 0.59],
						"5.5": [0.95, -0.36, 0.25],
						"5.5333": [0.73, -0.32, 0.78],
						"5.5667": [0.54, -0.32, 1.08],
						"5.6": [0.41, -0.29, 0.86],
						"5.6333": [0.29, -0.29, 0.5],
						"5.6667": [0.18, -0.29, 0.08],
						"5.7": [0.09, -0.29, -0.29],
						"5.7333": [0.02, -0.28, -0.5],
						"5.7667": [-0.02, -0.22, -0.51],
						"5.8": [-0.02, -0.13, -0.35],
						"5.8333": [-0.01, -0.05, -0.14],
						"5.8667": [0, 0, 0]
					},
					"position": {
						"0.0": [0, 0, 0],
						"0.0333": [0.11, -0.06, -0.12],
						"0.0667": [0.26, -0.17, -0.29],
						"0.1": [0.45, -0.27, -0.49],
						"0.1333": [0.65, -0.31, -0.72],
						"0.1667": [0.86, -0.26, -0.98],
						"0.2": [1.06, -0.1, -1.24],
						"0.2333": [1.29, 0.15, -1.56],
						"0.2667": [1.53, 0.45, -1.89],
						"0.3": [1.76, 0.75, -2.22],
						"0.3333": [1.95, 1.01, -2.5],
						"0.3667": [2.1, 1.2, -2.7],
						"0.4": [2.22, 1.36, -2.86],
						"0.4333": [2.21, 1.38, -2.84],
						"0.4667": [2.2, 1.32, -2.8],
						"0.5": [2.22, 1.26, -2.79],
						"0.5333": [2.24, 1.17, -2.78],
						"0.5667": [2.26, 1.05, -2.76],
						"0.6": [2.28, 0.95, -2.73],
						"0.6333": [2.3, 0.86, -2.71],
						"0.6667": [2.3, 0.83, -2.7],
						"0.7": [2.28, 0.87, -2.69],
						"0.7333": [2.24, 1, -2.69],
						"0.7667": [2.2, 1.14, -2.69],
						"0.8": [2.19, 1.23, -2.69],
						"0.8333": [2.19, 1.25, -2.69],
						"0.8667": [2.2, 1.26, -2.69],
						"0.9": [2.22, 1.26, -2.7],
						"0.9333": [2.24, 1.26, -2.7],
						"0.9667": [2.26, 1.25, -2.7],
						"1.0": [2.28, 1.24, -2.7],
						"1.0333": [2.29, 1.23, -2.7],
						"1.0667": [2.3, 1.23, -2.7],
						"1.1": [2.3, 1.22, -2.7],
						"1.1333": [2.3, 1.22, -2.7],
						"1.1667": [2.3, 1.22, -2.7],
						"1.2": [2.3, 1.22, -2.69],
						"1.2333": [2.3, 1.22, -2.69],
						"1.2667": [2.3, 1.22, -2.69],
						"1.3": [2.3, 1.22, -2.69],
						"1.3333": [2.3, 1.22, -2.69],
						"1.3667": [2.3, 1.21, -2.69],
						"1.4": [2.3, 1.21, -2.68],
						"1.4333": [2.3, 1.21, -2.68],
						"1.4667": [2.3, 1.21, -2.68],
						"1.5": [2.29, 1.21, -2.68],
						"1.5333": [2.29, 1.2, -2.67],
						"1.5667": [2.29, 1.2, -2.67],
						"1.6": [2.29, 1.2, -2.67],
						"1.6333": [2.29, 1.19, -2.66],
						"1.6667": [2.29, 1.19, -2.66],
						"1.7": [2.28, 1.18, -2.65],
						"1.7333": [2.28, 1.18, -2.65],
						"1.7667": [2.28, 1.17, -2.65],
						"1.8": [2.28, 1.16, -2.64],
						"1.8333": [2.28, 1.15, -2.64],
						"1.8667": [2.28, 1.14, -2.63],
						"1.9": [2.28, 1.09, -2.6],
						"1.9333": [2.28, 1.01, -2.57],
						"1.9667": [2.29, 0.92, -2.53],
						"2.0": [2.29, 0.84, -2.49],
						"2.0333": [2.29, 0.76, -2.45],
						"2.0667": [2.3, 0.72, -2.43],
						"2.1": [2.3, 0.71, -2.42],
						"2.1333": [2.3, 0.73, -2.43],
						"2.1667": [2.31, 0.78, -2.43],
						"2.2": [2.31, 0.85, -2.45],
						"2.2333": [2.32, 0.93, -2.46],
						"2.2667": [2.32, 1.02, -2.48],
						"2.3": [2.33, 1.1, -2.5],
						"2.3333": [2.33, 1.19, -2.53],
						"2.3667": [2.33, 1.26, -2.57],
						"2.4": [2.33, 1.32, -2.62],
						"2.4333": [2.33, 1.36, -2.67],
						"2.4667": [2.32, 1.35, -2.77],
						"2.5": [2.31, 1.27, -2.88],
						"2.5333": [2.3, 1.17, -3],
						"2.5667": [2.28, 1.1, -3.15],
						"2.6": [2.26, 1.09, -3.34],
						"2.6333": [2.23, 1.2, -3.56],
						"2.6667": [2.21, 1.36, -3.75],
						"2.7": [2.17, 1.6, -3.99],
						"2.7333": [2.14, 1.88, -4.26],
						"2.7667": [2.1, 2.2, -4.54],
						"2.8": [2.06, 2.52, -4.82],
						"2.8333": [2.03, 2.84, -5.08],
						"2.8667": [2, 3.12, -5.31],
						"2.9": [1.97, 3.34, -5.5],
						"2.9333": [1.96, 3.49, -5.62],
						"2.9667": [1.95, 3.55, -5.67],
						"3.0": [1.94, 3.56, -5.67],
						"3.0333": [1.95, 3.52, -5.62],
						"3.0667": [1.95, 3.44, -5.54],
						"3.1": [1.96, 3.34, -5.44],
						"3.1333": [1.97, 3.24, -5.34],
						"3.1667": [1.98, 3.14, -5.24],
						"3.2": [1.99, 3.06, -5.16],
						"3.2333": [2, 3.02, -5.11],
						"3.2667": [2, 2.99, -5.09],
						"3.3": [2.01, 2.98, -5.08],
						"3.3333": [2.01, 2.98, -5.09],
						"3.3667": [2.02, 2.99, -5.1],
						"3.4": [2.02, 3, -5.12],
						"3.4333": [2.02, 3.01, -5.13],
						"3.4667": [2.03, 3.01, -5.14],
						"3.5": [2.03, 3.01, -5.14],
						"3.5333": [2.04, 3.01, -5.14],
						"3.5667": [2.04, 3, -5.14],
						"3.6": [2.05, 3, -5.15],
						"3.6333": [2.05, 3, -5.15],
						"3.6667": [2.06, 2.99, -5.15],
						"3.7": [2.06, 2.99, -5.15],
						"3.7333": [2.07, 2.98, -5.15],
						"3.7667": [2.07, 2.98, -5.15],
						"3.8": [2.08, 2.98, -5.16],
						"3.8333": [2.08, 2.97, -5.16],
						"3.8667": [2.09, 2.97, -5.16],
						"3.9": [2.09, 2.97, -5.16],
						"3.9333": [2.1, 2.97, -5.16],
						"3.9667": [2.1, 2.97, -5.16],
						"4.0": [2.11, 2.97, -5.16],
						"4.0333": [2.12, 2.98, -5.16],
						"4.0667": [2.12, 2.99, -5.16],
						"4.1": [2.13, 3.01, -5.16],
						"4.1333": [2.14, 3.02, -5.16],
						"4.1667": [2.14, 3.03, -5.16],
						"4.2": [2.15, 3.04, -5.16],
						"4.2333": [2.15, 3.04, -5.16],
						"4.2667": [2.15, 3.05, -5.16],
						"4.3": [2.16, 3.06, -5.16],
						"4.3333": [2.16, 3.07, -5.16],
						"4.3667": [2.17, 3.08, -5.17],
						"4.4": [2.17, 3.09, -5.17],
						"4.4333": [2.17, 3.09, -5.16],
						"4.4667": [2.16, 3.08, -5.15],
						"4.5": [2.14, 3.04, -5.14],
						"4.5333": [2.12, 2.99, -5.11],
						"4.5667": [2.08, 2.86, -5.06],
						"4.6": [2.05, 2.69, -5],
						"4.6333": [2, 2.49, -4.93],
						"4.6667": [1.93, 2.28, -4.85],
						"4.7": [1.82, 2.06, -4.74],
						"4.7333": [1.65, 1.87, -4.61],
						"4.7667": [1.44, 1.71, -4.49],
						"4.8": [1.15, 1.54, -4.37],
						"4.8333": [0.83, 1.38, -4.24],
						"4.8667": [0.49, 1.22, -4.09],
						"4.9": [0.18, 1.07, -3.91],
						"4.9333": [-0.07, 0.92, -3.68],
						"4.9667": [-0.24, 0.78, -3.4],
						"5.0": [-0.32, 0.66, -3.08],
						"5.0333": [-0.33, 0.55, -2.69],
						"5.0667": [-0.3, 0.44, -2.25],
						"5.1": [-0.24, 0.33, -1.8],
						"5.1333": [-0.17, 0.24, -1.34],
						"5.1667": [-0.09, 0.15, -0.92],
						"5.2": [-0.03, 0.07, -0.56],
						"5.2333": [0, 0, -0.29],
						"5.2667": [0.01, -0.07, -0.05],
						"5.3": [0.02, -0.12, 0.08],
						"5.3333": [0.02, -0.15, 0.13],
						"5.3667": [0.01, -0.17, 0.15],
						"5.4": [0, -0.18, 0.14],
						"5.4333": [0, -0.19, 0.14],
						"5.4667": [0, -0.18, 0.15],
						"5.5": [0, -0.17, 0.13],
						"5.5333": [0, -0.15, 0.09],
						"5.5667": [0, -0.12, 0.05],
						"5.6": [0, -0.09, 0.01],
						"5.6333": [0, -0.07, -0.03],
						"5.6667": [0, -0.05, -0.05],
						"5.7": [0, -0.04, -0.06],
						"5.7333": [0, -0.03, -0.05],
						"5.7667": [0, -0.02, -0.05],
						"5.8": [0, -0.02, -0.04],
						"5.8333": [0, -0.01, -0.03],
						"5.8667": [0, -0.01, -0.01],
						"5.9": [0, 0, -0.01],
						"5.9333": [0, 0, 0]
					}
				},
				"lefthand": {
					"rotation": {
						"0.0": [99.48341, -59.79713, -172.92002],
						"0.2": [99.48, -59.8, -172.92],
						"0.5667": [99.48, -88.4, -172.92]
					},
					"position": [5.1, -17, 3],
					"scale": [1, 1.5, 1]
				},
				"righthand": {
					"rotation": {
						"0.0": [94.35, 18.68, -173.87],
						"0.1667": [94.35, 18.68, -173.87],
						"2.7333": [94.35, 18.68, -173.87],
						"2.9333": [94.24122, 13.69402, -174.25984],
						"4.7667": [94.24122, 13.69402, -174.25984],
						"5.1333": [94.34676, 18.67616, -173.86647]
					},
					"position": {
						"0.0": [-6.8, -17, -2],
						"0.1667": [-6.8, -17, -2],
						"0.3": [-8.325, -17, -2],
						"2.7333": [-8.325, -17, -2],
						"2.9333": [-6.8, -17, -2],
						"4.7667": [-6.8, -17, -2],
						"5.1333": [-6.8, -17, -2]
					},
					"scale": [1, 1.5, 1]
				},
				"camera": {
					"rotation": {
						"0.0": [0, 0, 0],
						"0.0333": [0.04, -0.01, -0.02],
						"0.0667": [0.11, -0.03, -0.06],
						"0.1": [0.2, -0.05, -0.12],
						"0.1333": [0.29, -0.07, -0.18],
						"0.1667": [0.38, -0.09, -0.22],
						"0.2": [0.45, -0.1, -0.24],
						"0.2333": [0.5, -0.09, -0.22],
						"0.2667": [0.52, -0.06, -0.14],
						"0.3": [0.5, 0, 0],
						"0.3333": [0.43, 0.1, 0.24],
						"0.3667": [0.3, 0.23, 0.58],
						"0.4": [0.15, 0.39, 0.99],
						"0.4333": [-0.03, 0.57, 1.44],
						"0.4667": [-0.22, 0.75, 1.9],
						"0.5": [-0.41, 0.93, 2.34],
						"0.5333": [-0.58, 1.09, 2.73],
						"0.5667": [-0.72, 1.23, 3.04],
						"0.6": [-0.82, 1.33, 3.23],
						"0.6333": [-0.94, 1.46, 3.17],
						"0.6667": [-0.93, 1.45, 2.65],
						"0.7": [-0.88, 1.46, 2.27],
						"0.7333": [-0.86, 1.52, 2.31],
						"0.7667": [-0.81, 1.6, 2.48],
						"0.8": [-0.74, 1.7, 2.56],
						"0.8333": [-0.74, 1.7, 2.54],
						"0.8667": [-0.79, 1.68, 2.49],
						"0.9": [-0.86, 1.63, 2.43],
						"0.9333": [-0.95, 1.58, 2.36],
						"0.9667": [-1.03, 1.53, 2.29],
						"1.0": [-1.08, 1.5, 2.21],
						"1.0333": [-1.09, 1.5, 2.14],
						"1.0667": [-1.05, 1.55, 2.07],
						"1.1": [-0.92, 1.64, 2.02],
						"1.1333": [-0.71, 1.81, 1.98],
						"1.1667": [-0.39, 2.05, 1.97],
						"1.2": [-0.03, 2.32, 1.97],
						"1.2333": [0.44, 2.66, 1.98],
						"1.2667": [0.99, 3.07, 2.01],
						"1.3": [1.6, 3.53, 2.04],
						"1.3333": [2.27, 4.02, 2.08],
						"1.3667": [2.98, 4.54, 2.13],
						"1.4": [3.7, 5.06, 2.17],
						"1.4333": [4.42, 5.59, 2.22],
						"1.4667": [5.12, 6.11, 2.27],
						"1.5": [5.78, 6.59, 2.32],
						"1.5333": [6.39, 7.04, 2.37],
						"1.5667": [6.92, 7.44, 2.41],
						"1.6": [7.37, 7.77, 2.44],
						"1.6333": [7.71, 8.02, 2.47],
						"1.6667": [7.87, 8.15, 2.48],
						"1.7": [8.02, 8.26, 2.51],
						"1.7333": [8.16, 8.36, 2.54],
						"1.7667": [8.27, 8.45, 2.58],
						"1.8": [8.37, 8.52, 2.61],
						"1.8333": [8.45, 8.58, 2.66],
						"1.8667": [8.51, 8.63, 2.7],
						"1.9": [8.55, 8.67, 2.74],
						"1.9333": [8.58, 8.69, 2.78],
						"1.9667": [8.59, 8.7, 2.82],
						"2.0": [8.58, 8.7, 2.85],
						"2.0333": [8.56, 8.69, 2.88],
						"2.0667": [8.52, 8.66, 2.9],
						"2.1": [8.46, 8.62, 2.91],
						"2.1333": [8.39, 8.58, 2.91],
						"2.1667": [8.3, 8.52, 2.9],
						"2.2": [8.19, 8.45, 2.88],
						"2.2333": [8.07, 8.37, 2.85],
						"2.2667": [7.93, 8.28, 2.8],
						"2.3": [7.77, 8.18, 2.73],
						"2.3333": [7.6, 8.07, 2.65],
						"2.3667": [7.41, 7.95, 2.55],
						"2.4": [7.17, 7.79, 2.41],
						"2.4333": [6.87, 7.61, 2.23],
						"2.4667": [6.53, 7.39, 2.02],
						"2.5": [6.14, 7.14, 1.78],
						"2.5333": [5.72, 6.87, 1.51],
						"2.5667": [5.27, 6.59, 1.23],
						"2.6": [4.79, 6.28, 0.93],
						"2.6333": [4.3, 5.97, 0.62],
						"2.6667": [3.8, 5.65, 0.3],
						"2.7": [3.29, 5.32, -0.01],
						"2.7333": [2.77, 4.99, -0.33],
						"2.7667": [2.27, 4.66, -0.64],
						"2.8": [1.77, 4.33, -0.94],
						"2.8333": [1.29, 4.02, -1.23],
						"2.8667": [0.83, 3.72, -1.5],
						"2.9": [0.4, 3.43, -1.74],
						"2.9333": [0, 3.17, -1.96],
						"2.9667": [-0.35, 2.92, -2.14],
						"3.0": [-0.66, 2.71, -2.29],
						"3.0333": [-0.93, 2.52, -2.39],
						"3.0667": [-1.36, 2.19, -2.49],
						"3.1": [-1.65, 1.93, -2.43],
						"3.1333": [-1.81, 1.73, -2.26],
						"3.1667": [-1.89, 1.59, -2.01],
						"3.2": [-1.91, 1.48, -1.71],
						"3.2333": [-1.89, 1.4, -1.41],
						"3.2667": [-1.86, 1.32, -1.13],
						"3.3": [-1.86, 1.25, -0.92],
						"3.3333": [-1.92, 1.15, -0.8],
						"3.3667": [-2.12, 0.95, -0.82],
						"3.4": [-2.3, 0.8, -1.01],
						"3.4333": [-2.44, 0.69, -1.26],
						"3.4667": [-2.49, 0.6, -1.45],
						"3.5": [-2.49, 0.57, -1.49],
						"3.5333": [-2.46, 0.54, -1.53],
						"3.5667": [-2.42, 0.52, -1.57],
						"3.6": [-2.37, 0.51, -1.6],
						"3.6333": [-2.31, 0.5, -1.63],
						"3.6667": [-2.24, 0.49, -1.66],
						"3.7": [-2.17, 0.48, -1.69],
						"3.7333": [-2.11, 0.47, -1.71],
						"3.7667": [-2.05, 0.46, -1.73],
						"3.8": [-2, 0.45, -1.75],
						"3.8333": [-1.96, 0.44, -1.76],
						"3.8667": [-1.95, 0.43, -1.77],
						"3.9": [-1.93, 0.43, -1.78],
						"3.9333": [-1.92, 0.42, -1.8],
						"3.9667": [-1.91, 0.41, -1.82],
						"4.0": [-1.9, 0.4, -1.84],
						"4.0333": [-1.89, 0.4, -1.86],
						"4.0667": [-1.89, 0.39, -1.88],
						"4.1": [-1.88, 0.39, -1.89],
						"4.1333": [-1.88, 0.38, -1.9],
						"4.1667": [-1.87, 0.37, -1.91],
						"4.2": [-1.87, 0.37, -1.92],
						"4.2333": [-1.87, 0.36, -1.92],
						"4.2667": [-1.87, 0.36, -1.91],
						"4.3": [-1.86, 0.35, -1.9],
						"4.3333": [-1.86, 0.35, -1.87],
						"4.3667": [-1.85, 0.34, -1.84],
						"4.4": [-1.85, 0.34, -1.8],
						"4.4333": [-1.84, 0.33, -1.74],
						"4.4667": [-1.83, 0.32, -1.59],
						"4.5": [-1.82, 0.31, -1.4],
						"4.5333": [-1.81, 0.3, -1.18],
						"4.5667": [-1.8, 0.29, -0.93],
						"4.6": [-1.78, 0.29, -0.66],
						"4.6333": [-1.77, 0.28, -0.38],
						"4.6667": [-1.76, 0.28, -0.1],
						"4.7": [-1.75, 0.28, 0.17],
						"4.7333": [-1.73, 0.28, 0.42],
						"4.7667": [-1.73, 0.29, 0.69],
						"4.8": [-1.73, 0.31, 1],
						"4.8333": [-1.75, 0.33, 1.33],
						"4.8667": [-1.76, 0.36, 1.66],
						"4.9": [-1.77, 0.39, 1.97],
						"4.9333": [-1.76, 0.41, 2.24],
						"4.9667": [-1.73, 0.43, 2.46],
						"5.0": [-1.68, 0.44, 2.59],
						"5.0333": [-1.59, 0.44, 2.62],
						"5.0667": [-1.46, 0.42, 2.53],
						"5.1": [-1.27, 0.39, 2.34],
						"5.1333": [-1.06, 0.36, 2.06],
						"5.1667": [-0.83, 0.31, 1.72],
						"5.2": [-0.58, 0.27, 1.34],
						"5.2333": [-0.35, 0.22, 0.95],
						"5.2667": [-0.14, 0.18, 0.58],
						"5.3": [0.04, 0.15, 0.25],
						"5.3333": [0.18, 0.12, -0.02],
						"5.3667": [0.36, 0.08, -0.73],
						"5.4": [0.36, 0.07, -1.31],
						"5.4333": [0.31, 0.06, -1.52],
						"5.4667": [0.25, 0.04, -1.26],
						"5.5": [0.16, 0.03, -0.71],
						"5.5333": [0.07, 0.01, -0.13],
						"5.5667": [0, 0, 0.25],
						"5.6": [-0.02, 0, 0.33],
						"5.6333": [-0.02, 0, 0.28],
						"5.6667": [-0.01, 0, 0.18],
						"5.7": [0, 0, 0.07],
						"5.7333": [0, 0, 0]
					}
				}
			},
			"sound_effects": {
				"0.0": {
					"effect": "p30_la_rpapa7_inspect_hip_raise"
				},
				"1.7667": {
					"effect": "p30_la_rpapa7_inspect_hip_rotate"
				},
				"4.4": {
					"effect": "p30_la_rpapa7_inspect_hip_end"
				}
			}
		}
	}
}