{
	"format_version": "1.8.0",
	"animations": {
		"static_idle": {
			"loop": true,
			"bones": {
				"lefthand": {
					"rotation": [89.66901, -22.11238, 210.31809],
					"position": [7, -14.25, -12.5],
					"scale": [1, 1.5, 1]
				},
				"righthand": {
					"rotation": [92.5, -355, -180],
					"position": [-6.25, -14, -5],
					"scale": [1, 1.5, 1]
				},
				"constraint": {
					"rotation": [0.2, 0.2, 0.2],
					"position": [0.2, 0.2, 0.2]
				}
			}
		},
		"draw": {
			"loop": "hold_on_last_frame",
			"animation_length": 0.5417,
			"bones": {
				"lefthand": {
					"rotation": {
						"0.0417": {
							"pre": [90.41336, -2.29428, 210.61131],
							"post": [90.41336, -2.29428, 210.61131],
							"lerp_mode": "catmullrom"
						},
						"0.2917": {
							"post": [86.59293, -22.79299, 210.49079],
							"lerp_mode": "catmullrom"
						},
						"0.4583": {
							"post": [90.33099, -22.29387, 210.45871],
							"lerp_mode": "catmullrom"
						},
						"0.5417": [89.66901, -22.11238, 210.31809]
					},
					"position": [7, -14.25, -12.5],
					"scale": [1, 1.5, 1]
				},
				"righthand": {
					"rotation": {
						"0.0": {
							"post": [92.5, -355, -180],
							"lerp_mode": "catmullrom"
						}
					},
					"position": [-6.25, -14, -5],
					"scale": [1, 1.5, 1]
				},
				"constraint": {
					"rotation": [0.2, 0.2, 0.2],
					"position": [0.2, 0.2, 0.2]
				},
				"root": {
					"rotation": {
						"0.0417": {
							"pre": [23.93604, -15.56246, 9.0859],
							"post": [23.93604, -15.56246, 9.0859],
							"lerp_mode": "catmullrom"
						},
						"0.25": {
							"post": [-2, 0, -5],
							"lerp_mode": "catmullrom"
						},
						"0.4167": {
							"post": [0.75838, 0.18297, 0.24682],
							"lerp_mode": "catmullrom"
						},
						"0.5417": {
							"post": [0, 0, 0],
							"lerp_mode": "catmullrom"
						}
					},
					"position": {
						"0.0": {
							"post": [0, -5, 8],
							"lerp_mode": "catmullrom"
						},
						"0.2083": {
							"post": [0, 0.11719, -0.46484],
							"lerp_mode": "catmullrom"
						},
						"0.375": {
							"post": [0, -0.16906, 0.12984],
							"lerp_mode": "catmullrom"
						},
						"0.5": {
							"post": [0, 0, 0],
							"lerp_mode": "catmullrom"
						}
					}
				},
				"camera": {
					"rotation": {
						"0.0": {
							"post": [0, 0, 0],
							"lerp_mode": "catmullrom"
						},
						"0.0833": {
							"post": [0.66016, -0.12109, -0.75],
							"lerp_mode": "catmullrom"
						},
						"0.2083": {
							"post": [-0.41422, 0.0675, 0.37891],
							"lerp_mode": "catmullrom"
						},
						"0.375": {
							"post": [0.07047, 0.07, -0.12391],
							"lerp_mode": "catmullrom"
						},
						"0.5417": {
							"post": [0, 0, 0],
							"lerp_mode": "catmullrom"
						}
					}
				}
			}
		},
		"put_away": {
			"loop": "hold_on_last_frame",
			"animation_length": 0.3333,
			"bones": {
				"lefthand": {
					"rotation": {
						"0.0": [89.66901, -22.11238, 210.31809],
						"0.1667": {
							"pre": [81.41434, -67.15338, 209.89726],
							"post": [81.41434, -67.15338, 209.89726],
							"lerp_mode": "catmullrom"
						},
						"0.2917": {
							"post": [87.38647, -73.52571, 209.20473],
							"lerp_mode": "catmullrom"
						}
					},
					"position": [7, -14.25, -12.5],
					"scale": [1, 1.5, 1]
				},
				"righthand": {
					"rotation": {
						"0.0": {
							"post": [92.5, -355, -180],
							"lerp_mode": "catmullrom"
						}
					},
					"position": [-6.25, -14, -5],
					"scale": [1, 1.5, 1]
				},
				"constraint": {
					"rotation": [0.2, 0.2, 0.2],
					"position": [0.2, 0.2, 0.2]
				},
				"root": {
					"rotation": {
						"0.0417": {
							"pre": [0, 0, 0],
							"post": [0, 0, 0],
							"lerp_mode": "catmullrom"
						},
						"0.1667": {
							"post": [7.49294, 0.32621, -2.47864],
							"lerp_mode": "catmullrom"
						},
						"0.3333": {
							"post": [28.41445, -25.45704, 26.60957],
							"lerp_mode": "catmullrom"
						}
					},
					"position": {
						"0.0": {
							"post": [0, 0, 0],
							"lerp_mode": "catmullrom"
						},
						"0.125": {
							"post": [0, 0, 3],
							"lerp_mode": "catmullrom"
						},
						"0.2917": {
							"post": [0, -6, 5],
							"lerp_mode": "catmullrom"
						}
					}
				},
				"camera": {
					"rotation": {
						"0.0": {
							"post": [0, 0, 0],
							"lerp_mode": "catmullrom"
						},
						"0.0833": {
							"post": [-0.35937, 0, 0.36328],
							"lerp_mode": "catmullrom"
						},
						"0.1667": {
							"post": [0.12828, 0, -0.19078],
							"lerp_mode": "catmullrom"
						},
						"0.25": {
							"post": [0, 0, 0],
							"lerp_mode": "catmullrom"
						},
						"0.3333": {
							"post": [0, 0, 0],
							"lerp_mode": "catmullrom"
						}
					}
				}
			}
		},
		"reload_tactical": {
			"loop": "hold_on_last_frame",
			"animation_length": 2.4583,
			"bones": {
				"lefthand": {
					"rotation": {
						"0.0417": [89.66901, -22.11238, 210.31809],
						"0.0833": [90.56863, -21.77773, 207.55033],
						"0.125": [92.74969, -20.96641, 200.84013],
						"0.1667": [95.66005, -19.8838, 191.88616],
						"0.25": [102.1491, -17.46997, 171.92207],
						"0.2917": [105.05946, -16.38735, 162.9681],
						"0.3333": [107.24051, -15.57603, 156.2579],
						"0.375": {
							"pre": [108.14013, -15.24139, 153.49014],
							"post": [108.14013, -15.24139, 153.49014],
							"lerp_mode": "catmullrom"
						},
						"0.5": {
							"post": [108.14, -15.24, 153.49],
							"lerp_mode": "catmullrom"
						},
						"0.5833": {
							"post": [74.70232, -24.90887, 156.21166],
							"lerp_mode": "catmullrom"
						},
						"1.0417": {
							"post": [74.7, -24.91, 156.21],
							"lerp_mode": "catmullrom"
						},
						"1.2083": {
							"post": [115.34526, -18.50874, 158.51686],
							"lerp_mode": "catmullrom"
						},
						"1.3333": {
							"post": [115.35, -18.51, 158.52],
							"lerp_mode": "catmullrom"
						},
						"1.375": {
							"post": [115.35, -18.51, 158.52],
							"lerp_mode": "catmullrom"
						},
						"1.4167": {
							"post": [131.34373, -15.17226, 151.19813],
							"lerp_mode": "catmullrom"
						},
						"1.4583": {
							"post": [131.80836, -17.58324, 153.7287],
							"lerp_mode": "catmullrom"
						},
						"1.5417": {
							"post": [131.34, -15.17, 151.2],
							"lerp_mode": "catmullrom"
						},
						"1.625": {
							"post": [111.77253, -18.08113, 158.41491],
							"lerp_mode": "catmullrom"
						},
						"1.75": {
							"post": [111.77253, -18.08113, 158.41491],
							"lerp_mode": "catmullrom"
						},
						"1.7917": {
							"post": [124.80183, -13.18186, 162.01302],
							"lerp_mode": "catmullrom"
						},
						"1.875": {
							"post": [122.07803, -15.60498, 165.92819],
							"lerp_mode": "catmullrom"
						},
						"1.9167": {
							"post": [122.07803, -15.60498, 165.92819],
							"lerp_mode": "catmullrom"
						},
						"2.1667": [89.66901, -22.11238, 210.31809]
					},
					"position": {
						"0.0": [7, -14.25, -12.5],
						"0.0417": [7.70361, -14.46917, -11.89558],
						"0.0833": [7.93754, -15.00053, -10.43022],
						"0.125": [7.92609, -15.70956, -8.47486],
						"0.1667": [7.77496, -16.5, -6.295],
						"0.2083": [7.55041, -17.29044, -4.11514],
						"0.25": [7.30561, -17.99947, -2.15978],
						"0.2917": [7.09614, -18.53083, -0.69442],
						"0.3333": {
							"pre": [7, -18.75, -0.09],
							"post": [7, -18.75, -0.09],
							"lerp_mode": "catmullrom"
						},
						"0.5": {
							"post": [7, -18.75, -0.09],
							"lerp_mode": "catmullrom"
						},
						"0.5833": {
							"post": [7, -18.75, -0.09],
							"lerp_mode": "catmullrom"
						},
						"1.5": {
							"post": [7, -18.75, -0.09],
							"lerp_mode": "catmullrom"
						},
						"1.625": {
							"post": [8, -23.75, -0.09],
							"lerp_mode": "catmullrom"
						},
						"1.75": {
							"post": [8, -23.75, -0.09],
							"lerp_mode": "catmullrom"
						},
						"1.7917": {
							"post": [6.875, -18.75, 0.91],
							"lerp_mode": "catmullrom"
						},
						"1.875": {
							"post": [6.875, -18.96875, 0.91],
							"lerp_mode": "catmullrom"
						},
						"1.9167": {
							"post": [6.875, -18.96875, 0.91],
							"lerp_mode": "catmullrom"
						},
						"2.125": {
							"post": [7, -14.25, -12.5],
							"lerp_mode": "catmullrom"
						}
					},
					"scale": [1, 1.5, 1]
				},
				"righthand": {
					"rotation": {
						"0.0417": {
							"pre": [92.5, -355, -180],
							"post": [92.5, -355, -180],
							"lerp_mode": "catmullrom"
						},
						"0.125": {
							"post": [92.93019, -351.22932, -175.03294],
							"lerp_mode": "catmullrom"
						},
						"0.1667": {
							"post": [92.93, -351.23, -175.03],
							"lerp_mode": "catmullrom"
						},
						"0.2917": {
							"post": [91.55377, -341.49322, -174.50697],
							"lerp_mode": "catmullrom"
						},
						"0.375": {
							"post": [92.20319, -343.05799, -172.46022],
							"lerp_mode": "catmullrom"
						},
						"0.5": {
							"post": [92.2, -343.06, -172.46],
							"lerp_mode": "catmullrom"
						},
						"0.5833": {
							"post": [102.05218, -345.50424, -173.00552],
							"lerp_mode": "catmullrom"
						},
						"0.6667": {
							"post": [100.05218, -345.50424, -173.00552],
							"lerp_mode": "catmullrom"
						},
						"0.75": {
							"post": [98.89818, -349.44382, -173.71516],
							"lerp_mode": "catmullrom"
						},
						"0.8333": {
							"post": [98.9616, -347.46806, -173.39831],
							"lerp_mode": "catmullrom"
						},
						"1.375": {
							"post": [98.96, -347.47, -173.4],
							"lerp_mode": "catmullrom"
						},
						"1.4167": {
							"post": [91.29292, -347.49949, -171.86378],
							"lerp_mode": "catmullrom"
						},
						"1.4583": {
							"post": [93.6539, -347.38203, -173.65265],
							"lerp_mode": "catmullrom"
						},
						"1.75": {
							"post": [96.13092, -348.37629, -173.76208],
							"lerp_mode": "catmullrom"
						},
						"1.7917": {
							"post": [93.63092, -348.37629, -173.76208],
							"lerp_mode": "catmullrom"
						},
						"1.8333": {
							"post": [95.5984, -350.11789, -173.93635],
							"lerp_mode": "catmullrom"
						},
						"1.9583": {
							"post": [95.6, -350.12, -173.94],
							"lerp_mode": "catmullrom"
						},
						"2.2083": {
							"post": [92.5, -355, -180],
							"lerp_mode": "catmullrom"
						}
					},
					"position": {
						"0.0": {
							"post": [-6.25, -14, -5],
							"lerp_mode": "catmullrom"
						},
						"0.125": {
							"post": [-6.25, -14, -5],
							"lerp_mode": "catmullrom"
						},
						"0.25": {
							"post": [-7.25, -14, -5],
							"lerp_mode": "catmullrom"
						},
						"0.3333": {
							"post": [-7.25, -14, -5],
							"lerp_mode": "catmullrom"
						},
						"0.4583": [-7.25, -14, -5],
						"1.9167": [-7.25, -14, -5],
						"2.1667": {
							"pre": [-6.25, -14, -5],
							"post": [-6.25, -14, -5],
							"lerp_mode": "catmullrom"
						}
					},
					"scale": [1, 1.5, 1]
				},
				"constraint": {
					"rotation": {
						"0.0": [0, 0, 0],
						"2.1667": [0.2, 0.2, 0.2]
					},
					"position": {
						"0.0": [0, 0, 0],
						"2.1667": [0.2, 0.2, 0.2]
					}
				},
				"root": {
					"rotation": {
						"0.0417": {
							"pre": [0, 0, 0],
							"post": [0, 0, 0],
							"lerp_mode": "catmullrom"
						},
						"0.125": {
							"post": [2.5, 0, 0],
							"lerp_mode": "catmullrom"
						},
						"0.1667": {
							"post": [2.5, 0, 0],
							"lerp_mode": "catmullrom"
						},
						"0.3333": {
							"post": [-24.74879, -30.10335, -46.54778],
							"lerp_mode": "catmullrom"
						},
						"0.4167": {
							"post": [-23.79957, -30.10335, -44.95403],
							"lerp_mode": "catmullrom"
						},
						"0.4583": {
							"post": [-22.29957, -30.10335, -44.95403],
							"lerp_mode": "catmullrom"
						},
						"0.5": {
							"post": [-22.11923, -30.41432, -47.31347],
							"lerp_mode": "catmullrom"
						},
						"0.5833": {
							"post": [-30.79942, -34.30892, -44.64341],
							"lerp_mode": "catmullrom"
						},
						"0.6667": {
							"post": [-28.29942, -34.30892, -44.64341],
							"lerp_mode": "catmullrom"
						},
						"0.7083": {
							"post": [-28.29942, -34.30892, -44.64341],
							"lerp_mode": "catmullrom"
						},
						"1.0417": {
							"post": [-26.76831, -27.16503, -50.78225],
							"lerp_mode": "catmullrom"
						},
						"1.125": {
							"post": [-24.32953, -28.40407, -55.00801],
							"lerp_mode": "catmullrom"
						},
						"1.1667": {
							"post": [-24.32953, -28.40407, -55.00801],
							"lerp_mode": "catmullrom"
						},
						"1.3333": {
							"post": [-23.38426, -27.75734, -59.02797],
							"lerp_mode": "catmullrom"
						},
						"1.375": {
							"post": [-21.79797, -27.76, -59.03],
							"lerp_mode": "catmullrom"
						},
						"1.4167": {
							"post": [-16.34191, -29.60763, -61.07261],
							"lerp_mode": "catmullrom"
						},
						"1.4583": {
							"post": [-18.37862, -29.29678, -59.98108],
							"lerp_mode": "catmullrom"
						},
						"1.5833": {
							"post": [-23.31204, -25.97142, -43.34502],
							"lerp_mode": "catmullrom"
						},
						"1.6667": {
							"post": [-23.31204, -25.97142, -43.34502],
							"lerp_mode": "catmullrom"
						},
						"1.7917": {
							"post": [-24.56, -25.97, -43.35],
							"lerp_mode": "catmullrom"
						},
						"1.8333": {
							"post": [-17.98494, -25.49451, -45.28032],
							"lerp_mode": "catmullrom"
						},
						"1.9167": {
							"post": [-21.41072, -25.49451, -44.49517],
							"lerp_mode": "catmullrom"
						},
						"2.0": {
							"post": [-21.41072, -25.49451, -44.49517],
							"lerp_mode": "catmullrom"
						},
						"2.2083": {
							"post": [3.24691, -0.14169, 2.49598],
							"lerp_mode": "catmullrom"
						},
						"2.375": {
							"post": [-0.74464, -0.18091, -0.50377],
							"lerp_mode": "catmullrom"
						},
						"2.4583": {
							"post": [0, 0, 0],
							"lerp_mode": "catmullrom"
						}
					},
					"position": {
						"0.0": {
							"post": [0, 0, 0],
							"lerp_mode": "catmullrom"
						},
						"0.0833": {
							"post": [0, -0.41016, 0.18359],
							"lerp_mode": "catmullrom"
						},
						"0.125": {
							"post": [0, -0.41016, 0.18359],
							"lerp_mode": "catmullrom"
						},
						"0.2917": {
							"post": [0, 1.01188, -2.09766],
							"lerp_mode": "catmullrom"
						},
						"0.375": {
							"post": [0, 1.01188, -2.09766],
							"lerp_mode": "catmullrom"
						},
						"0.4583": {
							"post": [-0.15886, 0.93342, -1.81277],
							"lerp_mode": "catmullrom"
						},
						"0.5417": {
							"post": [0.28401, 0.48812, -1.81792],
							"lerp_mode": "catmullrom"
						},
						"0.625": {
							"post": [0.06369, 0.7615, -1.88533],
							"lerp_mode": "catmullrom"
						},
						"0.6667": {
							"post": [0.06369, 0.7615, -1.88533],
							"lerp_mode": "catmullrom"
						},
						"1.125": {
							"post": [-0.18436, 1.51157, -3.69047],
							"lerp_mode": "catmullrom"
						},
						"1.1667": {
							"post": [-0.18436, 1.51157, -3.69047],
							"lerp_mode": "catmullrom"
						},
						"1.3333": {
							"post": [0.00131, 1.52194, -3.89377],
							"lerp_mode": "catmullrom"
						},
						"1.375": {
							"post": [0, 1.60984, -3.89],
							"lerp_mode": "catmullrom"
						},
						"1.4167": {
							"post": [-0.1995, 1.49172, -3.53801],
							"lerp_mode": "catmullrom"
						},
						"1.4583": {
							"post": [-0.09587, 1.65462, -3.88687],
							"lerp_mode": "catmullrom"
						},
						"1.5417": {
							"post": [-0.0487, 1.06701, -4.28685],
							"lerp_mode": "catmullrom"
						},
						"1.625": {
							"post": [-0.0487, 1.06701, -4.28685],
							"lerp_mode": "catmullrom"
						},
						"1.75": {
							"post": [0.15069, 0.92736, -4.38967],
							"lerp_mode": "catmullrom"
						},
						"1.7917": {
							"post": [-0.23521, 1.43785, -4.56483],
							"lerp_mode": "catmullrom"
						},
						"1.875": {
							"post": [-0.15709, 1.27769, -4.56483],
							"lerp_mode": "catmullrom"
						},
						"1.9583": {
							"post": [-0.15709, 1.27769, -4.56483],
							"lerp_mode": "catmullrom"
						},
						"2.1667": {
							"post": [-0.01056, -0.27811, 0.09679],
							"lerp_mode": "catmullrom"
						},
						"2.3333": {
							"post": [0, 0.04429, -0.24884],
							"lerp_mode": "catmullrom"
						},
						"2.4167": {
							"post": [0, 0, 0],
							"lerp_mode": "catmullrom"
						}
					}
				},
				"mag_and_lefthand": {
					"rotation": {
						"0.5": {
							"pre": [0, 0, 0],
							"post": [0, 0, 0],
							"lerp_mode": "catmullrom"
						},
						"0.5417": [-2.5, 0, 0],
						"0.625": [-2.5, 0, 0],
						"1.0833": [-2.5, 0, 0],
						"1.125": [-2.90549, 0, 0],
						"1.2083": [-7.09451, 0, 0],
						"1.25": {
							"pre": [-7.5, 0, 0],
							"post": [-7.5, 0, 0],
							"lerp_mode": "catmullrom"
						},
						"1.375": {
							"post": [-1.25, 0, 0],
							"lerp_mode": "catmullrom"
						},
						"1.4167": {
							"post": [0, 0, 0],
							"lerp_mode": "catmullrom"
						},
						"1.9583": {
							"post": [0, 0, 0],
							"lerp_mode": "catmullrom"
						},
						"2.2083": {
							"post": [0, 0, 0],
							"lerp_mode": "catmullrom"
						}
					},
					"position": {
						"0.4583": {
							"pre": [0, 0, 0],
							"post": [0, 0, 0],
							"lerp_mode": "catmullrom"
						},
						"0.5": [0, -1, 0],
						"0.5417": [-0.30915, -2.34865, 0.41201],
						"0.5833": [-2.69085, -12.73859, 3.58609],
						"0.625": {
							"pre": [-3, -14.08724, 3.9981],
							"post": [-3, -14.08724, 3.9981],
							"lerp_mode": "catmullrom"
						},
						"1.0833": {
							"post": [-4.8125, -14.08724, 3.9981],
							"lerp_mode": "catmullrom"
						},
						"1.25": {
							"post": [0, -3.98529, -0.42424],
							"lerp_mode": "catmullrom"
						},
						"1.375": {
							"post": [0, -3.24071, -0.30005],
							"lerp_mode": "catmullrom"
						},
						"1.4167": {
							"post": [0, 0, 0],
							"lerp_mode": "catmullrom"
						},
						"1.9167": {
							"post": [0, 0, 0],
							"lerp_mode": "catmullrom"
						},
						"2.1667": {
							"post": [0, 0, 0],
							"lerp_mode": "catmullrom"
						}
					}
				},
				"aug_default": {
					"rotation": {
						"0.5": {
							"pre": [0, 0, 0],
							"post": [0, 0, 0],
							"lerp_mode": "catmullrom"
						},
						"0.5417": {
							"post": [-2, 0, 0],
							"lerp_mode": "catmullrom"
						},
						"0.625": {
							"post": [-0.25, 0, 0],
							"lerp_mode": "catmullrom"
						}
					}
				},
				"camera": {
					"rotation": {
						"0.0": {
							"post": [0, 0, 0],
							"lerp_mode": "catmullrom"
						},
						"0.0833": {
							"post": [-0.31641, 0, 0.38672],
							"lerp_mode": "catmullrom"
						},
						"0.3333": {
							"post": [5.05891, 0.82031, -0.23891],
							"lerp_mode": "catmullrom"
						},
						"0.5": {
							"post": [5.06, 0.61687, -0.01734],
							"lerp_mode": "catmullrom"
						},
						"0.5417": {
							"post": [4.98578, 0.01062, -1.50047],
							"lerp_mode": "catmullrom"
						},
						"0.625": {
							"post": [4.94609, 0.2725, 0.47656],
							"lerp_mode": "catmullrom"
						},
						"0.7083": {
							"post": [4.89, 0.49, -0.35812],
							"lerp_mode": "catmullrom"
						},
						"0.7917": {
							"post": [5.09844, 0.66844, 0.10891],
							"lerp_mode": "catmullrom"
						},
						"1.1667": {
							"post": [5.39688, -0.37297, 0.40688],
							"lerp_mode": "catmullrom"
						},
						"1.375": {
							"post": [5.19688, -0.27234, 0.41],
							"lerp_mode": "catmullrom"
						},
						"1.4167": {
							"post": [5.36016, -0.09422, 1.72641],
							"lerp_mode": "catmullrom"
						},
						"1.4583": {
							"post": [5.15688, -0.27, -0.07766],
							"lerp_mode": "catmullrom"
						},
						"1.5417": {
							"post": [5.56, -0.51, 0.55563],
							"lerp_mode": "catmullrom"
						},
						"1.75": {
							"post": [5.51156, -0.84031, 0.70578],
							"lerp_mode": "catmullrom"
						},
						"1.7917": {
							"post": [5.49672, -0.56656, 1.80375],
							"lerp_mode": "catmullrom"
						},
						"1.875": {
							"post": [5.49672, -0.56656, 0.0225],
							"lerp_mode": "catmullrom"
						},
						"2.0417": {
							"post": [2.34859, -1.44734, 0.35453],
							"lerp_mode": "catmullrom"
						},
						"2.25": {
							"post": [-0.62266, 0.58906, -0.28281],
							"lerp_mode": "catmullrom"
						},
						"2.375": {
							"post": [0.18078, -0.16391, 0.05984],
							"lerp_mode": "catmullrom"
						},
						"2.4583": {
							"post": [0, 0, 0],
							"lerp_mode": "catmullrom"
						}
					}
				}
			},
			"sound_effects": {
				"0.0": {
					"effect": "tacz:aug/aug_reload_raise"
				},
				"0.3333": {
					"effect": "tacz:aug/aug_inspect_maggrab"
				},
				"0.5": {
					"effect": "tacz:aug/aug_reload_magout"
				},
				"1.3333": {
					"effect": "tacz:aug/aug_reload_magin"
				},
				"1.7917": {
					"effect": "tacz:aug/aug_reload_maghitwell"
				},
				"1.875": {
					"effect": "tacz:aug/aug_reload_end"
				}
			}
		},
		"reload_empty": {
			"loop": "hold_on_last_frame",
			"animation_length": 3.2083,
			"bones": {
				"lefthand": {
					"rotation": {
						"0.0": [89.66901, -22.11238, 210.31809],
						"0.0417": [90.60516, -23.01643, 208.80919],
						"0.0833": [97.20184, -25.74189, 201.73547],
						"0.125": [109.86732, -21.76765, 181.72713],
						"0.1667": [119.0927, -13.52072, 164.62375],
						"0.2083": [126.27138, -2.08034, 148.87282],
						"0.25": [128.5962, 18.27333, 133.14139],
						"0.2917": [134.696, 20.32003, 127.29576],
						"0.3333": {
							"pre": [148.95, 20.32, 127.3],
							"post": [148.95, 20.32, 127.3],
							"lerp_mode": "catmullrom"
						},
						"0.375": {
							"post": [147.2, 20.32, 127.3],
							"lerp_mode": "catmullrom"
						},
						"0.4167": {
							"post": [147.0704, 19.75292, 115.00814],
							"lerp_mode": "catmullrom"
						},
						"0.5": {
							"post": [148.64718, 16.84769, 120.03914],
							"lerp_mode": "catmullrom"
						},
						"0.5833": {
							"post": [148.64718, 16.84769, 120.03914],
							"lerp_mode": "catmullrom"
						},
						"0.875": {
							"post": [108.14013, -15.24139, 153.49014],
							"lerp_mode": "catmullrom"
						},
						"1.0": {
							"post": [108.14, -15.24, 153.49],
							"lerp_mode": "catmullrom"
						},
						"1.0833": {
							"post": [74.70232, -24.90887, 156.21166],
							"lerp_mode": "catmullrom"
						},
						"1.375": {
							"post": [74.7, -24.91, 156.21],
							"lerp_mode": "catmullrom"
						},
						"1.5417": {
							"post": [115.34526, -18.50874, 158.51686],
							"lerp_mode": "catmullrom"
						},
						"1.6667": {
							"post": [115.35, -18.51, 158.52],
							"lerp_mode": "catmullrom"
						},
						"1.7083": {
							"post": [115.35, -18.51, 158.52],
							"lerp_mode": "catmullrom"
						},
						"1.75": {
							"post": [131.34373, -15.17226, 151.19813],
							"lerp_mode": "catmullrom"
						},
						"1.7917": {
							"post": [131.80836, -17.58324, 153.7287],
							"lerp_mode": "catmullrom"
						},
						"1.875": {
							"post": [131.34, -15.17, 151.2],
							"lerp_mode": "catmullrom"
						},
						"1.9583": {
							"post": [111.77253, -18.08113, 158.41491],
							"lerp_mode": "catmullrom"
						},
						"2.0833": {
							"post": [111.77253, -18.08113, 158.41491],
							"lerp_mode": "catmullrom"
						},
						"2.125": {
							"post": [124.80183, -13.18186, 162.01302],
							"lerp_mode": "catmullrom"
						},
						"2.2083": {
							"post": [122.07803, -15.60498, 165.92819],
							"lerp_mode": "catmullrom"
						},
						"2.25": {
							"post": [122.07803, -15.60498, 165.92819],
							"lerp_mode": "catmullrom"
						},
						"2.5": {
							"post": [166.47228, -14.64246, 143.14225],
							"lerp_mode": "catmullrom"
						},
						"2.5833": {
							"post": [166.47228, -14.64246, 143.14225],
							"lerp_mode": "catmullrom"
						},
						"2.625": {
							"post": [130.65619, -16.13678, 138.12706],
							"lerp_mode": "catmullrom"
						},
						"2.7083": {
							"post": [98.82382, -21.49896, 136.83377],
							"lerp_mode": "catmullrom"
						},
						"2.7917": {
							"post": [105.3003, -20.78495, 133.43426],
							"lerp_mode": "catmullrom"
						},
						"2.8333": [104.03262, -20.8926, 140.0708],
						"2.875": [97.48465, -21.44866, 176.32638],
						"2.9167": [90.93669, -22.00472, 205.75639],
						"2.9583": [89.66901, -22.11238, 210.31809],
						"3.2083": [89.66901, -22.11238, 210.31809]
					},
					"position": {
						"0.0": {
							"post": [7, -14.25, -12.5],
							"lerp_mode": "catmullrom"
						},
						"0.2917": {
							"post": [9.5, -10.25, -12.09375],
							"lerp_mode": "catmullrom"
						},
						"0.3333": {
							"post": [9.5, -10.25, -7.09],
							"lerp_mode": "catmullrom"
						},
						"0.375": {
							"post": [9.5, -10.25, -7.09],
							"lerp_mode": "catmullrom"
						},
						"0.4167": {
							"post": [8.75, -9.75, -7.09],
							"lerp_mode": "catmullrom"
						},
						"0.5": {
							"post": [8.75, -9.75, -7.09],
							"lerp_mode": "catmullrom"
						},
						"0.5833": {
							"post": [8.75, -9.75, -7.09],
							"lerp_mode": "catmullrom"
						},
						"0.8333": {
							"post": [7, -18.75, -0.09],
							"lerp_mode": "catmullrom"
						},
						"1.0": {
							"post": [7, -18.75, -0.09],
							"lerp_mode": "catmullrom"
						},
						"1.0833": {
							"post": [7, -18.75, -0.09],
							"lerp_mode": "catmullrom"
						},
						"1.8333": {
							"post": [7, -18.75, -0.09],
							"lerp_mode": "catmullrom"
						},
						"1.9583": {
							"post": [8, -23.75, -0.09],
							"lerp_mode": "catmullrom"
						},
						"2.0833": {
							"post": [8, -23.75, -0.09],
							"lerp_mode": "catmullrom"
						},
						"2.125": {
							"post": [6.875, -18.75, 0.91],
							"lerp_mode": "catmullrom"
						},
						"2.2083": {
							"post": [6.875, -18.96875, 0.91],
							"lerp_mode": "catmullrom"
						},
						"2.25": {
							"post": [6.875, -18.96875, 0.91],
							"lerp_mode": "catmullrom"
						},
						"2.5": {
							"post": [8.38, -4.97, -1.34],
							"lerp_mode": "catmullrom"
						},
						"2.5833": {
							"post": [8.38, -4.97, -1.34],
							"lerp_mode": "catmullrom"
						},
						"2.625": {
							"post": [8.38, -9.97, -6.34],
							"lerp_mode": "catmullrom"
						},
						"2.7083": {
							"post": [11.38, -14.97, -9.34],
							"lerp_mode": "catmullrom"
						},
						"2.7917": {
							"post": [11.38, -14.97, -9.34],
							"lerp_mode": "catmullrom"
						},
						"2.9583": {
							"post": [7, -14.25, -12.5],
							"lerp_mode": "catmullrom"
						},
						"3.2083": [3.5, -16, -13.75]
					},
					"scale": {
						"0.0": [1, 1.5, 1],
						"3.2083": [1, 1.5, 1]
					}
				},
				"righthand": {
					"rotation": {
						"0.5833": {
							"pre": [92.5, -355, -180],
							"post": [92.5, -355, -180],
							"lerp_mode": "catmullrom"
						},
						"0.7917": {
							"post": [97.57828, -345.00977, -179.55072],
							"lerp_mode": "catmullrom"
						},
						"0.9583": {
							"post": [97.58, -345.01, -179.55],
							"lerp_mode": "catmullrom"
						},
						"1.0": {
							"post": [93.90434, -345.29298, -174.38544],
							"lerp_mode": "catmullrom"
						},
						"1.0833": {
							"post": [95.74105, -345.24577, -176.97486],
							"lerp_mode": "catmullrom"
						},
						"1.625": {
							"post": [95.74, -345.25, -176.97],
							"lerp_mode": "catmullrom"
						},
						"1.7083": {
							"post": [103.24, -345.25, -176.97],
							"lerp_mode": "catmullrom"
						},
						"1.75": {
							"post": [98.24, -345.25, -176.97],
							"lerp_mode": "catmullrom"
						},
						"2.0": {
							"post": [98.24, -345.25, -176.97],
							"lerp_mode": "catmullrom"
						},
						"2.0833": {
							"post": [103.24, -345.25, -176.97],
							"lerp_mode": "catmullrom"
						},
						"2.125": {
							"post": [98.24, -345.25, -176.97],
							"lerp_mode": "catmullrom"
						},
						"2.25": {
							"post": [98.24, -345.25, -176.97],
							"lerp_mode": "catmullrom"
						},
						"2.4583": {
							"post": [92.5, -355, -180],
							"lerp_mode": "catmullrom"
						}
					},
					"position": {
						"0.5417": {
							"pre": [-6.25, -14, -5],
							"post": [-6.25, -14, -5],
							"lerp_mode": "catmullrom"
						},
						"0.75": {
							"post": [-7.44412, -13.65376, -5.12922],
							"lerp_mode": "catmullrom"
						},
						"0.9167": {
							"post": [-7.44, -13.65, -5.13],
							"lerp_mode": "catmullrom"
						},
						"2.2083": {
							"post": [-7.44, -13.65, -5.13],
							"lerp_mode": "catmullrom"
						},
						"2.4167": {
							"post": [-6.25, -14, -5],
							"lerp_mode": "catmullrom"
						}
					},
					"scale": [1, 1.5, 1]
				},
				"constraint": {
					"rotation": [0.2, 0.2, 0.2],
					"position": [0.2, 0.2, 0.2]
				},
				"root": {
					"rotation": {
						"0.0417": {
							"pre": [0, 0, 0],
							"post": [0, 0, 0],
							"lerp_mode": "catmullrom"
						},
						"0.125": [4.24683, -0.16018, 2.74473],
						"0.2083": [4.24683, -0.16018, 2.74473],
						"0.2917": {
							"pre": [3.49806, -0.12315, 2.2461],
							"post": [3.49806, -0.12315, 2.2461],
							"lerp_mode": "catmullrom"
						},
						"0.3333": [-3.65867, -0.04439, 7.40132],
						"0.4167": [-2.4282, -0.04439, 6.39741],
						"0.5": {
							"pre": [-2.42691, 0.13978, 1.39456],
							"post": [-2.42691, 0.13978, 1.39456],
							"lerp_mode": "catmullrom"
						},
						"0.5833": {
							"post": [-2.28503, 0.14637, 1.89452],
							"lerp_mode": "catmullrom"
						},
						"0.7917": {
							"post": [-26.68417, -1.14539, -31.5671],
							"lerp_mode": "catmullrom"
						},
						"0.9167": {
							"post": [-26.68417, -1.14539, -31.5671],
							"lerp_mode": "catmullrom"
						},
						"1.0": [-31.70231, 0.16819, -29.43988],
						"1.0833": [-28.91101, 1.6426, -30.41274],
						"1.1667": {
							"pre": [-29.41101, 1.6426, -30.41274],
							"post": [-29.41101, 1.6426, -30.41274],
							"lerp_mode": "catmullrom"
						},
						"1.3333": {
							"post": [-34.36772, 0.13547, -38.1723],
							"lerp_mode": "catmullrom"
						},
						"1.4167": {
							"post": [-34.12629, 0.15154, -36.36603],
							"lerp_mode": "catmullrom"
						},
						"1.5417": {
							"post": [-36.35643, -1.2508, -38.43582],
							"lerp_mode": "catmullrom"
						},
						"1.625": {
							"post": [-36.37354, -2.05606, -37.84265],
							"lerp_mode": "catmullrom"
						},
						"1.7083": {
							"post": [-36.37, -2.06, -37.84],
							"lerp_mode": "catmullrom"
						},
						"1.7917": {
							"post": [-28.92564, -0.85173, -35.65063],
							"lerp_mode": "catmullrom"
						},
						"1.875": {
							"post": [-30.42564, -0.85173, -35.65063],
							"lerp_mode": "catmullrom"
						},
						"1.9167": {
							"post": [-30.42564, -0.85173, -35.65063],
							"lerp_mode": "catmullrom"
						},
						"2.0": {
							"post": [-32.92564, -0.85173, -35.65063],
							"lerp_mode": "catmullrom"
						},
						"2.125": {
							"post": [-32.93, -0.85, -35.65],
							"lerp_mode": "catmullrom"
						},
						"2.1667": {
							"post": [-29.44562, -0.85, -35.65],
							"lerp_mode": "catmullrom"
						},
						"2.25": {
							"post": [-30.41828, -0.85, -35.65],
							"lerp_mode": "catmullrom"
						},
						"2.2917": [-28.81952, -0.63846, -32.85911],
						"2.3333": [-23.05951, -0.0193, -24.89851],
						"2.375": [-14.42142, 0.98486, -12.4717],
						"2.4167": [-8.66141, 2.34161, 3.22302],
						"2.4583": [-7.06265, 3.91471, 17.16698],
						"2.5": [-7.06265, 4.6364, 18.9452],
						"2.5417": [-7.06265, 4.60759, 18.79594],
						"2.5833": [-7.06265, 3.91471, 17.16698],
						"2.625": {
							"pre": [3.09475, 3.84752, 23.18041],
							"post": [3.09475, 3.84752, 23.18041],
							"lerp_mode": "catmullrom"
						},
						"2.7083": {
							"post": [-2.44251, 3.85372, 18.92125],
							"lerp_mode": "catmullrom"
						},
						"2.7917": {
							"post": [-2.44251, 3.85372, 18.92125],
							"lerp_mode": "catmullrom"
						},
						"3.0": {
							"post": [-1.32101, -0.09809, -3.74872],
							"lerp_mode": "catmullrom"
						},
						"3.0833": {
							"post": [0.52734, 0, -0.35156],
							"lerp_mode": "catmullrom"
						},
						"3.1667": {
							"post": [0, 0, 0],
							"lerp_mode": "catmullrom"
						}
					},
					"position": {
						"0.0": {
							"post": [0, 0, 0],
							"lerp_mode": "catmullrom"
						},
						"0.125": {
							"post": [-0.01266, -0.45959, -0.40541],
							"lerp_mode": "catmullrom"
						},
						"0.2083": {
							"post": [-0.01266, -0.45959, -0.40541],
							"lerp_mode": "catmullrom"
						},
						"0.2917": {
							"post": [-0.01, -0.42094, -0.41],
							"lerp_mode": "catmullrom"
						},
						"0.3333": {
							"post": [-0.01, -0.77547, 0.6525],
							"lerp_mode": "catmullrom"
						},
						"0.4167": {
							"post": [-0.01, -0.56453, 0.28531],
							"lerp_mode": "catmullrom"
						},
						"0.5": {
							"post": [-0.06469, -0.47797, 0.28094],
							"lerp_mode": "catmullrom"
						},
						"0.5833": {
							"post": [-0.06, -0.50906, 0.28094],
							"lerp_mode": "catmullrom"
						},
						"0.75": {
							"post": [-0.06, 0.5, -1.73],
							"lerp_mode": "catmullrom"
						},
						"0.875": {
							"post": [-0.06, 0.5, -1.73],
							"lerp_mode": "catmullrom"
						},
						"0.9583": [0.25465, -0.05849, -1.89638],
						"1.0417": [0.05542, 0.32423, -1.90832],
						"1.125": {
							"pre": [0.05542, 0.32423, -1.90832],
							"post": [0.05542, 0.32423, -1.90832],
							"lerp_mode": "catmullrom"
						},
						"1.2917": {
							"post": [-0.42869, 0.95684, -2.57615],
							"lerp_mode": "catmullrom"
						},
						"1.375": {
							"post": [-0.37433, 0.88683, -2.44747],
							"lerp_mode": "catmullrom"
						},
						"1.5": {
							"post": [-0.22036, 0.7009, -2.62316],
							"lerp_mode": "catmullrom"
						},
						"1.7083": {
							"post": [-0.22, 0.7, -2.62],
							"lerp_mode": "catmullrom"
						},
						"1.7917": {
							"post": [-0.48466, 1.07706, -2.93667],
							"lerp_mode": "catmullrom"
						},
						"1.8333": {
							"post": [-0.31384, 0.84184, -2.68473],
							"lerp_mode": "catmullrom"
						},
						"1.875": {
							"post": [-0.31384, 0.84184, -2.68473],
							"lerp_mode": "catmullrom"
						},
						"1.9583": {
							"post": [-0.18605, 0.67066, -2.81587],
							"lerp_mode": "catmullrom"
						},
						"2.0833": {
							"post": [-0.19, 0.67, -2.82],
							"lerp_mode": "catmullrom"
						},
						"2.125": {
							"post": [-0.19923, 1.10781, -3.0396],
							"lerp_mode": "catmullrom"
						},
						"2.2083": {
							"post": [-0.21682, 0.86942, -2.98811],
							"lerp_mode": "catmullrom"
						},
						"2.25": [-0.19128, 0.85368, -2.76579],
						"2.2917": [-0.09925, 0.80642, -2.11893],
						"2.3333": [0.03877, 0.72953, -1.0981],
						"2.375": [0.1308, 0.63149, 0.17412],
						"2.4167": [0.15635, 0.54363, 1.2203],
						"2.4583": [0.15635, 0.53184, 1.38921],
						"2.5": [0.15635, 0.55533, 1.41165],
						"2.5417": [0.15635, 0.59175, 1.36029],
						"2.5833": [0.15635, 0.62957, 1.2203],
						"2.625": {
							"pre": [-0.05952, 0.2651, 0.14571],
							"post": [-0.05952, 0.2651, 0.14571],
							"lerp_mode": "catmullrom"
						},
						"2.7083": {
							"post": [0.07709, 0.47564, 0.88777],
							"lerp_mode": "catmullrom"
						},
						"2.7917": {
							"post": [0.07709, 0.47564, 0.88777],
							"lerp_mode": "catmullrom"
						},
						"2.9583": {
							"post": [-0.01281, -0.00918, -0.12078],
							"lerp_mode": "catmullrom"
						},
						"3.0417": {
							"post": [0, 0, 0],
							"lerp_mode": "catmullrom"
						},
						"3.125": {
							"post": [0, 0, 0],
							"lerp_mode": "catmullrom"
						}
					}
				},
				"mag_and_lefthand": {
					"rotation": {
						"0.875": {
							"pre": [0, 0, 0],
							"post": [0, 0, 0],
							"lerp_mode": "catmullrom"
						},
						"0.9167": [-1.25, 0, 0],
						"0.9583": [-2.5, 0, 0],
						"1.0": [-2.5, 0, 0],
						"1.0417": [-2.49123, 0.06666, 1.54436],
						"1.0833": [-2.42369, 0.5802, 13.44201],
						"1.125": {
							"pre": [-2.41492, 0.64686, 14.98637],
							"post": [-2.41492, 0.64686, 14.98637],
							"lerp_mode": "catmullrom"
						},
						"1.375": {
							"post": [-2.41, 0.65, 14.99],
							"lerp_mode": "catmullrom"
						},
						"1.5417": {
							"post": [-5, 0, 0],
							"lerp_mode": "catmullrom"
						},
						"1.6667": {
							"post": [1.5, 0, 0],
							"lerp_mode": "catmullrom"
						},
						"1.7083": {
							"post": [1.5, 0, 0],
							"lerp_mode": "catmullrom"
						},
						"1.75": {
							"post": [0, 0, 0],
							"lerp_mode": "catmullrom"
						}
					},
					"position": {
						"0.8333": {
							"pre": [0, 0, 0],
							"post": [0, 0, 0],
							"lerp_mode": "catmullrom"
						},
						"0.875": [0, -0.5, 0],
						"0.9167": [0, -1, 0],
						"0.9583": [0, -1, 0],
						"1.0": [-0.32497, -2.48919, 0.04636],
						"1.0417": [-2.82856, -13.96182, 0.40348],
						"1.0833": {
							"pre": [-3.15354, -15.451, 0.44984],
							"post": [-3.15354, -15.451, 0.44984],
							"lerp_mode": "catmullrom"
						},
						"1.3333": {
							"post": [-3.15, -15.45, 0.45],
							"lerp_mode": "catmullrom"
						},
						"1.5": {
							"post": [0, -3.93463, -0.74715],
							"lerp_mode": "catmullrom"
						},
						"1.6667": {
							"post": [0, -4.43502, 0.18309],
							"lerp_mode": "catmullrom"
						},
						"1.7083": {
							"post": [0, -4.43502, 0.18309],
							"lerp_mode": "catmullrom"
						},
						"1.75": {
							"post": [0, 0, 0],
							"lerp_mode": "catmullrom"
						}
					}
				},
				"aug_charge": {
					"rotation": {
						"0.375": {
							"pre": [0, 0, 0],
							"post": [0, 0, 0],
							"lerp_mode": "catmullrom"
						},
						"0.4167": {
							"post": [0, 0, -27.5],
							"lerp_mode": "catmullrom"
						},
						"2.5833": {
							"post": [0, 0, -27.5],
							"lerp_mode": "catmullrom"
						},
						"2.625": {
							"post": [0, 0, 0],
							"lerp_mode": "catmullrom"
						}
					},
					"position": {
						"0.2917": {
							"pre": [0, 0, 0],
							"post": [0, 0, 0],
							"lerp_mode": "catmullrom"
						},
						"0.3333": {
							"post": [0, 0, 5],
							"lerp_mode": "catmullrom"
						},
						"2.625": {
							"post": [0, 0, 5],
							"lerp_mode": "catmullrom"
						},
						"2.6667": {
							"post": [0, 0, -1],
							"lerp_mode": "catmullrom"
						},
						"2.7083": {
							"post": [0, 0, -0.68359],
							"lerp_mode": "catmullrom"
						},
						"2.75": {
							"post": [0, 0, -1],
							"lerp_mode": "catmullrom"
						}
					}
				},
				"camera": {
					"rotation": {
						"0.0": {
							"post": [0, 0, 0],
							"lerp_mode": "catmullrom"
						},
						"0.125": {
							"post": [0.75, -0.42969, -0.65234],
							"lerp_mode": "catmullrom"
						},
						"0.2917": {
							"post": [0.75, -0.43, -0.65],
							"lerp_mode": "catmullrom"
						},
						"0.3333": {
							"post": [-0.26953, -0.27766, 1.19766],
							"lerp_mode": "catmullrom"
						},
						"0.375": {
							"post": [0.24953, -0.28, -0.93125],
							"lerp_mode": "catmullrom"
						},
						"0.4583": {
							"post": [0.14063, 0.04031, -0.09281],
							"lerp_mode": "catmullrom"
						},
						"0.75": {
							"post": [8.47203, 0.80563, -0.71891],
							"lerp_mode": "catmullrom"
						},
						"0.9583": {
							"post": [8.47, 0.54828, -0.45828],
							"lerp_mode": "catmullrom"
						},
						"1.0": {
							"post": [7.76297, -0.3875, 1.29391],
							"lerp_mode": "catmullrom"
						},
						"1.0833": {
							"post": [8.02609, 0.07484, -0.70219],
							"lerp_mode": "catmullrom"
						},
						"1.1667": {
							"post": [6.5, 0.14, 0.23812],
							"lerp_mode": "catmullrom"
						},
						"1.25": {
							"post": [5.04172, 0.07, 0.24],
							"lerp_mode": "catmullrom"
						},
						"1.4583": {
							"post": [5.88766, -0.54328, 0.00562],
							"lerp_mode": "catmullrom"
						},
						"1.7083": {
							"post": [5.74547, -0.48141, 0.24438],
							"lerp_mode": "catmullrom"
						},
						"1.75": {
							"post": [5.21094, -0.35891, -1.26391],
							"lerp_mode": "catmullrom"
						},
						"1.7917": {
							"post": [5.51078, -0.36, 0.82203],
							"lerp_mode": "catmullrom"
						},
						"1.875": {
							"post": [5.54, -0.36, -0.25687],
							"lerp_mode": "catmullrom"
						},
						"2.0833": {
							"post": [5.51, -0.36, 0.15],
							"lerp_mode": "catmullrom"
						},
						"2.125": {
							"post": [5.29906, -0.53969, -1.01797],
							"lerp_mode": "catmullrom"
						},
						"2.2083": {
							"post": [5.42109, -0.36031, 0.1675],
							"lerp_mode": "catmullrom"
						},
						"2.2917": {
							"post": [3.32, -0.12, -0.07875],
							"lerp_mode": "catmullrom"
						},
						"2.4583": {
							"post": [-1.70109, 0.39, 0.635],
							"lerp_mode": "catmullrom"
						},
						"2.5833": {
							"post": [-1.7, 0.39, 0.64],
							"lerp_mode": "catmullrom"
						},
						"2.625": {
							"post": [-0.38359, 0.39, 2.64],
							"lerp_mode": "catmullrom"
						},
						"2.7083": {
							"post": [-0.61, 0.41, -0.15937],
							"lerp_mode": "catmullrom"
						},
						"2.7917": {
							"post": [-1.27062, 0.39, 1.32359],
							"lerp_mode": "catmullrom"
						},
						"2.9167": {
							"post": [0.44094, -0.20375, -0.19562],
							"lerp_mode": "catmullrom"
						},
						"3.0417": {
							"post": [-0.08734, 0.12812, 0.12812],
							"lerp_mode": "catmullrom"
						},
						"3.1667": {
							"post": [0, 0, 0],
							"lerp_mode": "catmullrom"
						}
					}
				},
				"lefthand_pos": {
					"position": {
						"0.0": [0, 0, 0],
						"0.3333": [-1.57839, -1.7637, -3.2246],
						"0.5": [-1.58, -1.26, -3.22]
					}
				},
				"handle": {
					"rotation": {
						"0.25": [0, 0, 0],
						"0.3333": [0, -67.5, 0],
						"0.4167": [-3.59465, -66.28951, -41.65694],
						"2.5833": [-3.59465, -66.28951, -41.65694],
						"2.625": [-0.23323, 0.72247, -0.96643]
					},
					"position": {
						"0.0": [0, 0, 0],
						"0.2917": [0, 0, 0],
						"0.3333": [0, 0, 1],
						"0.5": [0, 0, 0.75],
						"1.25": [0, 0, 0.375],
						"2.0": [0, 0, 0.375],
						"2.5833": [0, 0, 0.9375]
					}
				}
			},
			"sound_effects": {
				"0.2083": {
					"effect": "tacz:aug/aug_reload_empty_boltlock"
				},
				"0.7083": {
					"effect": "tacz:aug/aug_reload_empty_raise"
				},
				"0.7917": {
					"effect": "tacz:aug/aug_inspect_maggrab"
				},
				"0.875": {
					"effect": "tacz:aug/aug_reload_empty_magout"
				},
				"1.5417": {
					"effect": "tacz:aug/aug_reload_empty_maghit"
				},
				"1.7083": {
					"effect": "tacz:aug/aug_reload_empty_magin"
				},
				"2.125": {
					"effect": "tacz:aug/aug_reload_maghitwell"
				},
				"2.625": {
					"effect": "tacz:aug/aug_reload_empty_boltclose"
				},
				"2.7917": {
					"effect": "tacz:aug/aug_reload_empty_end"
				}
			}
		},
		"inspect": {
			"loop": "hold_on_last_frame",
			"animation_length": 7.875,
			"bones": {
				"lefthand": {
					"rotation": {
						"0.0417": [89.66901, -22.11238, 210.31809],
						"0.2083": {
							"pre": [94.76637, -20.33374, 209.96687],
							"post": [94.76637, -20.33374, 209.96687],
							"lerp_mode": "catmullrom"
						},
						"0.2917": {
							"post": [94.76637, -20.33374, 209.96687],
							"lerp_mode": "catmullrom"
						},
						"0.4583": {
							"post": [94.77, -20.33312, 209.96813],
							"lerp_mode": "catmullrom"
						},
						"0.75": {
							"post": [98.02278, -62.39976, 210.09866],
							"lerp_mode": "catmullrom"
						},
						"0.875": {
							"post": [94.15462, -64.2381, 219.09484],
							"lerp_mode": "catmullrom"
						},
						"1.25": {
							"post": [93.4501, -65.48497, 218.87207],
							"lerp_mode": "catmullrom"
						},
						"1.9167": {
							"post": [94.41696, -63.98786, 219.10805],
							"lerp_mode": "catmullrom"
						},
						"2.0417": {
							"post": [87.03341, -69.48175, 218.68944],
							"lerp_mode": "catmullrom"
						},
						"2.125": {
							"post": [87.03341, -69.48175, 218.68944],
							"lerp_mode": "catmullrom"
						},
						"2.5417": {
							"post": [86.87863, -67.98387, 218.51538],
							"lerp_mode": "catmullrom"
						},
						"2.8333": {
							"post": [86.88, -67.98, 218.51813],
							"lerp_mode": "catmullrom"
						},
						"3.0417": {
							"post": [90.33099, -18.34075, 210.14621],
							"lerp_mode": "catmullrom"
						},
						"3.25": {
							"post": [90.33099, -18.34075, 210.14621],
							"lerp_mode": "catmullrom"
						},
						"3.5417": {
							"post": [77.46259, 3.7553, 205.00176],
							"lerp_mode": "catmullrom"
						},
						"3.5833": {
							"post": [77.46259, 3.7553, 205.00176],
							"lerp_mode": "catmullrom"
						},
						"3.625": {
							"post": [80.1695, 1.78698, 209.03248],
							"lerp_mode": "catmullrom"
						},
						"3.7083": {
							"post": [107.15444, -15.56207, 219.43547],
							"lerp_mode": "catmullrom"
						},
						"3.7917": {
							"post": [107.15, -15.56312, 219.43813],
							"lerp_mode": "catmullrom"
						},
						"4.0": {
							"post": [95.45481, -8.05304, 239.3668],
							"lerp_mode": "catmullrom"
						},
						"4.125": {
							"post": [95.45481, -8.05304, 239.3668],
							"lerp_mode": "catmullrom"
						},
						"4.4167": {
							"post": [95.35152, -9.79531, 239.17413],
							"lerp_mode": "catmullrom"
						},
						"4.75": {
							"post": [95.45, -8.05313, 239.36813],
							"lerp_mode": "catmullrom"
						},
						"4.875": {
							"post": [118.84353, -29.68395, 234.05622],
							"lerp_mode": "catmullrom"
						},
						"4.9583": {
							"post": [118.84353, -29.68395, 234.05622],
							"lerp_mode": "catmullrom"
						},
						"5.0417": {
							"post": [98.36527, -4.21051, 245.40383],
							"lerp_mode": "catmullrom"
						},
						"5.125": {
							"post": [98.36527, -4.21051, 245.40383],
							"lerp_mode": "catmullrom"
						},
						"5.2083": {
							"post": [98.37, -4.21312, 245.40813],
							"lerp_mode": "catmullrom"
						},
						"5.4167": {
							"post": [90.33099, -18.34075, 210.14621],
							"lerp_mode": "catmullrom"
						},
						"5.625": {
							"post": [112.14198, -22.96111, 208.11424],
							"lerp_mode": "catmullrom"
						},
						"5.75": {
							"post": [111.14198, -22.96111, 208.11424],
							"lerp_mode": "catmullrom"
						},
						"6.125": {
							"post": [109.39198, -22.96111, 208.11424],
							"lerp_mode": "catmullrom"
						},
						"6.375": {
							"post": [109.2906, -23.90467, 207.76787],
							"lerp_mode": "catmullrom"
						},
						"6.625": {
							"post": [108.0406, -23.90467, 207.76787],
							"lerp_mode": "catmullrom"
						},
						"7.0": {
							"post": [109.9093, -25.33147, 207.28673],
							"lerp_mode": "catmullrom"
						},
						"7.375": {
							"post": [109.91, -25.33313, 207.28813],
							"lerp_mode": "catmullrom"
						},
						"7.625": [89.66901, -22.11238, 210.31809]
					},
					"position": {
						"0.0": {
							"post": [7, -14.25, -12.5],
							"lerp_mode": "catmullrom"
						},
						"0.4167": [7, -14.25, -12.5],
						"2.7917": [7, -14.25, -12.5],
						"3.0": {
							"pre": [7, -14.25, -12.5],
							"post": [7, -14.25, -12.5],
							"lerp_mode": "catmullrom"
						},
						"3.2083": {
							"post": [7, -14.25, -12.5],
							"lerp_mode": "catmullrom"
						},
						"3.5": {
							"post": [7.5, -15.75, 2],
							"lerp_mode": "catmullrom"
						},
						"3.75": {
							"post": [7.5, -15.75, 2],
							"lerp_mode": "catmullrom"
						},
						"3.9583": {
							"post": [6.75, -15.75, 2],
							"lerp_mode": "catmullrom"
						},
						"4.0833": {
							"post": [6.75, -15.75, 2],
							"lerp_mode": "catmullrom"
						},
						"4.7083": {
							"post": [6.75, -15.75, 2],
							"lerp_mode": "catmullrom"
						},
						"5.0": {
							"post": [6.75, -15.75, 2],
							"lerp_mode": "catmullrom"
						},
						"5.0833": {
							"post": [6.75, -15.75, 2],
							"lerp_mode": "catmullrom"
						},
						"5.1667": {
							"post": [6.75, -15.75, 2],
							"lerp_mode": "catmullrom"
						},
						"5.375": {
							"post": [7, -14.25, -12.5],
							"lerp_mode": "catmullrom"
						},
						"7.3333": {
							"post": [7, -14.25, -12.5],
							"lerp_mode": "catmullrom"
						},
						"7.5833": {
							"post": [7, -14.25, -12.5],
							"lerp_mode": "catmullrom"
						}
					},
					"scale": [1, 1.5, 1]
				},
				"righthand": {
					"rotation": {
						"0.0417": {
							"pre": [92.5, -355, -180],
							"post": [92.5, -355, -180],
							"lerp_mode": "catmullrom"
						},
						"0.375": {
							"post": [119.94179, -363.66828, -184.99118],
							"lerp_mode": "catmullrom"
						},
						"0.4583": {
							"post": [119.94179, -363.66828, -184.99118],
							"lerp_mode": "catmullrom"
						},
						"0.75": {
							"post": [217.31947, -419.85503, -281.32942],
							"lerp_mode": "catmullrom"
						},
						"0.875": {
							"post": [217.31947, -419.85503, -281.32942],
							"lerp_mode": "catmullrom"
						},
						"1.25": {
							"post": [217.73626, -419.08273, -283.26441],
							"lerp_mode": "catmullrom"
						},
						"1.9167": {
							"post": [223.94234, -419.72676, -281.76127],
							"lerp_mode": "catmullrom"
						},
						"2.0417": {
							"post": [220.66417, -421.41023, -277.99807],
							"lerp_mode": "catmullrom"
						},
						"2.125": {
							"post": [220.66417, -421.41023, -277.99807],
							"lerp_mode": "catmullrom"
						},
						"2.5417": {
							"post": [219.89741, -422.22681, -275.99381],
							"lerp_mode": "catmullrom"
						},
						"2.8333": {
							"post": [219.9, -422.23, -275.99],
							"lerp_mode": "catmullrom"
						},
						"3.0417": {
							"post": [92.5, -355, -180],
							"lerp_mode": "catmullrom"
						},
						"3.2083": {
							"post": [92.5, -355, -180],
							"lerp_mode": "catmullrom"
						},
						"3.375": {
							"post": [100.53955, -325.03315, -178.47495],
							"lerp_mode": "catmullrom"
						},
						"3.5": {
							"post": [100.53955, -325.03315, -178.47495],
							"lerp_mode": "catmullrom"
						},
						"5.2083": {
							"post": [100.54, -325.03, -178.47],
							"lerp_mode": "catmullrom"
						},
						"5.4167": {
							"post": [92.5, -355, -180],
							"lerp_mode": "catmullrom"
						},
						"5.625": {
							"post": [104.99996, -364.99053, -180.43564],
							"lerp_mode": "catmullrom"
						},
						"5.75": {
							"post": [105, -364.99, -180.44],
							"lerp_mode": "catmullrom"
						},
						"6.0833": {
							"post": [105.0541, -366.92162, -180.96134],
							"lerp_mode": "catmullrom"
						},
						"6.4167": {
							"post": [104.02482, -365.95587, -180.70021],
							"lerp_mode": "catmullrom"
						},
						"6.625": {
							"post": [104.00703, -365.2282, -180.5177],
							"lerp_mode": "catmullrom"
						},
						"7.375": {
							"post": [104.01, -365.23, -180.52],
							"lerp_mode": "catmullrom"
						},
						"7.625": {
							"post": [92.5, -355, -180],
							"lerp_mode": "catmullrom"
						}
					},
					"position": {
						"0.0": {
							"post": [-6.25, -14, -5],
							"lerp_mode": "catmullrom"
						},
						"0.3333": {
							"post": [-6.25, -15, 10],
							"lerp_mode": "catmullrom"
						},
						"0.4167": [-6.25, -15, 10],
						"2.7917": [-6.25, -15, 10],
						"3.0": {
							"pre": [-6.25, -14, -5],
							"post": [-6.25, -14, -5],
							"lerp_mode": "catmullrom"
						},
						"3.1667": {
							"post": [-6.25, -14, -5],
							"lerp_mode": "catmullrom"
						},
						"3.3333": {
							"post": [-7, -14, -5],
							"lerp_mode": "catmullrom"
						},
						"3.4583": {
							"post": [-7, -14, -5],
							"lerp_mode": "catmullrom"
						},
						"5.1667": {
							"post": [-7, -14, -5],
							"lerp_mode": "catmullrom"
						},
						"5.375": {
							"post": [-6.25, -14, -5],
							"lerp_mode": "catmullrom"
						},
						"7.3333": {
							"post": [-6.25, -14, -5],
							"lerp_mode": "catmullrom"
						},
						"7.5833": {
							"post": [-6.25, -14, -5],
							"lerp_mode": "catmullrom"
						}
					},
					"scale": [1, 1.5, 1]
				},
				"constraint": {
					"rotation": [0.2, 0.2, 0.2],
					"position": [0.2, 0.2, 0.2]
				},
				"root": {
					"rotation": {
						"0.0833": {
							"pre": [0, 0, 0],
							"post": [0, 0, 0],
							"lerp_mode": "catmullrom"
						},
						"0.2083": {
							"post": [-5, 0, 0],
							"lerp_mode": "catmullrom"
						},
						"0.375": {
							"post": [-4.00095, -1.24695, 0.08721],
							"lerp_mode": "catmullrom"
						},
						"0.5": {
							"post": [-4.00095, -1.24695, 0.08721],
							"lerp_mode": "catmullrom"
						},
						"0.75": {
							"post": [11.67204, -72.4392, -11.66906],
							"lerp_mode": "catmullrom"
						},
						"0.9167": {
							"post": [11.67204, -72.4392, -11.66906],
							"lerp_mode": "catmullrom"
						},
						"1.1667": {
							"post": [12.71301, -72.33573, -13.28581],
							"lerp_mode": "catmullrom"
						},
						"1.4167": {
							"post": [11.62778, -71.89965, -12.14665],
							"lerp_mode": "catmullrom"
						},
						"1.625": {
							"post": [11.62849, -71.95164, -11.35846],
							"lerp_mode": "catmullrom"
						},
						"1.8333": {
							"post": [11.60553, -71.46207, -11.33711],
							"lerp_mode": "catmullrom"
						},
						"1.9167": {
							"post": [11.61, -71.46, -11.34],
							"lerp_mode": "catmullrom"
						},
						"2.0417": {
							"post": [23.0176, -66.51521, -28.70778],
							"lerp_mode": "catmullrom"
						},
						"2.125": {
							"post": [23.0176, -66.51521, -28.70778],
							"lerp_mode": "catmullrom"
						},
						"2.4167": {
							"post": [22.45322, -66.71047, -27.54815],
							"lerp_mode": "catmullrom"
						},
						"2.8333": {
							"post": [22.59265, -65.82577, -27.97711],
							"lerp_mode": "catmullrom"
						},
						"2.875": [21.40797, -62.47763, -26.61061],
						"2.9167": [18.38756, -53.90215, -23.05411],
						"2.9583": [14.08547, -41.68444, -17.91331],
						"3.0": [8.90164, -27.04983, -11.66891],
						"3.0417": [3.27497, -11.46131, -4.88582],
						"3.0833": [-1.24989, 0.01636, 0.74982],
						"3.125": [-1.38053, -0.041, 1.0525],
						"3.1667": [-1.05653, 0.06608, -0.35453],
						"3.2083": [-0.25028, 0.00872, -1.00016],
						"3.25": [-4.05167, -1.06954, -6.23219],
						"3.2917": [-11.49756, -2.12789, -13.31793],
						"3.3333": [-15.74417, -2.69483, -17.28194],
						"3.375": {
							"pre": [-16.92784, -2.86029, -18.44513],
							"post": [-16.92784, -2.86029, -18.44513],
							"lerp_mode": "catmullrom"
						},
						"3.5": {
							"post": [-16.92784, -2.86029, -18.44513],
							"lerp_mode": "catmullrom"
						},
						"3.625": {
							"post": [-15.67784, -2.86029, -18.44513],
							"lerp_mode": "catmullrom"
						},
						"3.7083": {
							"post": [-21.3924, -4.41029, -22.94431],
							"lerp_mode": "catmullrom"
						},
						"3.8333": {
							"post": [-17.1424, -4.41029, -22.13181],
							"lerp_mode": "catmullrom"
						},
						"3.9167": {
							"post": [-17.3924, -4.41029, -22.13181],
							"lerp_mode": "catmullrom"
						},
						"4.125": {
							"post": [-17.46348, -4.11077, -21.17508],
							"lerp_mode": "catmullrom"
						},
						"4.375": {
							"post": [-17.96348, -4.11077, -21.17508],
							"lerp_mode": "catmullrom"
						},
						"4.75": {
							"post": [-17.6607, -4.33864, -21.89157],
							"lerp_mode": "catmullrom"
						},
						"4.875": {
							"post": [-11.99472, -2.29426, -26.68174],
							"lerp_mode": "catmullrom"
						},
						"4.9583": {
							"post": [-11.99472, -2.29426, -26.68174],
							"lerp_mode": "catmullrom"
						},
						"5.0417": {
							"post": [-7.62512, -2.75698, -29.39518],
							"lerp_mode": "catmullrom"
						},
						"5.125": {
							"post": [-9.12512, -2.75698, -28.12174],
							"lerp_mode": "catmullrom"
						},
						"5.2083": {
							"post": [-9.12512, -2.75698, -28.12174],
							"lerp_mode": "catmullrom"
						},
						"5.4167": {
							"post": [-8.4759, -2.42726, -25.89375],
							"lerp_mode": "catmullrom"
						},
						"5.625": {
							"post": [-4.92422, 21.25459, 55.42709],
							"lerp_mode": "catmullrom"
						},
						"5.75": {
							"post": [-4.92422, 21.25459, 55.42709],
							"lerp_mode": "catmullrom"
						},
						"6.0": {
							"post": [-4.94981, 22.00181, 55.35766],
							"lerp_mode": "catmullrom"
						},
						"6.25": {
							"post": [-5.15084, 21.95779, 54.82056],
							"lerp_mode": "catmullrom"
						},
						"6.5": {
							"post": [-5.40084, 21.95779, 54.82056],
							"lerp_mode": "catmullrom"
						},
						"6.625": {
							"post": [-4.45133, 29.64458, 56.8717],
							"lerp_mode": "catmullrom"
						},
						"7.0": {
							"post": [-5.29976, 29.51708, 55.15311],
							"lerp_mode": "catmullrom"
						},
						"7.4167": {
							"post": [-5.57748, 30.01473, 55.09727],
							"lerp_mode": "catmullrom"
						},
						"7.625": {
							"post": [1, 0, 0],
							"lerp_mode": "catmullrom"
						},
						"7.75": {
							"post": [-0.74989, -0.01309, -0.99991],
							"lerp_mode": "catmullrom"
						},
						"7.875": {
							"post": [0, 0, 0],
							"lerp_mode": "catmullrom"
						}
					},
					"position": {
						"0.0417": {
							"pre": [0, 0, 0],
							"post": [0, 0, 0],
							"lerp_mode": "catmullrom"
						},
						"0.1667": {
							"post": [0, -0.5, 1],
							"lerp_mode": "catmullrom"
						},
						"0.3333": {
							"post": [0, -0.44141, 0.71484],
							"lerp_mode": "catmullrom"
						},
						"0.4583": {
							"post": [0, -0.44141, 0.71484],
							"lerp_mode": "catmullrom"
						},
						"0.7083": {
							"post": [1, 1.56, -6.29],
							"lerp_mode": "catmullrom"
						},
						"0.875": {
							"post": [1, 1.56, -6.29],
							"lerp_mode": "catmullrom"
						},
						"1.25": {
							"post": [1, 1.46625, -6.20406],
							"lerp_mode": "catmullrom"
						},
						"1.7083": {
							"post": [1, 1.63406, -6.25469],
							"lerp_mode": "catmullrom"
						},
						"1.875": {
							"post": [1, 1.63, -6.25],
							"lerp_mode": "catmullrom"
						},
						"2.0": {
							"post": [1, 1.79016, -6.53906],
							"lerp_mode": "catmullrom"
						},
						"2.0833": {
							"post": [1, 1.79016, -6.53906],
							"lerp_mode": "catmullrom"
						},
						"2.5417": {
							"post": [1, 1.55563, -6.42672],
							"lerp_mode": "catmullrom"
						},
						"2.7917": {
							"post": [1, 1.56, -6.43],
							"lerp_mode": "catmullrom"
						},
						"2.8333": [0.95, 1.47394, -6.10534],
						"2.875": [0.82319, 1.25401, -5.27704],
						"2.9167": [0.64318, 0.93919, -4.09495],
						"2.9583": [0.42648, 0.55628, -2.66461],
						"3.0": [0.19068, 0.13212, -1.09725],
						"3.0417": [0, -0.24609, 0.22656],
						"3.0833": [0, -0.19374, 0.16336],
						"3.125": [0, -0.0468, -0.04201],
						"3.1667": [0, 0.03125, -0.03562],
						"3.2083": [0, 0.02022, -0.51844],
						"3.25": [0, 0.02447, -1.39314],
						"3.2917": [0, 0.02861, -1.89473],
						"3.3333": {
							"pre": [0, 0.03, -2.04],
							"post": [0, 0.03, -2.04],
							"lerp_mode": "catmullrom"
						},
						"3.4583": {
							"post": [0, 0.03, -2.04],
							"lerp_mode": "catmullrom"
						},
						"3.5833": {
							"post": [0, 0.03, -2.26656],
							"lerp_mode": "catmullrom"
						},
						"3.6667": {
							"post": [0, -0.46609, -1.47312],
							"lerp_mode": "catmullrom"
						},
						"3.7917": {
							"post": [0, -0.19656, -1.91141],
							"lerp_mode": "catmullrom"
						},
						"3.875": {
							"post": [0, -0.19656, -1.91141],
							"lerp_mode": "catmullrom"
						},
						"4.2917": {
							"post": [0, -0.14922, -1.95687],
							"lerp_mode": "catmullrom"
						},
						"4.7083": {
							"post": [0, -0.29844, -1.87016],
							"lerp_mode": "catmullrom"
						},
						"4.8333": {
							"post": [0, -0.02266, -2.27234],
							"lerp_mode": "catmullrom"
						},
						"4.9167": {
							"post": [0, -0.02266, -2.27234],
							"lerp_mode": "catmullrom"
						},
						"5.0": {
							"post": [-0.22229, 0.39107, -2.43813],
							"lerp_mode": "catmullrom"
						},
						"5.0833": {
							"post": [0.00987, 0.17677, -2.31531],
							"lerp_mode": "catmullrom"
						},
						"5.1667": {
							"post": [0.00987, 0.17677, -2.31531],
							"lerp_mode": "catmullrom"
						},
						"5.375": {
							"post": [0.02992, 0.17326, -2.53426],
							"lerp_mode": "catmullrom"
						},
						"5.5833": {
							"post": [0.04196, -0.12385, -1.63016],
							"lerp_mode": "catmullrom"
						},
						"5.7083": {
							"post": [0.04196, -0.12385, -1.63016],
							"lerp_mode": "catmullrom"
						},
						"6.125": {
							"post": [0.06075, -0.15871, -1.58468],
							"lerp_mode": "catmullrom"
						},
						"6.4167": {
							"post": [0.07471, -0.12411, -1.63173],
							"lerp_mode": "catmullrom"
						},
						"6.5417": {
							"post": [0.10898, 0.07085, -1.8948],
							"lerp_mode": "catmullrom"
						},
						"7.125": {
							"post": [-0.00211, -0.10403, -1.75237],
							"lerp_mode": "catmullrom"
						},
						"7.375": {
							"post": [0, -0.1, -1.75],
							"lerp_mode": "catmullrom"
						},
						"7.5833": {
							"post": [0, -0.19143, -0.22326],
							"lerp_mode": "catmullrom"
						},
						"7.7083": {
							"post": [0, 0.04616, 0.10405],
							"lerp_mode": "catmullrom"
						},
						"7.8333": {
							"post": [0, 0, 0],
							"lerp_mode": "catmullrom"
						}
					}
				},
				"mag_and_lefthand": {
					"rotation": {
						"3.625": {
							"pre": [0, 0, 0],
							"post": [0, 0, 0],
							"lerp_mode": "catmullrom"
						},
						"3.6667": {
							"post": [-2.5, 0, 0],
							"lerp_mode": "catmullrom"
						},
						"3.7083": {
							"post": [-5, 0, 0],
							"lerp_mode": "catmullrom"
						},
						"3.7917": {
							"post": [-5, 0, 0],
							"lerp_mode": "catmullrom"
						},
						"4.0": {
							"post": [-4.76968, 1.50179, 17.43745],
							"lerp_mode": "catmullrom"
						},
						"4.125": {
							"post": [-4.76968, 1.50179, 17.43745],
							"lerp_mode": "catmullrom"
						},
						"4.3333": {
							"post": [-4.91288, 1.48099, 17.18823],
							"lerp_mode": "catmullrom"
						},
						"4.5833": {
							"post": [-4.63656, 1.48, 17.39313],
							"lerp_mode": "catmullrom"
						},
						"4.75": {
							"post": [-4.64, 1.48, 17.39],
							"lerp_mode": "catmullrom"
						},
						"4.875": {
							"post": [-14.8644, 0.2302, 2.44019],
							"lerp_mode": "catmullrom"
						},
						"4.9583": {
							"post": [-14.8644, 0.2302, 2.44019],
							"lerp_mode": "catmullrom"
						},
						"5.0417": {
							"post": [0, 0, 0],
							"lerp_mode": "catmullrom"
						}
					},
					"position": {
						"3.5833": {
							"pre": [0, 0, 0],
							"post": [0, 0, 0],
							"lerp_mode": "catmullrom"
						},
						"3.625": {
							"post": [0, -1, 0],
							"lerp_mode": "catmullrom"
						},
						"3.6667": {
							"post": [0, -4, -0.55859],
							"lerp_mode": "catmullrom"
						},
						"3.75": {
							"post": [0, -4, -0.55859],
							"lerp_mode": "catmullrom"
						},
						"3.9583": {
							"post": [2, -1, -4.56],
							"lerp_mode": "catmullrom"
						},
						"4.0833": {
							"post": [2, -1, -4.56],
							"lerp_mode": "catmullrom"
						},
						"4.7083": {
							"post": [2, -1.00016, -4.67266],
							"lerp_mode": "catmullrom"
						},
						"4.8333": {
							"post": [0, -3.41797, -1.59187],
							"lerp_mode": "catmullrom"
						},
						"4.9167": {
							"post": [0, -3.41797, -1.59187],
							"lerp_mode": "catmullrom"
						},
						"5.0": {
							"post": [0, 0, 0],
							"lerp_mode": "catmullrom"
						}
					}
				}
			},
			"sound_effects": {
				"0.0": {
					"effect": "tacz:aug/aug_inspect_quick"
				},
				"0.4583": {
					"effect": "tacz:aug/aug_inspect_raise"
				},
				"1.875": {
					"effect": "tacz:aug/aug_inspect_armin"
				},
				"3.0": {
					"effect": "tacz:aug/aug_inspect_grab"
				},
				"3.4167": {
					"effect": "tacz:aug/aug_inspect_maggrab"
				},
				"3.5417": {
					"effect": "tacz:aug/aug_inspect_magout"
				},
				"4.9167": {
					"effect": "tacz:aug/aug_inspect_maghitwell"
				},
				"5.0": {
					"effect": "tacz:aug/aug_inspect_magin"
				},
				"5.5417": {
					"effect": "tacz:aug/aug_inspect_quick"
				},
				"6.4583": {
					"effect": "tacz:aug/aug_inspect_armin"
				},
				"7.375": {
					"effect": "tacz:aug/aug_inspect_end"
				}
			}
		},
		"shoot": {
			"loop": true,
			"animation_length": 0.625,
			"bones": {
				"constraint": {
					"rotation": {
						"0.125": [0.2, 0.2, 0.2],
						"0.375": [0, 0, 0]
					},
					"position": {
						"0.125": [0.2, 0.2, 0.2],
						"0.375": [0, 0, 0]
					}
				},
				"root": {
					"rotation": {
						"0.0": [0, 0, 0],
						"0.0417": [1.23, 0, 0.73],
						"0.0833": [-1.99, 0, -1.23],
						"0.125": [-0.91, 0, -0.35],
						"0.1667": [0.18, 0, 0.53],
						"0.2083": [0.27, 0, 0.27],
						"0.25": [0.36, 0, 0.01],
						"0.2917": [0.38, -0.07, -0.08],
						"0.3333": [0.3, -0.13, 0.08],
						"0.375": [0.23, -0.2, 0.25],
						"0.4167": [0.14, -0.14, 0.09],
						"0.4583": [0.1, -0.11, 0.01],
						"0.5": [0.06, -0.07, -0.07],
						"0.5417": [0.04, -0.06, -0.06],
						"0.5833": [0.01, -0.02, -0.02],
						"0.625": [0, 0, 0]
					},
					"position": {
						"0.0": [0, 0, 0],
						"0.0417": [0, -0.02, 1.73],
						"0.0833": [0, -0.05, 0.67],
						"0.125": [0, -0.05, -0.04],
						"0.1667": [0, -0.04, -0.01],
						"0.2083": [0, -0.04, 0.03],
						"0.25": [0, -0.03, 0.06],
						"0.2917": [0, -0.02, 0.07],
						"0.3333": [0, -0.01, 0.03],
						"0.375": [0, 0, 0]
					}
				},
				"camera": {
					"rotation": {
						"0.0": [0, 0, 0],
						"0.0417": [0, 0, 0.6],
						"0.0833": [0, 0, -0.07],
						"0.125": [0, 0, 0.33],
						"0.1667": [0, 0, 0.08],
						"0.2083": [0, 0, -0.22],
						"0.25": [0, 0, -0.15],
						"0.2917": [0, 0, 0.02],
						"0.3333": [0, 0, 0.01],
						"0.375": [0, 0, 0]
					}
				}
			}
		},
		"inspect_empty": {
			"loop": "hold_on_last_frame",
			"animation_length": 7.875,
			"bones": {
				"lefthand": {
					"rotation": {
						"0.0417": [89.66901, -22.11238, 210.31809],
						"0.2083": {
							"pre": [94.76637, -20.33374, 209.96687],
							"post": [94.76637, -20.33374, 209.96687],
							"lerp_mode": "catmullrom"
						},
						"0.2917": {
							"post": [94.76637, -20.33374, 209.96687],
							"lerp_mode": "catmullrom"
						},
						"0.4583": {
							"post": [94.77, -20.33312, 209.96813],
							"lerp_mode": "catmullrom"
						},
						"0.75": {
							"post": [98.02278, -62.39976, 210.09866],
							"lerp_mode": "catmullrom"
						},
						"0.875": {
							"post": [94.15462, -64.2381, 219.09484],
							"lerp_mode": "catmullrom"
						},
						"1.25": {
							"post": [93.4501, -65.48497, 218.87207],
							"lerp_mode": "catmullrom"
						},
						"1.9167": {
							"post": [94.41696, -63.98786, 219.10805],
							"lerp_mode": "catmullrom"
						},
						"2.0417": {
							"post": [87.03341, -69.48175, 218.68944],
							"lerp_mode": "catmullrom"
						},
						"2.125": {
							"post": [87.03341, -69.48175, 218.68944],
							"lerp_mode": "catmullrom"
						},
						"2.5417": {
							"post": [86.87863, -67.98387, 218.51538],
							"lerp_mode": "catmullrom"
						},
						"2.8333": {
							"post": [86.88, -67.98, 218.51813],
							"lerp_mode": "catmullrom"
						},
						"3.0417": {
							"post": [90.33099, -18.34075, 210.14621],
							"lerp_mode": "catmullrom"
						},
						"3.25": {
							"post": [90.33099, -18.34075, 210.14621],
							"lerp_mode": "catmullrom"
						},
						"3.5417": {
							"post": [77.46259, 3.7553, 205.00176],
							"lerp_mode": "catmullrom"
						},
						"3.5833": {
							"post": [77.46259, 3.7553, 205.00176],
							"lerp_mode": "catmullrom"
						},
						"3.625": {
							"post": [80.1695, 1.78698, 209.03248],
							"lerp_mode": "catmullrom"
						},
						"3.7083": {
							"post": [107.15444, -15.56207, 219.43547],
							"lerp_mode": "catmullrom"
						},
						"3.7917": {
							"post": [107.15, -15.56312, 219.43813],
							"lerp_mode": "catmullrom"
						},
						"4.0": {
							"post": [95.45481, -8.05304, 239.3668],
							"lerp_mode": "catmullrom"
						},
						"4.125": {
							"post": [95.45481, -8.05304, 239.3668],
							"lerp_mode": "catmullrom"
						},
						"4.4167": {
							"post": [95.35152, -9.79531, 239.17413],
							"lerp_mode": "catmullrom"
						},
						"4.75": {
							"post": [95.45, -8.05313, 239.36813],
							"lerp_mode": "catmullrom"
						},
						"4.875": {
							"post": [118.84353, -29.68395, 234.05622],
							"lerp_mode": "catmullrom"
						},
						"4.9583": {
							"post": [118.84353, -29.68395, 234.05622],
							"lerp_mode": "catmullrom"
						},
						"5.0417": {
							"post": [98.36527, -4.21051, 245.40383],
							"lerp_mode": "catmullrom"
						},
						"5.125": {
							"post": [98.36527, -4.21051, 245.40383],
							"lerp_mode": "catmullrom"
						},
						"5.2083": {
							"post": [98.37, -4.21312, 245.40813],
							"lerp_mode": "catmullrom"
						},
						"5.4167": {
							"post": [90.33099, -18.34075, 210.14621],
							"lerp_mode": "catmullrom"
						},
						"5.625": {
							"post": [112.14198, -22.96111, 208.11424],
							"lerp_mode": "catmullrom"
						},
						"5.75": {
							"post": [111.14198, -22.96111, 208.11424],
							"lerp_mode": "catmullrom"
						},
						"6.125": {
							"post": [109.39198, -22.96111, 208.11424],
							"lerp_mode": "catmullrom"
						},
						"6.375": {
							"post": [109.2906, -23.90467, 207.76787],
							"lerp_mode": "catmullrom"
						},
						"6.625": {
							"post": [108.0406, -23.90467, 207.76787],
							"lerp_mode": "catmullrom"
						},
						"7.0": {
							"post": [109.9093, -25.33147, 207.28673],
							"lerp_mode": "catmullrom"
						},
						"7.375": {
							"post": [109.91, -25.33313, 207.28813],
							"lerp_mode": "catmullrom"
						},
						"7.625": [89.66901, -22.11238, 210.31809]
					},
					"position": {
						"0.0": {
							"post": [7, -14.25, -12.5],
							"lerp_mode": "catmullrom"
						},
						"0.4167": [7, -14.25, -12.5],
						"2.7917": [7, -14.25, -12.5],
						"3.0": {
							"pre": [7, -14.25, -12.5],
							"post": [7, -14.25, -12.5],
							"lerp_mode": "catmullrom"
						},
						"3.2083": {
							"post": [7, -14.25, -12.5],
							"lerp_mode": "catmullrom"
						},
						"3.5": {
							"post": [7.5, -15.75, 2],
							"lerp_mode": "catmullrom"
						},
						"3.75": {
							"post": [7.5, -15.75, 2],
							"lerp_mode": "catmullrom"
						},
						"3.9583": {
							"post": [6.75, -15.75, 2],
							"lerp_mode": "catmullrom"
						},
						"4.0833": {
							"post": [6.75, -15.75, 2],
							"lerp_mode": "catmullrom"
						},
						"4.7083": {
							"post": [6.75, -15.75, 2],
							"lerp_mode": "catmullrom"
						},
						"5.0": {
							"post": [6.75, -15.75, 2],
							"lerp_mode": "catmullrom"
						},
						"5.0833": {
							"post": [6.75, -15.75, 2],
							"lerp_mode": "catmullrom"
						},
						"5.1667": {
							"post": [6.75, -15.75, 2],
							"lerp_mode": "catmullrom"
						},
						"5.375": {
							"post": [7, -14.25, -12.5],
							"lerp_mode": "catmullrom"
						},
						"7.3333": {
							"post": [7, -14.25, -12.5],
							"lerp_mode": "catmullrom"
						},
						"7.5833": {
							"post": [7, -14.25, -12.5],
							"lerp_mode": "catmullrom"
						}
					},
					"scale": [1, 1.5, 1]
				},
				"righthand": {
					"rotation": {
						"0.0417": {
							"pre": [92.5, -355, -180],
							"post": [92.5, -355, -180],
							"lerp_mode": "catmullrom"
						},
						"0.375": {
							"post": [119.94179, -363.66828, -184.99118],
							"lerp_mode": "catmullrom"
						},
						"0.4583": {
							"post": [119.94179, -363.66828, -184.99118],
							"lerp_mode": "catmullrom"
						},
						"0.75": {
							"post": [217.31947, -419.85503, -281.32942],
							"lerp_mode": "catmullrom"
						},
						"0.875": {
							"post": [217.31947, -419.85503, -281.32942],
							"lerp_mode": "catmullrom"
						},
						"1.25": {
							"post": [217.73626, -419.08273, -283.26441],
							"lerp_mode": "catmullrom"
						},
						"1.9167": {
							"post": [223.94234, -419.72676, -281.76127],
							"lerp_mode": "catmullrom"
						},
						"2.0417": {
							"post": [220.66417, -421.41023, -277.99807],
							"lerp_mode": "catmullrom"
						},
						"2.125": {
							"post": [220.66417, -421.41023, -277.99807],
							"lerp_mode": "catmullrom"
						},
						"2.5417": {
							"post": [219.89741, -422.22681, -275.99381],
							"lerp_mode": "catmullrom"
						},
						"2.8333": {
							"post": [219.9, -422.23, -275.99],
							"lerp_mode": "catmullrom"
						},
						"3.0417": {
							"post": [92.5, -355, -180],
							"lerp_mode": "catmullrom"
						},
						"3.2083": {
							"post": [92.5, -355, -180],
							"lerp_mode": "catmullrom"
						},
						"3.375": {
							"post": [100.53955, -325.03315, -178.47495],
							"lerp_mode": "catmullrom"
						},
						"3.5": {
							"post": [100.53955, -325.03315, -178.47495],
							"lerp_mode": "catmullrom"
						},
						"5.2083": {
							"post": [100.54, -325.03, -178.47],
							"lerp_mode": "catmullrom"
						},
						"5.4167": {
							"post": [92.5, -355, -180],
							"lerp_mode": "catmullrom"
						},
						"5.625": {
							"post": [104.99996, -364.99053, -180.43564],
							"lerp_mode": "catmullrom"
						},
						"5.75": {
							"post": [105, -364.99, -180.44],
							"lerp_mode": "catmullrom"
						},
						"6.0833": {
							"post": [105.0541, -366.92162, -180.96134],
							"lerp_mode": "catmullrom"
						},
						"6.4167": {
							"post": [104.02482, -365.95587, -180.70021],
							"lerp_mode": "catmullrom"
						},
						"6.625": {
							"post": [104.00703, -365.2282, -180.5177],
							"lerp_mode": "catmullrom"
						},
						"7.375": {
							"post": [104.01, -365.23, -180.52],
							"lerp_mode": "catmullrom"
						},
						"7.625": {
							"post": [92.5, -355, -180],
							"lerp_mode": "catmullrom"
						}
					},
					"position": {
						"0.0": {
							"post": [-6.25, -14, -5],
							"lerp_mode": "catmullrom"
						},
						"0.3333": {
							"post": [-6.25, -15, 10],
							"lerp_mode": "catmullrom"
						},
						"0.4167": [-6.25, -15, 10],
						"2.7917": [-6.25, -15, 10],
						"3.0": {
							"pre": [-6.25, -14, -5],
							"post": [-6.25, -14, -5],
							"lerp_mode": "catmullrom"
						},
						"3.1667": {
							"post": [-6.25, -14, -5],
							"lerp_mode": "catmullrom"
						},
						"3.3333": {
							"post": [-7, -14, -5],
							"lerp_mode": "catmullrom"
						},
						"3.4583": {
							"post": [-7, -14, -5],
							"lerp_mode": "catmullrom"
						},
						"5.1667": {
							"post": [-7, -14, -5],
							"lerp_mode": "catmullrom"
						},
						"5.375": {
							"post": [-6.25, -14, -5],
							"lerp_mode": "catmullrom"
						},
						"7.3333": {
							"post": [-6.25, -14, -5],
							"lerp_mode": "catmullrom"
						},
						"7.5833": {
							"post": [-6.25, -14, -5],
							"lerp_mode": "catmullrom"
						}
					},
					"scale": [1, 1.5, 1]
				},
				"constraint": {
					"rotation": [0.2, 0.2, 0.2],
					"position": [0.2, 0.2, 0.2]
				},
				"root": {
					"rotation": {
						"0.0833": {
							"pre": [0, 0, 0],
							"post": [0, 0, 0],
							"lerp_mode": "catmullrom"
						},
						"0.2083": {
							"post": [-5, 0, 0],
							"lerp_mode": "catmullrom"
						},
						"0.375": {
							"post": [-4.00095, -1.24695, 0.08721],
							"lerp_mode": "catmullrom"
						},
						"0.5": {
							"post": [-4.00095, -1.24695, 0.08721],
							"lerp_mode": "catmullrom"
						},
						"0.75": {
							"post": [11.67204, -72.4392, -11.66906],
							"lerp_mode": "catmullrom"
						},
						"0.9167": {
							"post": [11.67204, -72.4392, -11.66906],
							"lerp_mode": "catmullrom"
						},
						"1.1667": {
							"post": [12.71301, -72.33573, -13.28581],
							"lerp_mode": "catmullrom"
						},
						"1.4167": {
							"post": [11.62778, -71.89965, -12.14665],
							"lerp_mode": "catmullrom"
						},
						"1.625": {
							"post": [11.62849, -71.95164, -11.35846],
							"lerp_mode": "catmullrom"
						},
						"1.8333": {
							"post": [11.60553, -71.46207, -11.33711],
							"lerp_mode": "catmullrom"
						},
						"1.9167": {
							"post": [11.61, -71.46, -11.34],
							"lerp_mode": "catmullrom"
						},
						"2.0417": {
							"post": [23.0176, -66.51521, -28.70778],
							"lerp_mode": "catmullrom"
						},
						"2.125": {
							"post": [23.0176, -66.51521, -28.70778],
							"lerp_mode": "catmullrom"
						},
						"2.4167": {
							"post": [22.45322, -66.71047, -27.54815],
							"lerp_mode": "catmullrom"
						},
						"2.8333": {
							"post": [22.59265, -65.82577, -27.97711],
							"lerp_mode": "catmullrom"
						},
						"2.875": [21.40797, -62.47763, -26.61061],
						"2.9167": [18.38756, -53.90215, -23.05411],
						"2.9583": [14.08547, -41.68444, -17.91331],
						"3.0": [8.90164, -27.04983, -11.66891],
						"3.0417": [3.27497, -11.46131, -4.88582],
						"3.0833": [-1.24989, 0.01636, 0.74982],
						"3.125": [-1.38053, -0.041, 1.0525],
						"3.1667": [-1.05653, 0.06608, -0.35453],
						"3.2083": [-0.25028, 0.00872, -1.00016],
						"3.25": [-4.05167, -1.06954, -6.23219],
						"3.2917": [-11.49756, -2.12789, -13.31793],
						"3.3333": [-15.74417, -2.69483, -17.28194],
						"3.375": {
							"pre": [-16.92784, -2.86029, -18.44513],
							"post": [-16.92784, -2.86029, -18.44513],
							"lerp_mode": "catmullrom"
						},
						"3.5": {
							"post": [-16.92784, -2.86029, -18.44513],
							"lerp_mode": "catmullrom"
						},
						"3.625": {
							"post": [-15.67784, -2.86029, -18.44513],
							"lerp_mode": "catmullrom"
						},
						"3.7083": {
							"post": [-21.3924, -4.41029, -22.94431],
							"lerp_mode": "catmullrom"
						},
						"3.8333": {
							"post": [-17.1424, -4.41029, -22.13181],
							"lerp_mode": "catmullrom"
						},
						"3.9167": {
							"post": [-17.3924, -4.41029, -22.13181],
							"lerp_mode": "catmullrom"
						},
						"4.125": {
							"post": [-17.46348, -4.11077, -21.17508],
							"lerp_mode": "catmullrom"
						},
						"4.375": {
							"post": [-17.96348, -4.11077, -21.17508],
							"lerp_mode": "catmullrom"
						},
						"4.75": {
							"post": [-17.6607, -4.33864, -21.89157],
							"lerp_mode": "catmullrom"
						},
						"4.875": {
							"post": [-11.99472, -2.29426, -26.68174],
							"lerp_mode": "catmullrom"
						},
						"4.9583": {
							"post": [-11.99472, -2.29426, -26.68174],
							"lerp_mode": "catmullrom"
						},
						"5.0417": {
							"post": [-7.62512, -2.75698, -29.39518],
							"lerp_mode": "catmullrom"
						},
						"5.125": {
							"post": [-9.12512, -2.75698, -28.12174],
							"lerp_mode": "catmullrom"
						},
						"5.2083": {
							"post": [-9.12512, -2.75698, -28.12174],
							"lerp_mode": "catmullrom"
						},
						"5.4167": {
							"post": [-8.4759, -2.42726, -25.89375],
							"lerp_mode": "catmullrom"
						},
						"5.625": {
							"post": [-4.92422, 21.25459, 55.42709],
							"lerp_mode": "catmullrom"
						},
						"5.75": {
							"post": [-4.92422, 21.25459, 55.42709],
							"lerp_mode": "catmullrom"
						},
						"6.0": {
							"post": [-4.94981, 22.00181, 55.35766],
							"lerp_mode": "catmullrom"
						},
						"6.25": {
							"post": [-5.15084, 21.95779, 54.82056],
							"lerp_mode": "catmullrom"
						},
						"6.5": {
							"post": [-5.40084, 21.95779, 54.82056],
							"lerp_mode": "catmullrom"
						},
						"6.625": {
							"post": [-4.45133, 29.64458, 56.8717],
							"lerp_mode": "catmullrom"
						},
						"7.0": {
							"post": [-5.29976, 29.51708, 55.15311],
							"lerp_mode": "catmullrom"
						},
						"7.4167": {
							"post": [-5.57748, 30.01473, 55.09727],
							"lerp_mode": "catmullrom"
						},
						"7.625": {
							"post": [1, 0, 0],
							"lerp_mode": "catmullrom"
						},
						"7.75": {
							"post": [-0.74989, -0.01309, -0.99991],
							"lerp_mode": "catmullrom"
						},
						"7.875": {
							"post": [0, 0, 0],
							"lerp_mode": "catmullrom"
						}
					},
					"position": {
						"0.0417": {
							"pre": [0, 0, 0],
							"post": [0, 0, 0],
							"lerp_mode": "catmullrom"
						},
						"0.1667": {
							"post": [0, -0.5, 1],
							"lerp_mode": "catmullrom"
						},
						"0.3333": {
							"post": [0, -0.44141, 0.71484],
							"lerp_mode": "catmullrom"
						},
						"0.4583": {
							"post": [0, -0.44141, 0.71484],
							"lerp_mode": "catmullrom"
						},
						"0.7083": {
							"post": [1, 1.56, -6.29],
							"lerp_mode": "catmullrom"
						},
						"0.875": {
							"post": [1, 1.56, -6.29],
							"lerp_mode": "catmullrom"
						},
						"1.25": {
							"post": [1, 1.46625, -6.20406],
							"lerp_mode": "catmullrom"
						},
						"1.7083": {
							"post": [1, 1.63406, -6.25469],
							"lerp_mode": "catmullrom"
						},
						"1.875": {
							"post": [1, 1.63, -6.25],
							"lerp_mode": "catmullrom"
						},
						"2.0": {
							"post": [1, 1.79016, -6.53906],
							"lerp_mode": "catmullrom"
						},
						"2.0833": {
							"post": [1, 1.79016, -6.53906],
							"lerp_mode": "catmullrom"
						},
						"2.5417": {
							"post": [1, 1.55563, -6.42672],
							"lerp_mode": "catmullrom"
						},
						"2.7917": {
							"post": [1, 1.56, -6.43],
							"lerp_mode": "catmullrom"
						},
						"2.8333": [0.95, 1.47394, -6.10534],
						"2.875": [0.82319, 1.25401, -5.27704],
						"2.9167": [0.64318, 0.93919, -4.09495],
						"2.9583": [0.42648, 0.55628, -2.66461],
						"3.0": [0.19068, 0.13212, -1.09725],
						"3.0417": [0, -0.24609, 0.22656],
						"3.0833": [0, -0.19374, 0.16336],
						"3.125": [0, -0.0468, -0.04201],
						"3.1667": [0, 0.03125, -0.03562],
						"3.2083": [0, 0.02022, -0.51844],
						"3.25": [0, 0.02447, -1.39314],
						"3.2917": [0, 0.02861, -1.89473],
						"3.3333": {
							"pre": [0, 0.03, -2.04],
							"post": [0, 0.03, -2.04],
							"lerp_mode": "catmullrom"
						},
						"3.4583": {
							"post": [0, 0.03, -2.04],
							"lerp_mode": "catmullrom"
						},
						"3.5833": {
							"post": [0, 0.03, -2.26656],
							"lerp_mode": "catmullrom"
						},
						"3.6667": {
							"post": [0, -0.46609, -1.47312],
							"lerp_mode": "catmullrom"
						},
						"3.7917": {
							"post": [0, -0.19656, -1.91141],
							"lerp_mode": "catmullrom"
						},
						"3.875": {
							"post": [0, -0.19656, -1.91141],
							"lerp_mode": "catmullrom"
						},
						"4.2917": {
							"post": [0, -0.14922, -1.95687],
							"lerp_mode": "catmullrom"
						},
						"4.7083": {
							"post": [0, -0.29844, -1.87016],
							"lerp_mode": "catmullrom"
						},
						"4.8333": {
							"post": [0, -0.02266, -2.27234],
							"lerp_mode": "catmullrom"
						},
						"4.9167": {
							"post": [0, -0.02266, -2.27234],
							"lerp_mode": "catmullrom"
						},
						"5.0": {
							"post": [-0.22229, 0.39107, -2.43813],
							"lerp_mode": "catmullrom"
						},
						"5.0833": {
							"post": [0.00987, 0.17677, -2.31531],
							"lerp_mode": "catmullrom"
						},
						"5.1667": {
							"post": [0.00987, 0.17677, -2.31531],
							"lerp_mode": "catmullrom"
						},
						"5.375": {
							"post": [0.02992, 0.17326, -2.53426],
							"lerp_mode": "catmullrom"
						},
						"5.5833": {
							"post": [0.04196, -0.12385, -1.63016],
							"lerp_mode": "catmullrom"
						},
						"5.7083": {
							"post": [0.04196, -0.12385, -1.63016],
							"lerp_mode": "catmullrom"
						},
						"6.125": {
							"post": [0.06075, -0.15871, -1.58468],
							"lerp_mode": "catmullrom"
						},
						"6.4167": {
							"post": [0.07471, -0.12411, -1.63173],
							"lerp_mode": "catmullrom"
						},
						"6.5417": {
							"post": [0.10898, 0.07085, -1.8948],
							"lerp_mode": "catmullrom"
						},
						"7.125": {
							"post": [-0.00211, -0.10403, -1.75237],
							"lerp_mode": "catmullrom"
						},
						"7.375": {
							"post": [0, -0.1, -1.75],
							"lerp_mode": "catmullrom"
						},
						"7.5833": {
							"post": [0, -0.19143, -0.22326],
							"lerp_mode": "catmullrom"
						},
						"7.7083": {
							"post": [0, 0.04616, 0.10405],
							"lerp_mode": "catmullrom"
						},
						"7.8333": {
							"post": [0, 0, 0],
							"lerp_mode": "catmullrom"
						}
					}
				},
				"mag_and_lefthand": {
					"rotation": {
						"3.625": {
							"pre": [0, 0, 0],
							"post": [0, 0, 0],
							"lerp_mode": "catmullrom"
						},
						"3.6667": {
							"post": [-2.5, 0, 0],
							"lerp_mode": "catmullrom"
						},
						"3.7083": {
							"post": [-5, 0, 0],
							"lerp_mode": "catmullrom"
						},
						"3.7917": {
							"post": [-5, 0, 0],
							"lerp_mode": "catmullrom"
						},
						"4.0": {
							"post": [-4.76968, 1.50179, 17.43745],
							"lerp_mode": "catmullrom"
						},
						"4.125": {
							"post": [-4.76968, 1.50179, 17.43745],
							"lerp_mode": "catmullrom"
						},
						"4.3333": {
							"post": [-4.91288, 1.48099, 17.18823],
							"lerp_mode": "catmullrom"
						},
						"4.5833": {
							"post": [-4.63656, 1.48, 17.39313],
							"lerp_mode": "catmullrom"
						},
						"4.75": {
							"post": [-4.64, 1.48, 17.39],
							"lerp_mode": "catmullrom"
						},
						"4.875": {
							"post": [-14.8644, 0.2302, 2.44019],
							"lerp_mode": "catmullrom"
						},
						"4.9583": {
							"post": [-14.8644, 0.2302, 2.44019],
							"lerp_mode": "catmullrom"
						},
						"5.0417": {
							"post": [0, 0, 0],
							"lerp_mode": "catmullrom"
						}
					},
					"position": {
						"3.5833": {
							"pre": [0, 0, 0],
							"post": [0, 0, 0],
							"lerp_mode": "catmullrom"
						},
						"3.625": {
							"post": [0, -1, 0],
							"lerp_mode": "catmullrom"
						},
						"3.6667": {
							"post": [0, -4, -0.55859],
							"lerp_mode": "catmullrom"
						},
						"3.75": {
							"post": [0, -4, -0.55859],
							"lerp_mode": "catmullrom"
						},
						"3.9583": {
							"post": [2, -1, -4.56],
							"lerp_mode": "catmullrom"
						},
						"4.0833": {
							"post": [2, -1, -4.56],
							"lerp_mode": "catmullrom"
						},
						"4.7083": {
							"post": [2, -1.00016, -4.67266],
							"lerp_mode": "catmullrom"
						},
						"4.8333": {
							"post": [0, -3.41797, -1.59187],
							"lerp_mode": "catmullrom"
						},
						"4.9167": {
							"post": [0, -3.41797, -1.59187],
							"lerp_mode": "catmullrom"
						},
						"5.0": {
							"post": [0, 0, 0],
							"lerp_mode": "catmullrom"
						}
					}
				},
				"bullet_in_mag": {
					"scale": 0.0001
				}
			},
			"sound_effects": {
				"0.0": {
					"effect": "tacz:aug/aug_inspect_quick"
				},
				"0.4583": {
					"effect": "tacz:aug/aug_inspect_raise"
				},
				"1.875": {
					"effect": "tacz:aug/aug_inspect_armin"
				},
				"3.0": {
					"effect": "tacz:aug/aug_inspect_grab"
				},
				"3.4167": {
					"effect": "tacz:aug/aug_inspect_maggrab"
				},
				"3.5417": {
					"effect": "tacz:aug/aug_inspect_magout"
				},
				"4.9167": {
					"effect": "tacz:aug/aug_inspect_maghitwell"
				},
				"5.0": {
					"effect": "tacz:aug/aug_inspect_magin"
				},
				"5.5417": {
					"effect": "tacz:aug/aug_inspect_quick"
				},
				"6.4583": {
					"effect": "tacz:aug/aug_inspect_armin"
				},
				"7.375": {
					"effect": "tacz:aug/aug_inspect_end"
				}
			}
		}
	}
}