{
	"format_version": "1.8.0",
	"animations": {
		"static_idle": {
			"loop": true,
			"bones": {
				"defualt_gun": {
					"position": [0, 0, 0]
				},
				"gun": {
					"rotation": [0, 0, 0],
					"position": [0, 0, 0]
				},
				"lefthand": {
					"rotation": [32.5, 0, 55],
					"position": [6, -16, 12]
				},
				"righthand": {
					"rotation": [45, 0, -32.5],
					"position": [-6, -16, -2]
				},
				"root": {
					"rotation": [0, 0, 0],
					"position": [0, 0, 0]
				},
				"mb": {
					"rotation": [0, 0, 0],
					"position": [0, 0, 0]
				},
				"mag_default": {
					"rotation": [0, 0, 0],
					"position": [0, 0, 0]
				},
				"constraint": {
					"rotation": [0.2, 0.2, 0.2]
				}
			}
		},
		"draw": {
			"animation_length": 1.25,
			"bones": {
				"root": {
					"rotation": {
						"0.0": {
							"post": [-22.5, 0, 0],
							"lerp_mode": "catmullrom"
						},
						"0.3333": {
							"post": [-17.5, 0, 0],
							"lerp_mode": "catmullrom"
						},
						"0.5833": {
							"post": [-2.5, 0, 0],
							"lerp_mode": "catmullrom"
						},
						"0.625": {
							"post": [-2.49848, 0.08722, 1.9981],
							"lerp_mode": "catmullrom"
						},
						"0.6667": {
							"post": [-2.5, 0, 0],
							"lerp_mode": "catmullrom"
						},
						"0.875": {
							"post": [0, 0, 0],
							"lerp_mode": "catmullrom"
						}
					},
					"position": {
						"0.0": {
							"post": [0, -13.01124, 31.4119],
							"lerp_mode": "catmullrom"
						},
						"0.1667": {
							"post": [0, -6.50438, 15.70405],
							"lerp_mode": "catmullrom"
						},
						"0.3333": {
							"post": [0, -4.99647, 10.93142],
							"lerp_mode": "catmullrom"
						},
						"0.5833": {
							"post": [0, -4.52019, -0.05953],
							"lerp_mode": "catmullrom"
						},
						"0.625": {
							"post": [0, -5.14441, -0.08726],
							"lerp_mode": "catmullrom"
						},
						"0.6667": {
							"post": [0, -4.52095, -0.05638],
							"lerp_mode": "catmullrom"
						},
						"0.7917": {
							"post": [0, -1.77262, 0.05995],
							"lerp_mode": "catmullrom"
						},
						"0.8333": {
							"post": [0, -1.52276, -1.9481],
							"lerp_mode": "catmullrom"
						},
						"1.0833": {
							"post": [0, 0, 0],
							"lerp_mode": "catmullrom"
						}
					}
				}
			}
		},
		"put_away": {
			"animation_length": 1.7083,
			"bones": {
				"root": {
					"rotation": {
						"0.0": {
							"post": [0, 0, 0],
							"lerp_mode": "catmullrom"
						},
						"0.1667": {
							"post": [-4.53, -1.25, -1.42],
							"lerp_mode": "catmullrom"
						},
						"0.3333": {
							"post": [-27.15, -7.52, -8.53],
							"lerp_mode": "catmullrom"
						},
						"0.4167": {
							"post": [-40.73045, -11.28181, -12.80042],
							"lerp_mode": "catmullrom"
						},
						"0.5417": {
							"post": [-51.25268, -7.98916, -16.98839],
							"lerp_mode": "catmullrom"
						},
						"0.6667": {
							"post": [-59.1046, 20.10068, 0.608],
							"lerp_mode": "catmullrom"
						},
						"0.75": {
							"post": [-67.12, 33.68, 8.77],
							"lerp_mode": "catmullrom"
						},
						"0.875": {
							"post": [-74.38, 35.33, 10.02],
							"lerp_mode": "catmullrom"
						}
					},
					"position": {
						"0.0": {
							"post": [0, -6, 0],
							"lerp_mode": "catmullrom"
						},
						"0.1667": {
							"post": [-0.38, -6, 0.09],
							"lerp_mode": "catmullrom"
						},
						"0.3333": {
							"post": [-1.325, -6, 0.28],
							"lerp_mode": "catmullrom"
						},
						"0.4167": {
							"post": [-1.95, -6, 1.95],
							"lerp_mode": "catmullrom"
						},
						"0.5417": {
							"post": [-2.2, -6, 4.37],
							"lerp_mode": "catmullrom"
						},
						"0.7083": {
							"post": [-4.7, -6, 7.94],
							"lerp_mode": "catmullrom"
						},
						"0.875": {
							"post": [-7.59, -6, 14.07],
							"lerp_mode": "catmullrom"
						}
					}
				}
			}
		},
		"bolt": {
			"animation_length": 1.1667,
			"bones": {
				"m24_bolt": {
					"rotation": {
						"0.0": [0, 0, 0],
						"0.0417": [0, 0, 0],
						"0.125": [0, 0, 22.5],
						"0.1667": [0, 0, 45],
						"0.6667": [0, 0, 45],
						"0.75": [0, 0, 45],
						"0.875": [0, 0, 0]
					},
					"position": {
						"0.0": [0, 0, 0],
						"0.25": [0, 0, 0],
						"0.2917": [0, 0, 3],
						"0.5417": [0, 0, 3],
						"0.6667": [0, 0, 0]
					}
				},
				"bone": {
					"rotation": {
						"0.0": [0, 0, 0],
						"0.0417": [-13.33, 0, 0],
						"0.125": [-20.15874, -7.04533, 2.57816],
						"0.7083": [-20.15874, -7.04533, 2.57816],
						"0.7917": [0, 0, 0],
						"0.8333": [0, 0, 0],
						"0.875": [1, 0, 0],
						"0.9583": [0, 0, 0]
					},
					"position": {
						"0.0": [0, 0, 0],
						"0.0417": [0, -1.33, 0],
						"0.125": [-0.99144, -1.95536, -0.12265],
						"0.25": [-0.99144, -1.95536, -0.12265],
						"0.2917": [-0.99144, -2.12637, 0.34719],
						"0.625": [-0.99144, -2.12637, 0.34719],
						"0.7083": [-0.99144, -1.95536, -0.12265],
						"0.7917": [0, 0, 0],
						"0.8333": [0, 0, 0],
						"0.875": [0, -0.12502, -0.00218],
						"1.0": [0, 0, 0]
					}
				},
				"mb": {
					"rotation": {
						"0.0": [0, 0, 0],
						"0.1667": [0, 0, 0],
						"0.2083": [0, 0, 6.5],
						"0.6667": [0, 0, 6.5],
						"0.7917": [0, 0, 2.5],
						"0.875": [0, 0, 0]
					},
					"position": {
						"0.0": [0, 0, 0],
						"0.1667": [0, 0, 0],
						"0.2083": [-0.5, 0, 0],
						"0.6667": [-0.5, 0, 0],
						"0.875": [0, 0, 0]
					}
				},
				"root": {
					"rotation": {
						"0.0": {
							"post": [0, 0, 0],
							"lerp_mode": "catmullrom"
						},
						"0.1667": {
							"post": [0, 0, 0],
							"lerp_mode": "catmullrom"
						},
						"0.2083": {
							"post": [0, 0, 6.5],
							"lerp_mode": "catmullrom"
						},
						"0.6667": {
							"post": [0, 0, 6.5],
							"lerp_mode": "catmullrom"
						},
						"0.7917": {
							"post": [0, 0, 2.5],
							"lerp_mode": "catmullrom"
						},
						"0.875": {
							"post": [0, 0, 0],
							"lerp_mode": "catmullrom"
						}
					},
					"position": {
						"0.0": {
							"post": [0, 0, 0],
							"lerp_mode": "catmullrom"
						},
						"0.2917": {
							"post": [0, 0, 0.0625],
							"lerp_mode": "catmullrom"
						},
						"0.5833": {
							"post": [0, 0, 0.0625],
							"lerp_mode": "catmullrom"
						},
						"0.6667": {
							"post": [0, 0, -0.0025],
							"lerp_mode": "catmullrom"
						}
					}
				},
				"lefthand": {
					"rotation": {
						"0.0": {
							"post": [32.5, 0, 55],
							"lerp_mode": "catmullrom"
						},
						"0.0417": {
							"post": [30.00135, 13.12479, 33.53128],
							"lerp_mode": "catmullrom"
						},
						"0.1667": [27.55814, 17.94973, 24.43607],
						"0.25": [23.39, 17.95, 24.44],
						"0.2917": [15.05814, 17.94973, 24.43607],
						"0.5417": [15.06, 17.95, 24.44],
						"0.6667": [27.55814, 17.94973, 24.43607],
						"0.75": {
							"pre": [28.37, 16.34, 27.47],
							"post": [28.37, 16.34, 27.47],
							"lerp_mode": "catmullrom"
						},
						"0.875": {
							"post": [30.00135, 13.12479, 33.53128],
							"lerp_mode": "catmullrom"
						},
						"0.9583": {
							"post": [32.5, 0, 55],
							"lerp_mode": "catmullrom"
						}
					},
					"position": {
						"0.0": {
							"post": [6, -16, 12],
							"lerp_mode": "catmullrom"
						},
						"0.0417": {
							"post": [2, -14, 10],
							"lerp_mode": "catmullrom"
						},
						"0.1667": [2, -12, 10],
						"0.25": [2.25, -12.25, 10.67],
						"0.2917": [2, -12.75, 12],
						"0.5417": [2, -12.75, 12],
						"0.6667": [2, -12, 10],
						"0.75": {
							"pre": [2, -12.67, 10],
							"post": [2, -12.67, 10],
							"lerp_mode": "catmullrom"
						},
						"0.875": {
							"post": [2, -14, 10],
							"lerp_mode": "catmullrom"
						},
						"0.9583": {
							"post": [6, -16, 12],
							"lerp_mode": "catmullrom"
						}
					}
				},
				"righthand": {
					"rotation": [45, 0, -32.5],
					"position": [-6, -16, -2]
				}
			}
		},
		"shoot": {
			"animation_length": 0.2917,
			"bones": {
				"root": {
					"rotation": {
						"0.0": {
							"post": [0, 0, 0],
							"lerp_mode": "catmullrom"
						},
						"0.0833": {
							"post": [-2.5, 0, 0],
							"lerp_mode": "catmullrom"
						},
						"0.2917": {
							"post": [0, 0, 0],
							"lerp_mode": "catmullrom"
						}
					},
					"position": {
						"0.0": {
							"post": [0, 0, 0],
							"lerp_mode": "catmullrom"
						},
						"0.0417": {
							"post": [0, -0.01745, 1.56235],
							"lerp_mode": "catmullrom"
						},
						"0.2083": {
							"post": [0, 0, 0.5],
							"lerp_mode": "catmullrom"
						},
						"0.2917": {
							"post": [0, 0, 0],
							"lerp_mode": "catmullrom"
						}
					}
				},
				"mb": {
					"rotation": {
						"0.0": [0, 0, 0],
						"0.0833": [0.5, 0, 0],
						"0.2917": [0, 0, 0]
					},
					"position": {
						"0.0": [0, 0, 0],
						"0.0417": [0, -0.07995, -0.18765],
						"0.0833": [0, -0.0725, -0.2],
						"0.2083": [0, -0.0625, 0],
						"0.2917": [0, 0, 0]
					}
				}
			}
		},
		"inspect": {
			"animation_length": 5,
			"bones": {
				"defualt_gun": {
					"rotation": [0, 0, 0],
					"position": [0, 0, -2]
				},
				"root": {
					"rotation": {
						"0.0": {
							"post": [0, 0, 0],
							"lerp_mode": "catmullrom"
						},
						"0.1667": {
							"post": [-2.5, 0, 0],
							"lerp_mode": "catmullrom"
						},
						"0.9583": {
							"post": [-2.5, 0, 0],
							"lerp_mode": "catmullrom"
						},
						"2.25": {
							"post": [0, 0, 0],
							"lerp_mode": "catmullrom"
						},
						"2.2917": {
							"post": [-1.5, 0, 0],
							"lerp_mode": "catmullrom"
						},
						"2.4167": {
							"post": [-5, 0, 0],
							"lerp_mode": "catmullrom"
						},
						"3.0417": {
							"post": [-8.5, 0, 0],
							"lerp_mode": "catmullrom"
						},
						"3.125": {
							"post": [-5, 0, 0],
							"lerp_mode": "catmullrom"
						},
						"4.0833": {
							"post": [-5, 0, 0],
							"lerp_mode": "catmullrom"
						},
						"4.4167": {
							"post": [0, 0, 0],
							"lerp_mode": "catmullrom"
						}
					},
					"position": {
						"0.0": {
							"post": [0, 0, 0],
							"lerp_mode": "catmullrom"
						},
						"4.0833": {
							"post": [0, 0, 0],
							"lerp_mode": "catmullrom"
						},
						"4.4167": {
							"post": [0, 0, 0],
							"lerp_mode": "catmullrom"
						}
					}
				},
				"lefthand": {
					"rotation": {
						"0.0": {
							"post": [32.5, 0, 55],
							"lerp_mode": "catmullrom"
						},
						"1.1667": {
							"post": [32.5, 0, 55],
							"lerp_mode": "catmullrom"
						},
						"1.2917": {
							"post": [16.39211, -28.46296, 113.31584],
							"lerp_mode": "catmullrom"
						},
						"1.3333": {
							"post": [26.01349, -20.20435, 90.28664],
							"lerp_mode": "catmullrom"
						},
						"1.375": {
							"post": [32.27733, -4.02155, 61.33586],
							"lerp_mode": "catmullrom"
						},
						"1.8333": {
							"post": [32.28, -4.02, 61.34],
							"lerp_mode": "catmullrom"
						},
						"1.9583": {
							"post": [24.25378, -22.32943, 95.14706],
							"lerp_mode": "catmullrom"
						},
						"2.25": {
							"post": [32.5, 0, 55],
							"lerp_mode": "catmullrom"
						},
						"3.25": {
							"post": [32.5, 0, 55],
							"lerp_mode": "catmullrom"
						},
						"3.4583": {
							"post": [32.5, 0, 55],
							"lerp_mode": "catmullrom"
						},
						"5.0": {
							"post": [32.5, 0, 55],
							"lerp_mode": "catmullrom"
						}
					},
					"position": {
						"0.0": {
							"post": [5, -15, 12],
							"lerp_mode": "catmullrom"
						},
						"1.1667": {
							"post": [5, -15, 12],
							"lerp_mode": "catmullrom"
						},
						"1.2917": {
							"post": [5, -19, 12],
							"lerp_mode": "catmullrom"
						},
						"1.3333": {
							"post": [5, -17, 12],
							"lerp_mode": "catmullrom"
						},
						"1.375": {
							"post": [0, -17, 12],
							"lerp_mode": "catmullrom"
						},
						"1.8333": {
							"post": [0, -17, 12],
							"lerp_mode": "catmullrom"
						},
						"1.9583": {
							"post": [4, -20, 12],
							"lerp_mode": "catmullrom"
						},
						"2.0": {
							"post": [5, -22, 12],
							"lerp_mode": "catmullrom"
						},
						"2.0417": {
							"post": [6.17, -21.5, 12],
							"lerp_mode": "catmullrom"
						},
						"2.0833": {
							"post": [6.14, -21.6, 12],
							"lerp_mode": "catmullrom"
						},
						"2.25": {
							"post": [6, -18, 12],
							"lerp_mode": "catmullrom"
						},
						"2.3333": {
							"post": [6, -17.63, 12],
							"lerp_mode": "catmullrom"
						},
						"3.125": {
							"post": [6, -17.63, 12],
							"lerp_mode": "catmullrom"
						},
						"3.25": {
							"post": [6, -15.98, 11.98],
							"lerp_mode": "catmullrom"
						},
						"3.4583": {
							"post": [6, -15.75, 11.75],
							"lerp_mode": "catmullrom"
						},
						"3.5417": {
							"post": [6, -15, 11],
							"lerp_mode": "catmullrom"
						},
						"5.0": {
							"post": [6, -16, 12],
							"lerp_mode": "catmullrom"
						}
					}
				},
				"righthand": {
					"rotation": {
						"0.0": {
							"post": [45, 0, -32.5],
							"lerp_mode": "catmullrom"
						},
						"0.25": {
							"post": [15, 0, -32.5],
							"lerp_mode": "catmullrom"
						},
						"0.4167": {
							"post": [13.36965, 6.86379, -59.19458],
							"lerp_mode": "catmullrom"
						},
						"2.25": {
							"post": [45, 0, -32.5],
							"lerp_mode": "catmullrom"
						},
						"2.5833": {
							"post": [19.14314, 5.90316, -49.00371],
							"lerp_mode": "catmullrom"
						},
						"3.25": {
							"post": [45, 0, -32.5],
							"lerp_mode": "catmullrom"
						},
						"3.5417": {
							"post": [45, 0, -32.5],
							"lerp_mode": "catmullrom"
						},
						"4.0417": {
							"post": [65, 0, -32.5],
							"lerp_mode": "catmullrom"
						},
						"5.0": {
							"post": [67.41043, 4.43385, -34.81336],
							"lerp_mode": "catmullrom"
						}
					},
					"position": {
						"0.0": {
							"post": [-6, -16, -2],
							"lerp_mode": "catmullrom"
						},
						"0.25": {
							"post": [-6, -17, 6],
							"lerp_mode": "catmullrom"
						},
						"0.375": {
							"post": [-6, -16.94, 6.5],
							"lerp_mode": "catmullrom"
						},
						"2.25": {
							"post": [-6, -16, -2],
							"lerp_mode": "catmullrom"
						},
						"2.5417": {
							"post": [-7, -15.87, -0.25],
							"lerp_mode": "catmullrom"
						},
						"2.5833": {
							"post": [-6, -17, 0],
							"lerp_mode": "catmullrom"
						},
						"3.25": {
							"post": [-6, -16, -2],
							"lerp_mode": "catmullrom"
						},
						"3.5417": {
							"post": [-6, -16, -2],
							"lerp_mode": "catmullrom"
						},
						"3.6667": {
							"post": [-6, -18, -2],
							"lerp_mode": "catmullrom"
						},
						"4.0417": {
							"post": [-6, -18, -9],
							"lerp_mode": "catmullrom"
						},
						"5.0": {
							"post": [-5.30275, -18.39649, -10.1007],
							"lerp_mode": "catmullrom"
						}
					}
				},
				"righthand_and_gun": {
					"position": [0, 0, 2]
				},
				"lefthand_and_mag": {
					"rotation": {
						"0.375": [0, 0, 0],
						"0.6667": [0, 0, 0],
						"1.625": [0, -12.5, 0],
						"2.7917": [-17.5, 5, 0]
					},
					"position": {
						"0.375": [0, 0, 0],
						"0.7917": [0, -27, 0],
						"1.4583": [0, -27, 0],
						"1.625": [0, -8, -8],
						"1.6667": [0, -6.89, -8],
						"1.7083": [0, -6.78, -8],
						"1.75": [0, -5.67, -8],
						"1.7917": [0, -9.72, -8],
						"1.8333": [0, -7.18, -8],
						"2.0": [0, -2, -8],
						"2.25": [0, 1, -8],
						"2.5833": [0, -4, -2],
						"2.7917": [1, -4, 6],
						"2.875": [0.6875, -4, 6],
						"2.9583": [0.69, 1, 5.25],
						"3.0": [0.69, 2, 5.25]
					}
				},
				"righthand_pos": {
					"position": {
						"0.0": [0, 0, 0],
						"3.0": [-2, -3, 0]
					}
				},
				"mb": {
					"rotation": {
						"0.0": [0, 0, 0],
						"0.25": [0, 0, 0],
						"1.4583": [0, 0, -21.96],
						"1.5417": [0, 0, -10],
						"2.0": [8.33481, 1.46415, -19.89331],
						"2.625": [20, 0, -10],
						"3.0": [16.70608, -2.16733, -1.23932]
					},
					"position": {
						"0.0": [0, 0, 0],
						"0.25": [0, 0, 0],
						"0.4167": [0.24965, 0.01321, 0],
						"0.6667": [0, 0, 0],
						"0.7917": [0.08951, -0.99599, -1.63],
						"1.4583": [0.53831, -1.91385, -4],
						"1.75": [0.50989, -2.35388, -4.97938],
						"2.0": [0.42939, -2.43522, -5.63214],
						"2.25": [0.68168, -3.35195, -6.09012],
						"2.375": [0.41625, -2.61154, -5.50679],
						"2.4167": [0.39069, -2.92689, -5.15431],
						"2.625": [0.48953, -4.77625, -3.97394],
						"2.7917": [0.51323, -4.74766, -4.23394],
						"3.0": [-0.51785, -3.63195, -4.59581],
						"5.0": [-0.53269, -2.87582, -4.6958]
					}
				},
				"gun": {
					"rotation": {
						"0.0": [0, 0, 0],
						"1.1667": [0, 0, 0],
						"1.2083": [-30, 0, 0],
						"1.2917": [-60, 0, 0],
						"1.5417": [-46.5, 0, 0],
						"1.625": [-36.5, 0, 0],
						"1.6667": [-31.5, 0, 0],
						"1.7083": [-19, 0, 0],
						"1.75": [-29, 0, 0],
						"1.7917": [-9, 0, 0],
						"2.0": [-4, 0, 0],
						"2.3333": [0, 0, 0],
						"5.0": [0, 0, 0]
					},
					"position": {
						"0.0": [0, 0, 0],
						"1.1667": [0, 0, 0],
						"1.2917": [0, -2, 0],
						"1.3333": [0, 2, 0],
						"1.4583": [0, 9, 0],
						"1.5417": [0, 12, 0],
						"1.625": [0, 6.5, 0],
						"1.6667": [0, -0.25, 0],
						"1.7083": [0, -15, 0],
						"1.75": [0, -17, -2],
						"1.8333": [0, -12, 0],
						"2.0": [0, -6.33, 0],
						"2.0833": [0, -5, 0],
						"2.3333": [0, -1, 0],
						"5.0": [0, 0, 0]
					}
				}
			}
		},
		"reload_tactical": {
			"animation_length": 3.25,
			"bones": {
				"mb": {
					"rotation": {
						"0.625": [0, 0, 0],
						"1.0": [0, 0, 0]
					},
					"position": {
						"0.625": [0, 0, 0],
						"1.0": [0, 0, 0]
					}
				},
				"m24_bolt": {
					"rotation": [0, 0, 0],
					"position": [0, 0, 0]
				},
				"bone": {
					"rotation": {
						"2.25": [0, 0, 0],
						"2.2917": [-13.33, 0, 0],
						"2.375": [-20, 0, 0],
						"2.9583": [-20, 0, 0],
						"3.0417": [0, 0, 0],
						"3.0833": [0, 0, 0],
						"3.125": [1, 0, 0],
						"3.2083": [0, 0, 0]
					},
					"position": {
						"2.25": [0, 0, 0],
						"2.2917": [0, -1.33, 0],
						"2.375": [0, -2, 0],
						"2.5": [0, -2, 0],
						"2.5417": [0, -2.17101, 0.46985],
						"2.875": [0, -2.17101, 0.46985],
						"2.9583": [0, -2, 0],
						"3.0417": [0, 0, 0],
						"3.0833": [0, 0, 0],
						"3.125": [0, -0.12502, -0.00218],
						"3.25": [0, 0, 0]
					}
				},
				"root": {
					"rotation": {
						"0.0": {
							"post": [0, 0, 0],
							"lerp_mode": "catmullrom"
						},
						"0.1667": {
							"post": [0, 0, -12.5],
							"lerp_mode": "catmullrom"
						},
						"1.7917": {
							"post": [0, 0, -12.5],
							"lerp_mode": "catmullrom"
						},
						"1.8333": {
							"post": [-1, 0, -12.5],
							"lerp_mode": "catmullrom"
						},
						"1.9167": {
							"post": [-1, 0, -12.5],
							"lerp_mode": "catmullrom"
						},
						"2.0417": {
							"post": [0, 0, -12.5],
							"lerp_mode": "catmullrom"
						},
						"2.1667": {
							"post": [0, 0, 0],
							"lerp_mode": "catmullrom"
						}
					},
					"position": {
						"0.0": {
							"post": [0, 0, 0],
							"lerp_mode": "catmullrom"
						},
						"0.3333": {
							"post": [0, 1, 0],
							"lerp_mode": "catmullrom"
						},
						"1.625": {
							"post": [0, 1, 0],
							"lerp_mode": "catmullrom"
						},
						"2.0417": {
							"post": [0, 1, 0],
							"lerp_mode": "catmullrom"
						},
						"2.4167": {
							"post": [0, 0, 0],
							"lerp_mode": "catmullrom"
						}
					}
				},
				"lefthand": {
					"rotation": [32.5, 0, 55],
					"position": [5, -15, 11]
				},
				"righthand": {
					"rotation": {
						"0.0": {
							"post": [45, 0, -32.5],
							"lerp_mode": "catmullrom"
						},
						"0.25": {
							"post": [30, 0, -32.5],
							"lerp_mode": "catmullrom"
						},
						"2.0": {
							"post": [30, 0, -32.5],
							"lerp_mode": "catmullrom"
						},
						"2.125": {
							"post": [45, 0, -32.5],
							"lerp_mode": "catmullrom"
						},
						"3.25": {
							"post": [45, 0, -32.5],
							"lerp_mode": "catmullrom"
						}
					},
					"position": {
						"0.0": {
							"post": [-6, -16, -2],
							"lerp_mode": "catmullrom"
						},
						"0.25": {
							"post": [-6, -18, 6],
							"lerp_mode": "catmullrom"
						},
						"2.0": {
							"post": [-6, -18, 6],
							"lerp_mode": "catmullrom"
						},
						"2.125": {
							"post": [-6, -16, -2],
							"lerp_mode": "catmullrom"
						},
						"3.25": {
							"post": [-6, -16, -2],
							"lerp_mode": "catmullrom"
						}
					}
				},
				"lefthand_and_mag": {
					"rotation": {
						"0.4583": {
							"pre": [0, 0, 0],
							"post": [0, 0, 0],
							"lerp_mode": "catmullrom"
						},
						"0.6667": {
							"post": [0, 0, 0],
							"lerp_mode": "catmullrom"
						},
						"0.875": {
							"post": [0, 0, -15],
							"lerp_mode": "catmullrom"
						},
						"1.6667": {
							"post": [0, 0, -6.5],
							"lerp_mode": "catmullrom"
						},
						"1.875": {
							"post": [0, 0, 0],
							"lerp_mode": "catmullrom"
						},
						"2.2917": {
							"post": [0, 0, 0],
							"lerp_mode": "catmullrom"
						}
					},
					"position": {
						"0.4583": {
							"pre": [0, 0, 0],
							"post": [0, 0, 0],
							"lerp_mode": "catmullrom"
						},
						"0.5417": {
							"post": [0, -3, 0],
							"lerp_mode": "catmullrom"
						},
						"0.625": {
							"post": [1, -3, 0],
							"lerp_mode": "catmullrom"
						},
						"0.7083": {
							"post": [1, -3, 0],
							"lerp_mode": "catmullrom"
						},
						"0.9167": {
							"post": [1, -15, 0],
							"lerp_mode": "catmullrom"
						},
						"1.2917": {
							"post": [1, -15, 0],
							"lerp_mode": "catmullrom"
						},
						"1.625": {
							"post": [1, -3, 0],
							"lerp_mode": "catmullrom"
						},
						"1.7083": {
							"post": [1, -3, 0],
							"lerp_mode": "catmullrom"
						},
						"1.75": {
							"post": [1, -3, 0],
							"lerp_mode": "catmullrom"
						},
						"1.875": {
							"post": [0, -3, 0],
							"lerp_mode": "catmullrom"
						},
						"1.9583": {
							"post": [0, 0, 0],
							"lerp_mode": "catmullrom"
						}
					}
				},
				"lefthand_pos": {
					"position": [1, 0, 1]
				}
			}
		},
		"reload_empty": {
			"animation_length": 3.4167,
			"bones": {
				"mb": {
					"rotation": {
						"0.625": [0, 0, 0],
						"1.0": [0, 0, 0]
					},
					"position": {
						"0.625": [0, 0, 0],
						"1.0": [0, 0, 0]
					}
				},
				"m24_bolt": {
					"rotation": [0, 0, 0],
					"position": [0, 0, 0]
				},
				"bone": {
					"rotation": {
						"2.25": [0, 0, 0],
						"2.2917": [-13.33, 0, 0],
						"2.375": [-20, 0, 0],
						"2.9583": [-20, 0, 0],
						"3.0417": [0, 0, 0],
						"3.0833": [0, 0, 0],
						"3.125": [1, 0, 0],
						"3.2083": [0, 0, 0]
					},
					"position": {
						"2.25": [0, 0, 0],
						"2.2917": [0, -1.33, 0],
						"2.375": [0, -2, 0],
						"2.5": [0, -2, 0],
						"2.5417": [0, -2.17101, 0.46985],
						"2.875": [0, -2.17101, 0.46985],
						"2.9583": [0, -2, 0],
						"3.0417": [0, 0, 0],
						"3.0833": [0, 0, 0],
						"3.125": [0, -0.12502, -0.00218],
						"3.25": [0, 0, 0]
					}
				},
				"root": {
					"rotation": {
						"0.0": {
							"post": [0, 0, 0],
							"lerp_mode": "catmullrom"
						},
						"0.1667": {
							"post": [0, 0, -12.5],
							"lerp_mode": "catmullrom"
						},
						"1.7917": {
							"post": [0, 0, -12.5],
							"lerp_mode": "catmullrom"
						},
						"1.8333": {
							"post": [-1, 0, -12.5],
							"lerp_mode": "catmullrom"
						},
						"1.9167": {
							"post": [-1, 0, -12.5],
							"lerp_mode": "catmullrom"
						},
						"2.0417": {
							"post": [0, 0, -12.5],
							"lerp_mode": "catmullrom"
						},
						"2.1667": {
							"post": [0, 0, 0],
							"lerp_mode": "catmullrom"
						},
						"2.2917": {
							"post": [0, 0, 0],
							"lerp_mode": "catmullrom"
						},
						"2.5": {
							"post": [0, 0, 0],
							"lerp_mode": "catmullrom"
						},
						"2.6667": {
							"post": [0, 0, 0],
							"lerp_mode": "catmullrom"
						},
						"2.7083": {
							"post": [0, 0, 6.5],
							"lerp_mode": "catmullrom"
						},
						"3.1667": {
							"post": [0, 0, 6.5],
							"lerp_mode": "catmullrom"
						},
						"3.2917": {
							"post": [0, 0, 2.5],
							"lerp_mode": "catmullrom"
						},
						"3.375": {
							"post": [0, 0, 0],
							"lerp_mode": "catmullrom"
						}
					},
					"position": {
						"0.0": {
							"post": [0, 0, 0],
							"lerp_mode": "catmullrom"
						},
						"0.1667": {
							"post": [0, 1, 0],
							"lerp_mode": "catmullrom"
						},
						"1.7917": {
							"post": [0, 1, 0],
							"lerp_mode": "catmullrom"
						},
						"2.0417": {
							"post": [0, 1, 0],
							"lerp_mode": "catmullrom"
						},
						"2.1667": {
							"post": [0, 0, 0],
							"lerp_mode": "catmullrom"
						},
						"2.5": {
							"post": [0, 0, 0],
							"lerp_mode": "catmullrom"
						},
						"2.7917": {
							"post": [0, 0, 0.0625],
							"lerp_mode": "catmullrom"
						},
						"3.0833": {
							"post": [0, 0, 0.0625],
							"lerp_mode": "catmullrom"
						},
						"3.1667": {
							"post": [0, 0, -0.0025],
							"lerp_mode": "catmullrom"
						}
					}
				},
				"lefthand": {
					"rotation": {
						"0.0": {
							"post": [32.5, 0, 55],
							"lerp_mode": "catmullrom"
						},
						"2.3333": {
							"post": [32.5, 0, 55],
							"lerp_mode": "catmullrom"
						},
						"2.4583": {
							"post": [30.00135, 13.12479, 33.53128],
							"lerp_mode": "catmullrom"
						},
						"2.5833": [27.55814, 17.94973, 24.43607],
						"2.6667": [23.39, 17.95, 24.44],
						"2.7083": [15.05814, 17.94973, 24.43607],
						"2.9583": [15.06, 17.95, 24.44],
						"3.0833": [27.55814, 17.94973, 24.43607],
						"3.1667": [28.37, 16.34, 27.47],
						"3.2917": {
							"pre": [30.00135, 13.12479, 33.53128],
							"post": [30.00135, 13.12479, 33.53128],
							"lerp_mode": "catmullrom"
						},
						"3.375": {
							"post": [32.5, 0, 55],
							"lerp_mode": "catmullrom"
						}
					},
					"position": {
						"0.0": {
							"post": [5, -15, 11],
							"lerp_mode": "catmullrom"
						},
						"2.3333": {
							"post": [5, -15, 11],
							"lerp_mode": "catmullrom"
						},
						"2.4583": {
							"post": [2, -14, 10],
							"lerp_mode": "catmullrom"
						},
						"2.5833": [2, -12, 10],
						"2.6667": [2.25, -12.25, 10.67],
						"2.7083": [2, -12.75, 12],
						"2.9583": [2, -12.75, 12],
						"3.0833": [2, -12, 10],
						"3.1667": [2, -12.67, 10],
						"3.2917": {
							"pre": [2, -14, 10],
							"post": [2, -14, 10],
							"lerp_mode": "catmullrom"
						},
						"3.375": {
							"post": [6, -16, 12],
							"lerp_mode": "catmullrom"
						}
					}
				},
				"righthand": {
					"rotation": {
						"0.0": {
							"post": [45, 0, -32.5],
							"lerp_mode": "catmullrom"
						},
						"0.25": {
							"post": [30, 0, -32.5],
							"lerp_mode": "catmullrom"
						},
						"2.0833": {
							"post": [30, 0, -32.5],
							"lerp_mode": "catmullrom"
						},
						"2.2083": {
							"post": [45, 0, -32.5],
							"lerp_mode": "catmullrom"
						}
					},
					"position": {
						"0.0": {
							"post": [-6, -16, -2],
							"lerp_mode": "catmullrom"
						},
						"0.25": {
							"post": [-6, -18, 6],
							"lerp_mode": "catmullrom"
						},
						"2.0833": {
							"post": [-6, -18, 6],
							"lerp_mode": "catmullrom"
						},
						"2.2083": {
							"post": [-6, -16, -2],
							"lerp_mode": "catmullrom"
						}
					}
				},
				"lefthand_and_mag": {
					"rotation": {
						"0.2917": [0, 0, 0],
						"0.375": [0, 0, 0],
						"0.5417": [0, 0, -15],
						"1.5417": [0, 0, -7.5],
						"1.7083": [0, 0, 0],
						"1.7917": [0, 0, 0]
					},
					"position": {
						"0.2917": [0, 0, 0],
						"0.375": [0, -3, 0],
						"0.4583": [1, -3, 0],
						"0.5417": [1, -3, 0],
						"0.75": [1, -15, 0],
						"1.125": [1, -15, 0],
						"1.4583": [1, -3, 0],
						"1.5417": [1, -3, 0],
						"1.5833": [1, -3, 0],
						"1.7083": [0, -3, 0],
						"1.7917": [0, 0, 0]
					}
				},
				"lefthand_pos": {
					"position": [1, 0, 1]
				},
				"bolt": {
					"rotation": {
						"2.4167": [0, 0, 0],
						"2.4583": [0, 0, 0],
						"2.5417": [0, 0, 22.5],
						"2.5833": [0, 0, 45],
						"3.0833": [0, 0, 45],
						"3.1667": [0, 0, 45],
						"3.2917": [0, 0, 0]
					},
					"position": {
						"2.4167": [0, 0, 0],
						"2.6667": [0, 0, 0],
						"2.7083": [0, 0, 3],
						"2.9583": [0, 0, 3],
						"3.0833": [0, 0, 0]
					}
				}
			}
		},
		"inspect_empty": {
			"animation_length": 5,
			"bones": {
				"defualt_gun": {
					"rotation": [0, 0, 0],
					"position": [0, 0, -2]
				},
				"root": {
					"rotation": {
						"0.0": {
							"post": [0, 0, 0],
							"lerp_mode": "catmullrom"
						},
						"0.1667": {
							"post": [-2.5, 0, 0],
							"lerp_mode": "catmullrom"
						},
						"0.9583": {
							"post": [-2.5, 0, 0],
							"lerp_mode": "catmullrom"
						},
						"2.25": {
							"post": [0, 0, 0],
							"lerp_mode": "catmullrom"
						},
						"2.2917": {
							"post": [-1.5, 0, 0],
							"lerp_mode": "catmullrom"
						},
						"2.4167": {
							"post": [-5, 0, 0],
							"lerp_mode": "catmullrom"
						},
						"3.0417": {
							"post": [-8.5, 0, 0],
							"lerp_mode": "catmullrom"
						},
						"3.125": {
							"post": [-5, 0, 0],
							"lerp_mode": "catmullrom"
						},
						"4.0833": {
							"post": [-5, 0, 0],
							"lerp_mode": "catmullrom"
						},
						"4.4167": {
							"post": [0, 0, 0],
							"lerp_mode": "catmullrom"
						}
					},
					"position": {
						"0.0": {
							"post": [0, 0, 0],
							"lerp_mode": "catmullrom"
						},
						"4.0833": {
							"post": [0, 0, 0],
							"lerp_mode": "catmullrom"
						},
						"4.4167": {
							"post": [0, 0, 0],
							"lerp_mode": "catmullrom"
						}
					}
				},
				"lefthand": {
					"rotation": {
						"0.0": {
							"post": [32.5, 0, 55],
							"lerp_mode": "catmullrom"
						},
						"1.1667": {
							"post": [32.5, 0, 55],
							"lerp_mode": "catmullrom"
						},
						"1.2917": {
							"post": [16.39211, -28.46296, 113.31584],
							"lerp_mode": "catmullrom"
						},
						"1.3333": {
							"post": [26.01349, -20.20435, 90.28664],
							"lerp_mode": "catmullrom"
						},
						"1.375": {
							"post": [32.27733, -4.02155, 61.33586],
							"lerp_mode": "catmullrom"
						},
						"1.8333": {
							"post": [32.28, -4.02, 61.34],
							"lerp_mode": "catmullrom"
						},
						"1.9583": {
							"post": [24.25378, -22.32943, 95.14706],
							"lerp_mode": "catmullrom"
						},
						"2.25": {
							"post": [32.5, 0, 55],
							"lerp_mode": "catmullrom"
						},
						"3.25": {
							"post": [32.5, 0, 55],
							"lerp_mode": "catmullrom"
						},
						"3.4583": {
							"post": [32.5, 0, 55],
							"lerp_mode": "catmullrom"
						},
						"5.0": {
							"post": [32.5, 0, 55],
							"lerp_mode": "catmullrom"
						}
					},
					"position": {
						"0.0": {
							"post": [5, -15, 12],
							"lerp_mode": "catmullrom"
						},
						"1.1667": {
							"post": [5, -15, 12],
							"lerp_mode": "catmullrom"
						},
						"1.2917": {
							"post": [5, -19, 12],
							"lerp_mode": "catmullrom"
						},
						"1.3333": {
							"post": [5, -17, 12],
							"lerp_mode": "catmullrom"
						},
						"1.375": {
							"post": [0, -17, 12],
							"lerp_mode": "catmullrom"
						},
						"1.8333": {
							"post": [0, -17, 12],
							"lerp_mode": "catmullrom"
						},
						"1.9583": {
							"post": [4, -20, 12],
							"lerp_mode": "catmullrom"
						},
						"2.0": {
							"post": [5, -22, 12],
							"lerp_mode": "catmullrom"
						},
						"2.0417": {
							"post": [6.17, -21.5, 12],
							"lerp_mode": "catmullrom"
						},
						"2.0833": {
							"post": [6.14, -21.6, 12],
							"lerp_mode": "catmullrom"
						},
						"2.25": {
							"post": [6, -18, 12],
							"lerp_mode": "catmullrom"
						},
						"2.3333": {
							"post": [6, -17.63, 12],
							"lerp_mode": "catmullrom"
						},
						"3.125": {
							"post": [6, -17.63, 12],
							"lerp_mode": "catmullrom"
						},
						"3.25": {
							"post": [6, -15.98, 11.98],
							"lerp_mode": "catmullrom"
						},
						"3.4583": {
							"post": [6, -15.75, 11.75],
							"lerp_mode": "catmullrom"
						},
						"3.5417": {
							"post": [6, -15, 11],
							"lerp_mode": "catmullrom"
						},
						"5.0": {
							"post": [6, -16, 12],
							"lerp_mode": "catmullrom"
						}
					}
				},
				"righthand": {
					"rotation": {
						"0.0": {
							"post": [45, 0, -32.5],
							"lerp_mode": "catmullrom"
						},
						"0.25": {
							"post": [15, 0, -32.5],
							"lerp_mode": "catmullrom"
						},
						"0.4167": {
							"post": [13.36965, 6.86379, -59.19458],
							"lerp_mode": "catmullrom"
						},
						"2.25": {
							"post": [45, 0, -32.5],
							"lerp_mode": "catmullrom"
						},
						"2.5833": {
							"post": [19.14314, 5.90316, -49.00371],
							"lerp_mode": "catmullrom"
						},
						"3.25": {
							"post": [45, 0, -32.5],
							"lerp_mode": "catmullrom"
						},
						"3.5417": {
							"post": [45, 0, -32.5],
							"lerp_mode": "catmullrom"
						},
						"4.0417": {
							"post": [65, 0, -32.5],
							"lerp_mode": "catmullrom"
						},
						"5.0": {
							"post": [67.41043, 4.43385, -34.81336],
							"lerp_mode": "catmullrom"
						}
					},
					"position": {
						"0.0": {
							"post": [-6, -16, -2],
							"lerp_mode": "catmullrom"
						},
						"0.25": {
							"post": [-6, -17, 6],
							"lerp_mode": "catmullrom"
						},
						"0.375": {
							"post": [-6, -16.94, 6.5],
							"lerp_mode": "catmullrom"
						},
						"2.25": {
							"post": [-6, -16, -2],
							"lerp_mode": "catmullrom"
						},
						"2.5417": {
							"post": [-7, -15.87, -0.25],
							"lerp_mode": "catmullrom"
						},
						"2.5833": {
							"post": [-6, -17, 0],
							"lerp_mode": "catmullrom"
						},
						"3.25": {
							"post": [-6, -16, -2],
							"lerp_mode": "catmullrom"
						},
						"3.5417": {
							"post": [-6, -16, -2],
							"lerp_mode": "catmullrom"
						},
						"3.6667": {
							"post": [-6, -18, -2],
							"lerp_mode": "catmullrom"
						},
						"4.0417": {
							"post": [-6, -18, -9],
							"lerp_mode": "catmullrom"
						},
						"5.0": {
							"post": [-5.30275, -18.39649, -10.1007],
							"lerp_mode": "catmullrom"
						}
					}
				},
				"righthand_and_gun": {
					"position": [0, 0, 2]
				},
				"lefthand_and_mag": {
					"rotation": {
						"0.375": [0, 0, 0],
						"0.6667": [0, 0, 0],
						"1.625": [0, -12.5, 0],
						"2.7917": [-17.5, 5, 0]
					},
					"position": {
						"0.375": [0, 0, 0],
						"0.7917": [0, -27, 0],
						"1.4583": [0, -27, 0],
						"1.625": [0, -8, -8],
						"1.6667": [0, -6.89, -8],
						"1.7083": [0, -6.78, -8],
						"1.75": [0, -5.67, -8],
						"1.7917": [0, -9.72, -8],
						"1.8333": [0, -7.18, -8],
						"2.0": [0, -2, -8],
						"2.25": [0, 1, -8],
						"2.5833": [0, -4, -2],
						"2.7917": [1, -4, 6],
						"2.875": [0.6875, -4, 6],
						"2.9583": [0.69, 1, 5.25],
						"3.0": [0.69, 2, 5.25]
					}
				},
				"righthand_pos": {
					"position": {
						"0.0": [0, 0, 0],
						"3.0": [-2, -3, 0]
					}
				},
				"mb": {
					"rotation": {
						"0.0": [0, 0, 0],
						"0.25": [0, 0, 0],
						"1.4583": [0, 0, -21.96],
						"1.5417": [0, 0, -10],
						"2.0": [8.33481, 1.46415, -19.89331],
						"2.625": [20, 0, -10],
						"3.0": [16.70608, -2.16733, -1.23932]
					},
					"position": {
						"0.0": [0, 0, 0],
						"0.25": [0, 0, 0],
						"0.4167": [0.24965, 0.01321, 0],
						"0.6667": [0, 0, 0],
						"0.7917": [0.08951, -0.99599, -1.63],
						"1.4583": [0.53831, -1.91385, -4],
						"1.75": [0.50989, -2.35388, -4.97938],
						"2.0": [0.42939, -2.43522, -5.63214],
						"2.25": [0.68168, -3.35195, -6.09012],
						"2.375": [0.41625, -2.61154, -5.50679],
						"2.4167": [0.39069, -2.92689, -5.15431],
						"2.625": [0.48953, -4.77625, -3.97394],
						"2.7917": [0.51323, -4.74766, -4.23394],
						"3.0": [-0.51785, -3.63195, -4.59581],
						"5.0": [-0.53269, -2.87582, -4.6958]
					}
				},
				"gun": {
					"rotation": {
						"0.0": [0, 0, 0],
						"1.1667": [0, 0, 0],
						"1.2083": [-30, 0, 0],
						"1.2917": [-60, 0, 0],
						"1.5417": [-46.5, 0, 0],
						"1.625": [-36.5, 0, 0],
						"1.6667": [-31.5, 0, 0],
						"1.7083": [-19, 0, 0],
						"1.75": [-29, 0, 0],
						"1.7917": [-9, 0, 0],
						"2.0": [-4, 0, 0],
						"2.3333": [0, 0, 0],
						"5.0": [0, 0, 0]
					},
					"position": {
						"0.0": [0, 0, 0],
						"1.1667": [0, 0, 0],
						"1.2917": [0, -2, 0],
						"1.3333": [0, 2, 0],
						"1.4583": [0, 9, 0],
						"1.5417": [0, 12, 0],
						"1.625": [0, 6.5, 0],
						"1.6667": [0, -0.25, 0],
						"1.7083": [0, -15, 0],
						"1.75": [0, -17, -2],
						"1.8333": [0, -12, 0],
						"2.0": [0, -6.33, 0],
						"2.0833": [0, -5, 0],
						"2.3333": [0, -1, 0],
						"5.0": [0, 0, 0]
					}
				}
			}
		}
	}
}