{
	"format_version": "1.8.0",
	"animations": {
		"static_idle": {
			"animation_length": 0.0667,
			"bones": {
				"righthand": {
					"rotation": [7.95, 0, 0],
					"position": [-6.5, -14.3, -1.7],
					"scale": [1, 1.5, 1]
				},
				"lefthand": {
					"rotation": [96.9594, -29.1425, -146.85684],
					"position": [8.4187, -11.62, -12.02],
					"scale": [1, 1.5, 1]
				},
				"constraint": {
					"rotation": [0.2, 0.2, 0.4],
					"position": [0.1, 0.1, 0.1]
				},
				"righthand_pos": {
					"rotation": [73.35133, -20.70481, 9.00717]
				},
				"lefthand_pos": {
					"position": [0, 0, 0]
				}
			}
		},
		"static_bolt_caught": {
			"animation_length": 0.6667,
			"bones": {
				"bolt_release": {
					"rotation": [0, 0, 12.5]
				},
				"m4a1_bolt": {
					"position": [0, 0, 4.7]
				}
			}
		},
		"draw": {
			"animation_length": 0.8,
			"bones": {
				"righthand": {
					"rotation": [96.07, 8.95, -179.05],
					"position": [-6.5, -14.3, -1.7],
					"scale": {
						"0.0": [1, 1.5, 1],
						"0.0333": [1, 1.5, 1],
						"0.0667": [1, 1.5, 1],
						"0.1": [1, 1.5, 1],
						"0.1333": [1, 1.5, 1],
						"0.1667": [1, 1.5, 1],
						"0.2": [1, 1.5, 1],
						"0.2333": [1, 1.5, 1],
						"0.2667": [1, 1.5, 1],
						"0.3": [1, 1.5, 1],
						"0.3333": [1, 1.5, 1],
						"0.3667": [1, 1.5, 1],
						"0.4": [1, 1.5, 1],
						"0.4333": [1, 1.5, 1]
					}
				},
				"lefthand": {
					"rotation": {
						"0.2": [92.39, -41.22, -135.49],
						"0.2333": [93.54, -38.2, -138.33],
						"0.2667": [94.68, -35.18, -141.18],
						"0.3": [95.82, -32.16, -144.02],
						"0.3333": [96.96, -29.14, -146.86]
					},
					"position": {
						"0.2": [10.15, -13.67, -12.82],
						"0.2333": [9.71, -13.16, -12.62],
						"0.2667": [9.28, -12.64, -12.42],
						"0.3": [8.85, -12.13, -12.22],
						"0.3333": [8.42, -11.62, -12.02]
					},
					"scale": [1, 1.5, 1]
				},
				"root": {
					"rotation": {
						"0.0": [0.81, -32.64, 33.95],
						"0.0333": [0.41, -32.66, 32.03],
						"0.0667": [-0.2, -32.9, 29.28],
						"0.1": [-0.85, -32.88, 26.12],
						"0.1333": [-1.39, -32.15, 22.92],
						"0.1667": [-1.65, -30.23, 20.1],
						"0.2": [-1.54, -26.5, 17.61],
						"0.2333": [-1.17, -21.25, 15.2],
						"0.2667": [-0.68, -15.46, 12.92],
						"0.3": [-0.21, -10.08, 10.79],
						"0.3333": [0.1, -6.07, 8.88],
						"0.3667": [0.23, -3.2, 6.78],
						"0.4": [0.22, -1.67, 4.97],
						"0.4333": [0.16, -0.89, 3.43],
						"0.4667": [0.11, -0.29, 2.12],
						"0.5": [0.05, -0.02, 0.15],
						"0.5333": [-0.01, -0.43, -0.76],
						"0.5667": [-0.02, -0.32, -0.02],
						"0.6": [-0.01, -0.17, 0.96],
						"0.6333": [-0.01, -0.1, 0.8],
						"0.6667": [0, -0.04, 0.35],
						"0.7": [0, 0, 0]
					},
					"position": {
						"0.0": [-3.18, -5.58, 13.53],
						"0.0333": [-2.73, -4.98, 11.4],
						"0.0667": [-2.08, -4.11, 8.31],
						"0.1": [-1.41, -3.19, 5.12],
						"0.1333": [-0.9, -2.45, 2.7],
						"0.1667": [-0.61, -1.94, 1.29],
						"0.2": [-0.45, -1.53, 0.43],
						"0.2333": [-0.34, -1.21, -0.1],
						"0.2667": [-0.25, -0.94, -0.49],
						"0.3": [-0.14, -0.69, -0.75],
						"0.3333": [-0.07, -0.55, -0.66],
						"0.3667": [-0.03, -0.45, -0.5],
						"0.4": [-0.01, -0.38, -0.3],
						"0.4333": [-0.02, -0.34, -0.02],
						"0.4667": [-0.03, -0.3, 0.16],
						"0.5": [-0.02, -0.21, 0.14],
						"0.5333": [-0.02, -0.12, 0.02],
						"0.5667": [-0.01, -0.05, -0.06],
						"0.6": [-0.01, -0.02, -0.06],
						"0.6333": [0, -0.01, -0.04],
						"0.6667": [0, 0, -0.02],
						"0.7": [0, 0, 0]
					}
				},
				"camera": {
					"rotation": {
						"0.0": [0, 0, 0],
						"0.0333": [0.14, -0.01, 0.01],
						"0.0667": [0.35, -0.02, 0.03],
						"0.1": [0.55, -0.05, 0.1],
						"0.1333": [0.77, -0.13, 0.3],
						"0.1667": [0.99, -0.24, 0.56],
						"0.2": [1.1, -0.3, 0.7],
						"0.2333": [1.09, -0.3, 0.68],
						"0.2667": [1.03, -0.29, 0.59],
						"0.3": [0.93, -0.26, 0.47],
						"0.3333": [0.82, -0.23, 0.36],
						"0.3667": [0.7, -0.2, 0.3],
						"0.4": [0.42, -0.14, 0.33],
						"0.4333": [0.1, -0.06, 0.41],
						"0.4667": [-0.1, 0, 0.4],
						"0.5": [0.01, 0.07, 0.03],
						"0.5333": [0.2, 0.1, -0.3],
						"0.5667": [0.16, 0.08, -0.23],
						"0.6": [0.07, 0.03, -0.04],
						"0.6333": [0, 0, 0.1],
						"0.6667": [-0.01, -0.01, 0.11],
						"0.7": [-0.01, -0.01, 0.08],
						"0.7333": [0, 0, 0.03],
						"0.7667": [0, 0, 0]
					}
				},
				"constraint": {
					"rotation": {
						"0.0": [1, 1, 1],
						"0.3667": [0.2, 0.2, 0.2],
						"0.8": [0.2, 0.2, 0.4]
					},
					"position": {
						"0.0": [1, 1, 1],
						"0.3667": [0.2, 0.2, 0.2],
						"0.8": [0.1, 0.1, 0.1]
					}
				}
			},
			"sound_effects": {
				"0.0": {
					"effect": "p01_ar_mike4_raise"
				}
			}
		},
		"put_away": {
			"animation_length": 0.4333,
			"bones": {
				"righthand": {
					"rotation": {
						"0.0": [96.07, 8.95, -179.05],
						"0.0333": [96.07, 8.95, -179.05],
						"0.0667": [96.07, 8.95, -179.05],
						"0.1": [96.07, 8.95, -179.05],
						"0.1333": [96.07, 8.95, -179.05],
						"0.1667": [96.07, 8.95, -179.05],
						"0.2": [97.44, 2.74, -179.75],
						"0.2333": [98.82, -3.48, -180.45],
						"0.2667": [100.19, -9.69, -181.15],
						"0.3": [101.57, -15.9, -181.85],
						"0.3333": [102.94, -22.12, -182.54],
						"0.3667": [104.32, -28.33, -183.24]
					},
					"position": {
						"0.0": [-6.5, -14.3, -1.7],
						"0.0333": [-6.5, -14.3, -1.7],
						"0.0667": [-6.5, -14.3, -1.7],
						"0.1": [-6.5, -14.3, -1.7],
						"0.1333": [-6.5, -14.3, -1.7],
						"0.1667": [-6.5, -14.3, -1.7],
						"0.2": [-6.5, -14.3, -1.7],
						"0.2333": [-6.5, -14.3, -1.7],
						"0.2667": [-6.5, -14.3, -1.7],
						"0.3": [-6.5, -14.3, -1.7],
						"0.3333": [-6.5, -14.3, -1.7],
						"0.3667": [-6.5, -14.3, -1.7]
					},
					"scale": [1, 1.5, 1]
				},
				"lefthand": {
					"rotation": {
						"0.0": [96.96, -29.14, -146.86],
						"0.0333": [105.62, -25.54, -157.73],
						"0.0667": [114.27, -21.94, -168.6],
						"0.1": [122.93, -18.35, -179.48],
						"0.1333": [131.58, -14.75, -190.35],
						"0.1667": [140.24, -11.15, -201.22],
						"0.2": [148.89, -7.55, -212.09]
					},
					"position": {
						"0.0": [8.42, -11.62, -12.02],
						"0.0333": [8.63, -11.52, -11.92],
						"0.0667": [8.84, -11.43, -11.82],
						"0.1": [9.05, -11.33, -11.72],
						"0.1333": [8.84, -10.69, -11.62],
						"0.1667": [8.63, -10.04, -11.52],
						"0.2": [8.42, -9.39, -11.42]
					},
					"scale": [1, 1.5, 1]
				},
				"root": {
					"rotation": {
						"0.0": [0, 0, 0],
						"0.0333": [-0.56, -1.34, -1.72],
						"0.0667": [-0.51, -3.68, -4.19],
						"0.1": [1.37, -7.36, -7.72],
						"0.1333": [4.37, -11.73, -10.29],
						"0.1667": [6.5, -14.6, -9.53],
						"0.2": [9.01, -17.59, -7.69],
						"0.2333": [12.75, -20.93, -6.81],
						"0.2667": [15.93, -23.2, -7.29],
						"0.3": [19.75, -25.65, -8.27],
						"0.3333": [23.91, -28.21, -9.51],
						"0.3667": [28.11, -30.78, -10.78],
						"0.4": [32.04, -33.29, -11.85],
						"0.4333": [38.74, -37.82, -13.36]
					},
					"position": {
						"0.0": [0, 0, 0],
						"0.0333": [-0.21, -0.18, 0.14],
						"0.0667": [-0.45, -0.49, 0.28],
						"0.1": [-0.6, -0.94, 0.35],
						"0.1333": [-0.67, -1.47, 0.34],
						"0.1667": [-0.67, -1.79, 0.28],
						"0.2": [-0.61, -2.14, 0.17],
						"0.2333": [-0.43, -2.62, 0.06],
						"0.2667": [-0.27, -3.01, -0.02],
						"0.3": [-0.06, -3.47, -0.11],
						"0.3333": [0.19, -3.98, -0.2],
						"0.3667": [0.51, -4.5, -0.28],
						"0.4": [0.92, -5.03, -0.33],
						"0.4333": [1.67, -5.76, -0.37]
					}
				},
				"camera": {
					"rotation": {
						"0.0": [0, 0, 0],
						"0.0333": [0.05, 0, -0.04],
						"0.0667": [0.13, 0, -0.09],
						"0.1": [0.22, 0, -0.13],
						"0.1333": [0.3, 0, -0.12],
						"0.1667": [0.43, 0, 0],
						"0.2": [0.56, 0, 0.18],
						"0.2333": [0.64, 0, 0.3],
						"0.2667": [0.64, 0, 0.29],
						"0.3": [0.59, 0, 0.22],
						"0.3333": [0.5, 0, 0.15],
						"0.3667": [0.42, 0, 0.12],
						"0.4": [0.3, 0, 0.08],
						"0.4333": [0.18, 0, 0.05]
					}
				},
				"constraint": {
					"rotation": {
						"0.0": [0.2, 0.2, 0.4],
						"0.1667": [0.8, 0.8, 0.8],
						"0.4333": [1, 1, 1]
					},
					"position": {
						"0.0": [0.1, 0.1, 0.1],
						"0.1667": [0.8, 0.8, 0.8],
						"0.4333": [1, 1, 1]
					}
				}
			},
			"sound_effects": {
				"0.1": {
					"effect": "p01_ar_mike4_drop"
				}
			}
		},
		"shoot": {
			"animation_length": 0.6333,
			"bones": {
				"root": {
					"rotation": {
						"0.0": [0, 0, 0],
						"0.0333": [1.23, 0, 0.73],
						"0.0667": [-1.87, 0, -1.17],
						"0.1": [-1.99, 0, -1.23],
						"0.1333": [-0.91, 0, -0.35],
						"0.1667": [0.18, 0, 0.53],
						"0.2": [0.27, 0, 0.27],
						"0.2333": [0.36, 0, 0.01],
						"0.2667": [0.45, 0, -0.25],
						"0.3": [0.38, -0.07, -0.08],
						"0.3333": [0.3, -0.13, 0.08],
						"0.3667": [0.23, -0.2, 0.25],
						"0.4": [0.18, -0.17, 0.17],
						"0.4333": [0.14, -0.14, 0.09],
						"0.4667": [0.1, -0.11, 0.01],
						"0.5": [0.06, -0.07, -0.07],
						"0.5333": [0.04, -0.06, -0.06],
						"0.5667": [0.03, -0.04, -0.04],
						"0.6": [0.01, -0.02, -0.02],
						"0.6333": [0, 0, 0]
					},
					"position": {
						"0.0": [0, 0, 0],
						"0.0333": [0, -0.02, 1.73],
						"0.0667": [0, -0.05, 1.38],
						"0.1": [0, -0.05, 0.67],
						"0.1333": [0, -0.05, -0.04],
						"0.1667": [0, -0.04, -0.01],
						"0.2": [0, -0.04, 0.03],
						"0.2333": [0, -0.03, 0.06],
						"0.2667": [0, -0.02, 0.1],
						"0.3": [0, -0.02, 0.07],
						"0.3333": [0, -0.01, 0.03],
						"0.3667": [0, 0, 0]
					}
				},
				"m4a1_bolt": {
					"position": {
						"0.0": [0, 0, 0],
						"0.0333": [0, 0, 5],
						"0.0667": [0, 0, 0]
					}
				},
				"bullet_in_barrel": {
					"scale": {
						"0.0": [0, 0, 0],
						"0.1667": [0, 0, 0],
						"0.2": [1, 1, 1]
					}
				},
				"camera": {
					"rotation": {
						"0.0": [0, 0, 0],
						"0.0333": [0, 0, 0.6],
						"0.0667": [0, 0, -0.4],
						"0.1": [0, 0, -0.07],
						"0.1333": [0, 0, 0.33],
						"0.1667": [0, 0, 0.08],
						"0.2": [0, 0, -0.22],
						"0.2333": [0, 0, -0.15],
						"0.2667": [0, 0, 0],
						"0.3": [0, 0, 0.02],
						"0.3333": [0, 0, 0.01],
						"0.3667": [0, 0, 0]
					}
				},
				"constraint": {
					"rotation": {
						"0.1667": [0.2, 0.2, 0.2],
						"0.2333": [0.1, 0.1, 0.1],
						"0.3333": [0, 0, 0]
					},
					"position": {
						"0.1667": [0.15, 0.05, 0.25],
						"0.2333": [0.1, 0, 0.1],
						"0.3333": [0, 0, 0]
					}
				}
			},
			"sound_effects": {
				"0.0": {
					"effect": "weap_iw9_mike4_fire_plr_02"
				}
			}
		},
		"reload_tactical": {
			"animation_length": 1.875,
			"bones": {
				"righthand": {
					"rotation": [7.95, 0, 0],
					"position": [-6.5, -14.3, -1.7],
					"scale": [1, 1.5, 1]
				},
				"lefthand": {
					"rotation": {
						"0.0": [96.9594, -29.1425, -146.85684],
						"0.25": [62.73105, -24.78288, -96.22402],
						"0.3333": [54.59219, -44.11489, -82.08855]
					},
					"position": {
						"0.0": [8.4187, -11.62, -12.02],
						"0.25": [5.42, -15.62, -6.02]
					},
					"scale": [1, 1.5, 1]
				},
				"constraint": {
					"rotation": [0.2, 0.2, 0.4],
					"position": [0.1, 0.1, 0.1]
				},
				"righthand_pos": {
					"rotation": [73.35133, -20.70481, 9.00717]
				},
				"mag_and_lefthand": {
					"rotation": {
						"0.0": [0, 0, 0],
						"0.4583": [-10, 0, 0],
						"1.5417": [0, 0, 0]
					},
					"position": {
						"0.0": [0, 0, 0],
						"0.4583": [0, -1.82635, -0.98481],
						"0.875": [0, -22.51096, -4.62661],
						"1.0": [0, -23.49481, -4.80365],
						"1.4167": [0, -3.79384, -1.32704],
						"1.5": [0, -1.82038, -0.9827],
						"1.5417": [0, -0.82, 0.02]
					}
				},
				"mag_and_bullet": {
					"rotation": {
						"0.0": [0, 0, 0],
						"0.3333": [-7, 0, 0]
					}
				}
			}
		},
		"reload_empty": {
			"animation_length": 0.0667,
			"bones": {
				"righthand": {
					"rotation": [7.95, 0, 0],
					"position": [-6.5, -14.3, -1.7],
					"scale": [1, 1.5, 1]
				},
				"lefthand": {
					"rotation": [96.9594, -29.1425, -146.85684],
					"position": [8.4187, -11.62, -12.02],
					"scale": [1, 1.5, 1]
				},
				"constraint": {
					"rotation": [0.2, 0.2, 0.4],
					"position": [0.1, 0.1, 0.1]
				},
				"righthand_pos": {
					"rotation": [73.35133, -20.70481, 9.00717]
				}
			}
		},
		"inspect": {
			"animation_length": 0.0667,
			"bones": {
				"righthand": {
					"rotation": [7.95, 0, 0],
					"position": [-6.5, -14.3, -1.7],
					"scale": [1, 1.5, 1]
				},
				"lefthand": {
					"rotation": [96.9594, -29.1425, -146.85684],
					"position": [8.4187, -11.62, -12.02],
					"scale": [1, 1.5, 1]
				},
				"constraint": {
					"rotation": [0.2, 0.2, 0.4],
					"position": [0.1, 0.1, 0.1]
				},
				"righthand_pos": {
					"rotation": [73.35133, -20.70481, 9.00717]
				}
			}
		}
	}
}