{
	"format_version": "1.12.0",
	"minecraft:geometry": [
		{
			"description": {
				"identifier": "geometry.unknown",
				"texture_width": 64,
				"texture_height": 64,
				"visible_bounds_width": 3,
				"visible_bounds_height": 3.5,
				"visible_bounds_offset": [0, 1.25, 0]
			},
			"bones": [
				{
					"name": "root",
					"pivot": [0, 0, 0]
				},
				{
					"name": "762x3",
					"parent": "root",
					"pivot": [10, 3.96336, -3.5],
					"rotation": [0, 135, 0],
					"cubes": [
						{
							"origin": [9.45, 0.39242, -4.05],
							"size": [1.1, 3.41564, 1.1],
							"uv": {
								"north": {"uv": [19, 43], "uv_size": [0.5, 1.5]},
								"east": {"uv": [21, 43], "uv_size": [0.5, 1.5]},
								"south": {"uv": [23, 43], "uv_size": [0.5, 1.5]},
								"west": {"uv": [25, 43], "uv_size": [0.5, 1.5]},
								"up": {"uv": [49, 42], "uv_size": [0.5, 0.5]},
								"down": {"uv": [43, 49.5], "uv_size": [0.5, -0.5]}
							}
						},
						{
							"origin": [9.60212, 3.9258, -3.89788],
							"size": [0.79576, 1.09886, 0.79576],
							"inflate": 0.001,
							"uv": {
								"north": {"uv": [45, 49], "uv_size": [0.5, 0.5]},
								"east": {"uv": [49, 46], "uv_size": [0.5, 0.5]},
								"south": {"uv": [47, 49], "uv_size": [0.5, 0.5]},
								"west": {"uv": [49, 48], "uv_size": [0.5, 0.5]},
								"up": {"uv": [0, 50], "uv_size": [0.5, 0.5]},
								"down": {"uv": [50, 0.5], "uv_size": [0.5, -0.5]}
							}
						},
						{
							"origin": [9.60312, 3.63926, -3.92354],
							"size": [0.79376, 0.4875, 0.24374],
							"pivot": [10, 4.04148, -3.5625],
							"rotation": [-22.5, 0, 0],
							"uv": {
								"north": {"uv": [2, 50], "uv_size": [0.5, 0.5]},
								"east": {"uv": [4, 50], "uv_size": [0.5, 0.5]},
								"south": {"uv": [6, 50], "uv_size": [0.5, 0.5]},
								"west": {"uv": [8, 50], "uv_size": [0.5, 0.5]}
							}
						},
						{
							"origin": [9.66408, 5.02366, -3.83594],
							"size": [0.67186, 0.73126, 0.67186],
							"uv": {
								"north": {"uv": [10, 50], "uv_size": [0.5, 0.5]},
								"east": {"uv": [12, 50], "uv_size": [0.5, 0.5]},
								"south": {"uv": [14, 50], "uv_size": [0.5, 0.5]},
								"west": {"uv": [16, 50], "uv_size": [0.5, 0.5]},
								"up": {"uv": [18, 50], "uv_size": [0.5, 0.5]}
							}
						},
						{
							"origin": [9.60312, 3.63926, -3.3202],
							"size": [0.79376, 0.4875, 0.24374],
							"pivot": [10, 4.04148, -3.4375],
							"rotation": [22.5, 0, 0],
							"uv": {
								"north": {"uv": [20, 50], "uv_size": [0.5, 0.5]},
								"east": {"uv": [22, 50], "uv_size": [0.5, 0.5]},
								"south": {"uv": [24, 50], "uv_size": [0.5, 0.5]},
								"west": {"uv": [50, 28], "uv_size": [0.5, 0.5]}
							}
						},
						{
							"origin": [9.72502, 5.75492, -3.775],
							"size": [0.54998, 0.60938, 0.54998],
							"uv": {
								"north": {"uv": [30, 50], "uv_size": [0.5, 0.5]},
								"east": {"uv": [34, 50], "uv_size": [0.5, 0.5]},
								"south": {"uv": [50, 34], "uv_size": [0.5, 0.5]},
								"west": {"uv": [50, 36], "uv_size": [0.5, 0.5]},
								"up": {"uv": [50, 38], "uv_size": [0.5, 0.5]}
							}
						},
						{
							"origin": [9.78594, 6.3643, -3.71408],
							"size": [0.42814, 0.2742, 0.42814],
							"uv": {
								"north": {"uv": [50, 44], "uv_size": [0.5, 0.5]},
								"east": {"uv": [49, 50], "uv_size": [0.5, 0.5]},
								"south": {"uv": [51, 2], "uv_size": [0.5, 0.5]},
								"west": {"uv": [51, 4], "uv_size": [0.5, 0.5]},
								"up": {"uv": [51, 6], "uv_size": [0.5, 0.5]}
							}
						},
						{
							"origin": [9.87734, 6.60806, -3.62266],
							"size": [0.24532, 0.1828, 0.24532],
							"uv": {
								"north": {"uv": [51, 8], "uv_size": [0.5, 0.5]},
								"east": {"uv": [51, 10], "uv_size": [0.5, 0.5]},
								"south": {"uv": [51, 12], "uv_size": [0.5, 0.5]},
								"west": {"uv": [51, 14], "uv_size": [0.5, 0.5]},
								"up": {"uv": [51, 16], "uv_size": [0.5, 0.5]}
							}
						},
						{
							"origin": [9.57646, 3.63926, -3.89688],
							"size": [0.24374, 0.4875, 0.79376],
							"pivot": [9.9375, 4.04148, -3.5],
							"rotation": [0, 0, 22.5],
							"uv": {
								"north": {"uv": [51, 18], "uv_size": [0.5, 0.5]},
								"east": {"uv": [51, 20], "uv_size": [0.5, 0.5]},
								"south": {"uv": [51, 22], "uv_size": [0.5, 0.5]},
								"west": {"uv": [51, 24], "uv_size": [0.5, 0.5]}
							}
						},
						{
							"origin": [10.1798, 3.63926, -3.89688],
							"size": [0.24374, 0.4875, 0.79376],
							"pivot": [10.0625, 4.04148, -3.5],
							"rotation": [0, 0, -22.5],
							"uv": {
								"north": {"uv": [26, 51], "uv_size": [0.5, 0.5]},
								"east": {"uv": [51, 26], "uv_size": [0.5, 0.5]},
								"south": {"uv": [28, 51], "uv_size": [0.5, 0.5]},
								"west": {"uv": [51, 30], "uv_size": [0.5, 0.5]}
							}
						},
						{
							"origin": [9.45, 0.0268, -4.05],
							"size": [1.1, 0.1828, 1.1],
							"uv": {
								"north": {"uv": [32, 51], "uv_size": [0.5, 0.5]},
								"east": {"uv": [51, 32], "uv_size": [0.5, 0.5]},
								"south": {"uv": [36, 51], "uv_size": [0.5, 0.5]},
								"west": {"uv": [38, 51], "uv_size": [0.5, 0.5]},
								"up": {"uv": [40, 51], "uv_size": [0.5, 0.5]},
								"down": {"uv": [51, 40.5], "uv_size": [0.5, -0.5]}
							}
						},
						{
							"origin": [9.57186, 0.14866, -3.92812],
							"size": [0.85626, 0.24376, 0.85626],
							"uv": {
								"north": {"uv": [42, 51], "uv_size": [0.5, 0.5]},
								"east": {"uv": [51, 42], "uv_size": [0.5, 0.5]},
								"south": {"uv": [44, 51], "uv_size": [0.5, 0.5]},
								"west": {"uv": [46, 51], "uv_size": [0.5, 0.5]}
							}
						}
					]
				},
				{
					"name": "762x2",
					"parent": "root",
					"pivot": [12, 0.58836, -6],
					"rotation": [-90, 80, -180],
					"cubes": [
						{
							"origin": [11.45, 0.51742, -6.55],
							"size": [1.1, 3.41564, 1.1],
							"uv": {
								"north": {"uv": [6, 43], "uv_size": [0.5, 1.5]},
								"east": {"uv": [43, 10], "uv_size": [0.5, 1.5]},
								"south": {"uv": [43, 13], "uv_size": [0.5, 1.5]},
								"west": {"uv": [17, 43], "uv_size": [0.5, 1.5]},
								"up": {"uv": [47, 30], "uv_size": [0.5, 0.5]},
								"down": {"uv": [47, 32.5], "uv_size": [0.5, -0.5]}
							}
						},
						{
							"origin": [11.60212, 4.0508, -6.39788],
							"size": [0.79576, 1.09886, 0.79576],
							"inflate": 0.001,
							"uv": {
								"north": {"uv": [33, 47], "uv_size": [0.5, 0.5]},
								"east": {"uv": [37, 47], "uv_size": [0.5, 0.5]},
								"south": {"uv": [39, 47], "uv_size": [0.5, 0.5]},
								"west": {"uv": [47, 40], "uv_size": [0.5, 0.5]},
								"up": {"uv": [41, 47], "uv_size": [0.5, 0.5]},
								"down": {"uv": [47, 42.5], "uv_size": [0.5, -0.5]}
							}
						},
						{
							"origin": [11.60312, 3.76426, -6.42354],
							"size": [0.79376, 0.4875, 0.24374],
							"pivot": [12, 4.16648, -6.0625],
							"rotation": [-22.5, 0, 0],
							"uv": {
								"north": {"uv": [43, 47], "uv_size": [0.5, 0.5]},
								"east": {"uv": [45, 47], "uv_size": [0.5, 0.5]},
								"south": {"uv": [47, 47], "uv_size": [0.5, 0.5]},
								"west": {"uv": [0, 48], "uv_size": [0.5, 0.5]}
							}
						},
						{
							"origin": [11.66408, 5.14866, -6.33594],
							"size": [0.67186, 0.73126, 0.67186],
							"uv": {
								"north": {"uv": [48, 0], "uv_size": [0.5, 0.5]},
								"east": {"uv": [2, 48], "uv_size": [0.5, 0.5]},
								"south": {"uv": [4, 48], "uv_size": [0.5, 0.5]},
								"west": {"uv": [6, 48], "uv_size": [0.5, 0.5]},
								"up": {"uv": [8, 48], "uv_size": [0.5, 0.5]}
							}
						},
						{
							"origin": [11.60312, 3.76426, -5.8202],
							"size": [0.79376, 0.4875, 0.24374],
							"pivot": [12, 4.16648, -5.9375],
							"rotation": [22.5, 0, 0],
							"uv": {
								"north": {"uv": [10, 48], "uv_size": [0.5, 0.5]},
								"east": {"uv": [12, 48], "uv_size": [0.5, 0.5]},
								"south": {"uv": [14, 48], "uv_size": [0.5, 0.5]},
								"west": {"uv": [16, 48], "uv_size": [0.5, 0.5]}
							}
						},
						{
							"origin": [11.72502, 5.87992, -6.275],
							"size": [0.54998, 0.60938, 0.54998],
							"uv": {
								"north": {"uv": [18, 48], "uv_size": [0.5, 0.5]},
								"east": {"uv": [20, 48], "uv_size": [0.5, 0.5]},
								"south": {"uv": [22, 48], "uv_size": [0.5, 0.5]},
								"west": {"uv": [24, 48], "uv_size": [0.5, 0.5]},
								"up": {"uv": [48, 28], "uv_size": [0.5, 0.5]}
							}
						},
						{
							"origin": [11.78594, 6.4893, -6.21408],
							"size": [0.42814, 0.2742, 0.42814],
							"uv": {
								"north": {"uv": [30, 48], "uv_size": [0.5, 0.5]},
								"east": {"uv": [48, 34], "uv_size": [0.5, 0.5]},
								"south": {"uv": [35, 48], "uv_size": [0.5, 0.5]},
								"west": {"uv": [48, 36], "uv_size": [0.5, 0.5]},
								"up": {"uv": [48, 38], "uv_size": [0.5, 0.5]}
							}
						},
						{
							"origin": [11.87734, 6.73306, -6.12266],
							"size": [0.24532, 0.1828, 0.24532],
							"uv": {
								"north": {"uv": [48, 44], "uv_size": [0.5, 0.5]},
								"east": {"uv": [49, 2], "uv_size": [0.5, 0.5]},
								"south": {"uv": [49, 4], "uv_size": [0.5, 0.5]},
								"west": {"uv": [49, 6], "uv_size": [0.5, 0.5]},
								"up": {"uv": [49, 8], "uv_size": [0.5, 0.5]}
							}
						},
						{
							"origin": [11.57646, 3.76426, -6.39688],
							"size": [0.24374, 0.4875, 0.79376],
							"pivot": [11.9375, 4.16648, -6],
							"rotation": [0, 0, 22.5],
							"uv": {
								"north": {"uv": [49, 10], "uv_size": [0.5, 0.5]},
								"east": {"uv": [49, 12], "uv_size": [0.5, 0.5]},
								"south": {"uv": [49, 14], "uv_size": [0.5, 0.5]},
								"west": {"uv": [49, 16], "uv_size": [0.5, 0.5]}
							}
						},
						{
							"origin": [12.1798, 3.76426, -6.39688],
							"size": [0.24374, 0.4875, 0.79376],
							"pivot": [12.0625, 4.16648, -6],
							"rotation": [0, 0, -22.5],
							"uv": {
								"north": {"uv": [49, 18], "uv_size": [0.5, 0.5]},
								"east": {"uv": [49, 20], "uv_size": [0.5, 0.5]},
								"south": {"uv": [49, 22], "uv_size": [0.5, 0.5]},
								"west": {"uv": [49, 24], "uv_size": [0.5, 0.5]}
							}
						},
						{
							"origin": [11.45, 0.1518, -6.55],
							"size": [1.1, 0.1828, 1.1],
							"uv": {
								"north": {"uv": [26, 49], "uv_size": [0.5, 0.5]},
								"east": {"uv": [49, 26], "uv_size": [0.5, 0.5]},
								"south": {"uv": [28, 49], "uv_size": [0.5, 0.5]},
								"west": {"uv": [49, 30], "uv_size": [0.5, 0.5]},
								"up": {"uv": [32, 49], "uv_size": [0.5, 0.5]},
								"down": {"uv": [49, 32.5], "uv_size": [0.5, -0.5]}
							}
						},
						{
							"origin": [11.57186, 0.27366, -6.42812],
							"size": [0.85626, 0.24376, 0.85626],
							"uv": {
								"north": {"uv": [37, 49], "uv_size": [0.5, 0.5]},
								"east": {"uv": [39, 49], "uv_size": [0.5, 0.5]},
								"south": {"uv": [49, 40], "uv_size": [0.5, 0.5]},
								"west": {"uv": [41, 49], "uv_size": [0.5, 0.5]}
							}
						}
					]
				},
				{
					"name": "762x1",
					"parent": "root",
					"pivot": [12, 3.96336, -4],
					"rotation": [0, 157.5, 0],
					"cubes": [
						{
							"origin": [11.45, 0.39242, -4.55],
							"size": [1.1, 3.41564, 1.1],
							"uv": {
								"north": {"uv": [42, 38], "uv_size": [0.5, 1.5]},
								"east": {"uv": [39, 42], "uv_size": [0.5, 1.5]},
								"south": {"uv": [41, 42], "uv_size": [0.5, 1.5]},
								"west": {"uv": [43, 5], "uv_size": [0.5, 1.5]},
								"up": {"uv": [45, 14], "uv_size": [0.5, 0.5]},
								"down": {"uv": [45, 16.5], "uv_size": [0.5, -0.5]}
							}
						},
						{
							"origin": [11.60212, 3.9258, -4.39788],
							"size": [0.79576, 1.09886, 0.79576],
							"inflate": 0.001,
							"uv": {
								"north": {"uv": [45, 18], "uv_size": [0.5, 0.5]},
								"east": {"uv": [45, 20], "uv_size": [0.5, 0.5]},
								"south": {"uv": [45, 22], "uv_size": [0.5, 0.5]},
								"west": {"uv": [45, 24], "uv_size": [0.5, 0.5]},
								"up": {"uv": [45, 26], "uv_size": [0.5, 0.5]},
								"down": {"uv": [27, 45.5], "uv_size": [0.5, -0.5]}
							}
						},
						{
							"origin": [11.60312, 3.63926, -4.42354],
							"size": [0.79376, 0.4875, 0.24374],
							"pivot": [12, 4.04148, -4.0625],
							"rotation": [-22.5, 0, 0],
							"uv": {
								"north": {"uv": [29, 45], "uv_size": [0.5, 0.5]},
								"east": {"uv": [45, 30], "uv_size": [0.5, 0.5]},
								"south": {"uv": [45, 32], "uv_size": [0.5, 0.5]},
								"west": {"uv": [33, 45], "uv_size": [0.5, 0.5]}
							}
						},
						{
							"origin": [11.66408, 5.02366, -4.33594],
							"size": [0.67186, 0.73126, 0.67186],
							"uv": {
								"north": {"uv": [38, 45], "uv_size": [0.5, 0.5]},
								"east": {"uv": [40, 45], "uv_size": [0.5, 0.5]},
								"south": {"uv": [45, 41], "uv_size": [0.5, 0.5]},
								"west": {"uv": [42, 45], "uv_size": [0.5, 0.5]},
								"up": {"uv": [45, 43], "uv_size": [0.5, 0.5]}
							}
						},
						{
							"origin": [11.60312, 3.63926, -3.8202],
							"size": [0.79376, 0.4875, 0.24374],
							"pivot": [12, 4.04148, -3.9375],
							"rotation": [22.5, 0, 0],
							"uv": {
								"north": {"uv": [44, 45], "uv_size": [0.5, 0.5]},
								"east": {"uv": [0, 46], "uv_size": [0.5, 0.5]},
								"south": {"uv": [46, 0], "uv_size": [0.5, 0.5]},
								"west": {"uv": [2, 46], "uv_size": [0.5, 0.5]}
							}
						},
						{
							"origin": [11.72502, 5.75492, -4.275],
							"size": [0.54998, 0.60938, 0.54998],
							"uv": {
								"north": {"uv": [4, 46], "uv_size": [0.5, 0.5]},
								"east": {"uv": [6, 46], "uv_size": [0.5, 0.5]},
								"south": {"uv": [8, 46], "uv_size": [0.5, 0.5]},
								"west": {"uv": [10, 46], "uv_size": [0.5, 0.5]},
								"up": {"uv": [12, 46], "uv_size": [0.5, 0.5]}
							}
						},
						{
							"origin": [11.78594, 6.3643, -4.21408],
							"size": [0.42814, 0.2742, 0.42814],
							"uv": {
								"north": {"uv": [14, 46], "uv_size": [0.5, 0.5]},
								"east": {"uv": [16, 46], "uv_size": [0.5, 0.5]},
								"south": {"uv": [18, 46], "uv_size": [0.5, 0.5]},
								"west": {"uv": [20, 46], "uv_size": [0.5, 0.5]},
								"up": {"uv": [22, 46], "uv_size": [0.5, 0.5]}
							}
						},
						{
							"origin": [11.87734, 6.60806, -4.12266],
							"size": [0.24532, 0.1828, 0.24532],
							"uv": {
								"north": {"uv": [24, 46], "uv_size": [0.5, 0.5]},
								"east": {"uv": [46, 28], "uv_size": [0.5, 0.5]},
								"south": {"uv": [31, 46], "uv_size": [0.5, 0.5]},
								"west": {"uv": [46, 34], "uv_size": [0.5, 0.5]},
								"up": {"uv": [35, 46], "uv_size": [0.5, 0.5]}
							}
						},
						{
							"origin": [11.57646, 3.63926, -4.39688],
							"size": [0.24374, 0.4875, 0.79376],
							"pivot": [11.9375, 4.04148, -4],
							"rotation": [0, 0, 22.5],
							"uv": {
								"north": {"uv": [46, 36], "uv_size": [0.5, 0.5]},
								"east": {"uv": [46, 38], "uv_size": [0.5, 0.5]},
								"south": {"uv": [46, 45], "uv_size": [0.5, 0.5]},
								"west": {"uv": [47, 2], "uv_size": [0.5, 0.5]}
							}
						},
						{
							"origin": [12.1798, 3.63926, -4.39688],
							"size": [0.24374, 0.4875, 0.79376],
							"pivot": [12.0625, 4.04148, -4],
							"rotation": [0, 0, -22.5],
							"uv": {
								"north": {"uv": [47, 4], "uv_size": [0.5, 0.5]},
								"east": {"uv": [47, 6], "uv_size": [0.5, 0.5]},
								"south": {"uv": [47, 8], "uv_size": [0.5, 0.5]},
								"west": {"uv": [47, 10], "uv_size": [0.5, 0.5]}
							}
						},
						{
							"origin": [11.45, 0.0268, -4.55],
							"size": [1.1, 0.1828, 1.1],
							"uv": {
								"north": {"uv": [47, 12], "uv_size": [0.5, 0.5]},
								"east": {"uv": [47, 14], "uv_size": [0.5, 0.5]},
								"south": {"uv": [47, 16], "uv_size": [0.5, 0.5]},
								"west": {"uv": [47, 18], "uv_size": [0.5, 0.5]},
								"up": {"uv": [47, 20], "uv_size": [0.5, 0.5]},
								"down": {"uv": [47, 22.5], "uv_size": [0.5, -0.5]}
							}
						},
						{
							"origin": [11.57186, 0.14866, -4.42812],
							"size": [0.85626, 0.24376, 0.85626],
							"uv": {
								"north": {"uv": [47, 24], "uv_size": [0.5, 0.5]},
								"east": {"uv": [26, 47], "uv_size": [0.5, 0.5]},
								"south": {"uv": [47, 26], "uv_size": [0.5, 0.5]},
								"west": {"uv": [28, 47], "uv_size": [0.5, 0.5]}
							}
						}
					]
				},
				{
					"name": "can",
					"parent": "root",
					"pivot": [0, 0, 0],
					"rotation": [0, -22.5, 0],
					"cubes": [
						{
							"origin": [-11, 1.5, -5.0625],
							"size": [22, 12, 10.125],
							"uv": {
								"north": {"uv": [14, 14], "uv_size": [11, 6]},
								"south": {"uv": [0, 18], "uv_size": [11, 6]}
							}
						}
					]
				},
				{
					"name": "bone3",
					"parent": "can",
					"pivot": [14, 3.5, 6],
					"cubes": [
						{
							"origin": [13.39223, 5.94683, 9],
							"size": [0.5, 0.5, 6],
							"pivot": [13.39223, 6.94683, 6],
							"rotation": [180, 0, 170],
							"uv": {
								"north": {"uv": [45, 2], "uv_size": [0.5, 0.5]},
								"east": {"uv": [2, 38], "uv_size": [3, 0.5]},
								"south": {"uv": [45, 4], "uv_size": [0.5, 0.5]},
								"west": {"uv": [38, 4], "uv_size": [3, 0.5]},
								"up": {"uv": [11, 38], "uv_size": [0.5, 3]},
								"down": {"uv": [13, 41], "uv_size": [0.5, -3]}
							}
						},
						{
							"origin": [-13, 0, -5],
							"size": [26, 15, 10],
							"pivot": [0, 11.875, 0],
							"rotation": [0, 180, 0],
							"uv": {
								"north": {"uv": [0, 0], "uv_size": [13, 7.5]},
								"east": {"uv": [0, 25], "uv_size": [5, 7.5]},
								"south": {"uv": [0, 9], "uv_size": [13, 7.5]},
								"west": {"uv": [6, 25], "uv_size": [5, 7.5]},
								"up": {"uv": [12, 21], "uv_size": [13, 5]},
								"down": {"uv": [26, 19], "uv_size": [13, -5]}
							}
						},
						{
							"origin": [-13.5, 11.5, -3.5],
							"size": [0.5, 1, 7],
							"pivot": [0, 11.875, 0],
							"rotation": [0, 180, 0],
							"uv": {
								"north": {"uv": [43, 43], "uv_size": [0.5, 0.5]},
								"east": {"uv": [35, 11], "uv_size": [3.5, 0.5]},
								"south": {"uv": [0, 44], "uv_size": [0.5, 0.5]},
								"up": {"uv": [16, 35], "uv_size": [0.5, 3.5]},
								"down": {"uv": [18, 38.5], "uv_size": [0.5, -3.5]}
							}
						},
						{
							"origin": [13.29289, 11.70711, -3.5],
							"size": [0.70711, 0.7071, 7],
							"pivot": [13.5, 12.20711, 0],
							"rotation": [180, 0, 135],
							"uv": {
								"north": {"uv": [10, 44], "uv_size": [0.5, 0.5]},
								"east": {"uv": [20, 35], "uv_size": [3.5, 0.5]},
								"south": {"uv": [12, 44], "uv_size": [0.5, 0.5]},
								"west": {"uv": [25, 35], "uv_size": [3.5, 0.5]},
								"up": {"uv": [0, 36], "uv_size": [0.5, 3.5]},
								"down": {"uv": [36, 3.5], "uv_size": [0.5, -3.5]}
							}
						},
						{
							"origin": [-13.625, 5.75, -3],
							"size": [0.5, 1, 6],
							"pivot": [-0.125, 6.125, 0],
							"rotation": [0, 180, 0],
							"uv": {
								"north": {"uv": [45, 10], "uv_size": [0.5, 0.5]},
								"east": {"uv": [39, 6], "uv_size": [3, 0.5]},
								"south": {"uv": [45, 12], "uv_size": [0.5, 0.5]},
								"up": {"uv": [2, 40], "uv_size": [0.5, 3]},
								"down": {"uv": [4, 43], "uv_size": [0.5, -3]}
							}
						},
						{
							"origin": [13.16789, 5.95711, -3],
							"size": [0.70711, 0.7071, 6],
							"pivot": [13.375, 6.45711, 0],
							"rotation": [180, 0, 135],
							"uv": {
								"north": {"uv": [45, 6], "uv_size": [0.5, 0.5]},
								"east": {"uv": [38, 8], "uv_size": [3, 0.5]},
								"south": {"uv": [45, 8], "uv_size": [0.5, 0.5]},
								"west": {"uv": [38, 36], "uv_size": [3, 0.5]},
								"up": {"uv": [38, 38], "uv_size": [0.5, 3]},
								"down": {"uv": [40, 3], "uv_size": [0.5, -3]}
							}
						},
						{
							"origin": [14, 2.5, 3],
							"size": [0.5, 4, 0.5],
							"pivot": [14, 3.5, 0],
							"rotation": [180, 0, 170],
							"uv": {
								"north": {"uv": [12, 18], "uv_size": [0.5, 2]},
								"east": {"uv": [40, 16], "uv_size": [0.5, 2]},
								"south": {"uv": [18, 40], "uv_size": [0.5, 2]},
								"west": {"uv": [40, 19], "uv_size": [0.5, 2]},
								"up": {"uv": [43, 33], "uv_size": [0.5, 0.5]},
								"down": {"uv": [43, 41.5], "uv_size": [0.5, -0.5]}
							}
						},
						{
							"origin": [14, 2.5, 9.5],
							"size": [0.5, 4, 0.5],
							"pivot": [14, 3.5, 6.5],
							"rotation": [180, 0, 170],
							"uv": {
								"north": {"uv": [40, 22], "uv_size": [0.5, 2]},
								"east": {"uv": [40, 25], "uv_size": [0.5, 2]},
								"south": {"uv": [30, 40], "uv_size": [0.5, 2]},
								"west": {"uv": [40, 30], "uv_size": [0.5, 2]},
								"up": {"uv": [44, 0], "uv_size": [0.5, 0.5]},
								"down": {"uv": [2, 44.5], "uv_size": [0.5, -0.5]}
							}
						},
						{
							"origin": [14, 2.5, 9],
							"size": [0.5, 0.5, 6],
							"pivot": [14, 3.5, 6],
							"rotation": [180, 0, 170],
							"uv": {
								"north": {"uv": [4, 44], "uv_size": [0.5, 0.5]},
								"east": {"uv": [36, 30], "uv_size": [3, 0.5]},
								"south": {"uv": [8, 44], "uv_size": [0.5, 0.5]},
								"west": {"uv": [36, 34], "uv_size": [3, 0.5]},
								"up": {"uv": [36, 36], "uv_size": [0.5, 3]},
								"down": {"uv": [20, 40], "uv_size": [0.5, -3]}
							}
						}
					]
				},
				{
					"name": "bone",
					"parent": "can",
					"pivot": [-12.0775, 13.98, 0],
					"rotation": [0, 0, -17.5],
					"cubes": [
						{
							"origin": [-13.5, 14, -5.5],
							"size": [27, 2, 11],
							"pivot": [0, 11.875, 0],
							"rotation": [0, 180, 0],
							"uv": {
								"north": {"uv": [12, 28], "uv_size": [13.5, 1]},
								"east": {"uv": [12, 30], "uv_size": [5.5, 1]},
								"south": {"uv": [27, 28], "uv_size": [13.5, 1]},
								"west": {"uv": [19, 30], "uv_size": [5.5, 1]},
								"up": {"uv": [14, 0], "uv_size": [13.5, 5.5]},
								"down": {"uv": [14, 12.5], "uv_size": [13.5, -5.5]}
							}
						},
						{
							"origin": [-13.0775, 12.98, -4.5],
							"size": [2, 2, 9],
							"pivot": [-12.0775, 13.98, 0],
							"rotation": [180, 0, -135],
							"uv": {
								"north": {"uv": [40, 38], "uv_size": [1, 1]},
								"east": {"uv": [26, 30], "uv_size": [4.5, 1]},
								"south": {"uv": [40, 40], "uv_size": [1, 1]},
								"up": {"uv": [12, 32], "uv_size": [1, 4.5]},
								"down": {"uv": [14, 36.5], "uv_size": [1, -4.5]}
							}
						},
						{
							"origin": [-12.41284, 10.99619, -5.25],
							"size": [25, 5, 10.5],
							"pivot": [0.08716, 13.99619, 0],
							"rotation": [180, 0, -172.5],
							"uv": {
								"north": {"uv": [26, 20], "uv_size": [12.5, 2.5]},
								"south": {"uv": [26, 24], "uv_size": [12.5, 2.5]}
							}
						},
						{
							"origin": [2, 16, -1.25],
							"size": [4, 0.5, 2.5],
							"pivot": [-1.5, 11.875, 0],
							"rotation": [0, 180, 0],
							"uv": {
								"north": {"uv": [40, 10], "uv_size": [2, 0.5]},
								"east": {"uv": [11, 42], "uv_size": [1.5, 0.5]},
								"south": {"uv": [40, 12], "uv_size": [2, 0.5]},
								"west": {"uv": [14, 42], "uv_size": [1.5, 0.5]},
								"up": {"uv": [16, 32], "uv_size": [2, 1.5]}
							}
						},
						{
							"origin": [-5, 19, -1.5],
							"size": [10, 0.5, 3],
							"pivot": [0, 11.875, 0],
							"rotation": [0, -180, 0],
							"uv": {
								"north": {"uv": [33, 6], "uv_size": [5, 0.5]},
								"east": {"uv": [42, 20], "uv_size": [1.5, 0.5]},
								"south": {"uv": [0, 34], "uv_size": [5, 0.5]},
								"west": {"uv": [42, 22], "uv_size": [1.5, 0.5]},
								"up": {"uv": [29, 8], "uv_size": [5, 1.5]},
								"down": {"uv": [29, 12.5], "uv_size": [5, -1.5]}
							}
						},
						{
							"origin": [-6, 16, -1.25],
							"size": [4, 0.5, 2.5],
							"pivot": [1.5, 11.875, 0],
							"rotation": [0, -180, 0],
							"uv": {
								"north": {"uv": [40, 14], "uv_size": [2, 0.5]},
								"east": {"uv": [42, 16], "uv_size": [1.5, 0.5]},
								"south": {"uv": [15, 40], "uv_size": [2, 0.5]},
								"west": {"uv": [42, 18], "uv_size": [1.5, 0.5]},
								"up": {"uv": [19, 32], "uv_size": [2, 1.5]},
								"down": {"uv": [22, 33.5], "uv_size": [2, -1.5]}
							}
						},
						{
							"origin": [-7.88007, 17.0756, -6.5],
							"size": [3.5, 0.5, 3],
							"pivot": [-5.63007, 17.3256, -2.5],
							"rotation": [180, 0, 112.5],
							"uv": {
								"north": {"uv": [40, 33], "uv_size": [2, 0.5]},
								"east": {"uv": [42, 24], "uv_size": [1.5, 0.5]},
								"south": {"uv": [35, 40], "uv_size": [2, 0.5]},
								"west": {"uv": [42, 26], "uv_size": [1.5, 0.5]},
								"up": {"uv": [25, 32], "uv_size": [2, 1.5]},
								"down": {"uv": [28, 33.5], "uv_size": [2, -1.5]}
							}
						},
						{
							"origin": [13.5, 13.5, 4.5],
							"size": [0.5, 0.5, 4.5],
							"pivot": [13.5, 13.5, 4.5],
							"rotation": [105, 0, 180],
							"uv": {
								"north": {"uv": [14, 44], "uv_size": [0.5, 0.5]},
								"east": {"uv": [6, 41], "uv_size": [2, 0.5]},
								"south": {"uv": [44, 28], "uv_size": [0.5, 0.5]},
								"west": {"uv": [20, 41], "uv_size": [2, 0.5]},
								"up": {"uv": [0, 41], "uv_size": [0.5, 2]},
								"down": {"uv": [9, 43], "uv_size": [0.5, -2]}
							}
						},
						{
							"origin": [-13.5, 13.5, -4.5],
							"size": [0.5, 0.5, 9],
							"pivot": [0, 15.375, 0],
							"rotation": [0, 180, 0],
							"uv": {
								"north": {"uv": [31, 44], "uv_size": [0.5, 0.5]},
								"east": {"uv": [6, 34], "uv_size": [4.5, 0.5]},
								"south": {"uv": [44, 35], "uv_size": [0.5, 0.5]},
								"down": {"uv": [31, 38.5], "uv_size": [0.5, -4.5]}
							}
						},
						{
							"origin": [13, 8.48508, -2.46442],
							"size": [0.5, 0.5, 4.5],
							"pivot": [13.25, 8.73508, -2.96442],
							"rotation": [-105, 0, 180],
							"uv": {
								"east": {"uv": [23, 41], "uv_size": [2, 0.5]},
								"south": {"uv": [36, 44], "uv_size": [0.5, 0.5]},
								"west": {"uv": [26, 41], "uv_size": [2, 0.5]},
								"up": {"uv": [32, 41], "uv_size": [0.5, 2]},
								"down": {"uv": [42, 2], "uv_size": [0.5, -2]}
							}
						},
						{
							"origin": [12.24172, 10.26852, -3],
							"size": [1, 1.5, 6],
							"pivot": [13.25, 9.40333, 0],
							"rotation": [180, 0, -175],
							"uv": {
								"north": {"uv": [27, 43], "uv_size": [0.5, 1]},
								"east": {"uv": [32, 30], "uv_size": [3, 1]},
								"south": {"uv": [29, 43], "uv_size": [0.5, 1]},
								"west": {"uv": [31, 32], "uv_size": [3, 1]},
								"up": {"uv": [22, 37], "uv_size": [0.5, 3]},
								"down": {"uv": [24, 40], "uv_size": [0.5, -3]}
							}
						},
						{
							"origin": [12.5, 4.5, -3],
							"size": [1, 6, 6],
							"pivot": [13.25, 9.40333, 0],
							"rotation": [180, 0, -160],
							"uv": {
								"north": {"uv": [26, 37], "uv_size": [0.5, 3]},
								"east": {"uv": [29, 0], "uv_size": [3, 3]},
								"south": {"uv": [28, 37], "uv_size": [0.5, 3]},
								"west": {"uv": [29, 4], "uv_size": [3, 3]},
								"up": {"uv": [33, 37], "uv_size": [0.5, 3]},
								"down": {"uv": [38, 3], "uv_size": [0.5, -3]}
							}
						},
						{
							"origin": [12.49, 6.54747, -2.85586],
							"size": [1.02, 3.02, 3.02],
							"inflate": 0.01,
							"pivot": [13.25, 9.40333, 0],
							"rotation": [-135, 0, -160],
							"uv": {
								"north": {"uv": [42, 28], "uv_size": [0.5, 1.5]},
								"east": {"uv": [33, 34], "uv_size": [1.5, 1.5]},
								"west": {"uv": [35, 8], "uv_size": [1.5, 1.5]},
								"up": {"uv": [34, 42], "uv_size": [0.5, 1.5]},
								"down": {"uv": [42, 36.5], "uv_size": [0.5, -1.5]}
							}
						},
						{
							"origin": [13, 9.15333, -3.33531],
							"size": [0.5, 0.5, 6.67062],
							"pivot": [13.25, 9.40333, 0],
							"rotation": [0, 180, 0],
							"uv": {
								"north": {"uv": [44, 37], "uv_size": [0.5, 0.5]},
								"east": {"uv": [35, 32], "uv_size": [3.5, 0.5]},
								"south": {"uv": [44, 39], "uv_size": [0.5, 0.5]},
								"west": {"uv": [2, 36], "uv_size": [3.5, 0.5]},
								"up": {"uv": [7, 36], "uv_size": [0.5, 3.5]},
								"down": {"uv": [9, 39.5], "uv_size": [0.5, -3.5]}
							}
						},
						{
							"origin": [4.38007, 17.0756, -1.5],
							"size": [3.5, 0.5, 3],
							"pivot": [5.63007, 17.3256, 0],
							"rotation": [180, 0, -112.5],
							"uv": {
								"north": {"uv": [42, 3], "uv_size": [2, 0.5]},
								"east": {"uv": [42, 31], "uv_size": [1.5, 0.5]},
								"south": {"uv": [42, 8], "uv_size": [2, 0.5]},
								"west": {"uv": [36, 42], "uv_size": [1.5, 0.5]},
								"up": {"uv": [33, 0], "uv_size": [2, 1.5]},
								"down": {"uv": [33, 4.5], "uv_size": [2, -1.5]}
							}
						}
					]
				},
				{
					"name": "positioning",
					"pivot": [-3.025, -8.95, -11.225]
				},
				{
					"name": "ground",
					"parent": "positioning",
					"pivot": [0, 0, 2]
				},
				{
					"name": "fixed",
					"parent": "positioning",
					"pivot": [-1.25, 11, 1.5],
					"rotation": [0.89803, -22.43537, -1.73977]
				},
				{
					"name": "thirdperson_hand",
					"parent": "positioning",
					"pivot": [-0.025, 2.05, 2.025],
					"rotation": [0, 90, 0]
				}
			]
		}
	]
}