{
  "ammo": "tacz:308",
  "ammo_amount": 20,
  "extended_mag_ammo_amount": [
    30,
    40,
    50
  ],
  "bolt": "closed_bolt",
  "rpm": 600,
  "bullet": {
    "life": 0.8,
    "bullet_amount": 1,
    "damage": 12,
    "tracer_count_interval": 0,
    "extra_damage": {
      "armor_ignore": 0.35,
      "head_shot_multiplier": 1.5,
      "damage_adjust": [
        {"distance": 35, "damage": 12},
        {"distance": 80, "damage": 9},
        {"distance": "infinite", "damage": 7.5}
      ]
    },
    "speed": 270,
    "gravity": 0.15,
    "knockback": 0,
    "friction": 0.015,
    "ignite": false,
    "pierce": 2
  },
  "reload": {
    "type": "magazine",
    "feed": {
      "empty": 2.7,
      "tactical": 1.55
    },
    "cooldown": {
      "empty": 3.15,
      "tactical": 2.05
    }
  },
  "draw_time": 0.65,
  "put_away_time": 0.5,
  "aim_time": 0.24,
  "sprint_time": 0.2,
  "weight": 4,
  "movement_speed": {
    "base": 0.0,
    "aim": -0.2,
    "reload": -0.1
  },
  "crawl_recoil_multiplier": 0.5,
  "fire_mode": [
    "semi",
    "burst",
    "auto"
  ],

  "fire_mode_adjust": {
    "semi": {
      // 加算，半自动模式的开火数值调整，如无调整可不写
      "damage": 3,
      "rpm": -250,
      "speed": 20,
      "knockback": 0.1,
      "armor_ignore": 0.1,
      "head_shot_multiplier": 0.1,
      "aim_inaccuracy": -0.1,
      "other_inaccuracy": -0.5
    },
    "burst": {
      // 加算，半自动模式的开火数值调整，如无调整可不写
      "damage": -2,
      "rpm": 600,
      "speed": 20,
      "knockback": 0,
      "armor_ignore": -0.1,
      "head_shot_multiplier": -0.2,
      "aim_inaccuracy": 1.8,
      "other_inaccuracy": 2
    }
  },


    "burst_data": {
    "continuous_shoot": true,
    "count": 1,
    "bpm": 700,
    "min_interval": 0.005
  },
  "recoil": {
    "pitch": [
      {"time": 0, "value": [1, 1]},
      {"time": 0.15, "value": [1, 1]},
      {"time": 0.55, "value": [-0.225, -0.225]},
      {"time": 0.7, "value": [0, 0]},
      {"time": 0.8, "value": [0, 0]}
    ],
    "yaw": [
      {"time": 0, "value": [-0.3, 0.15]},
      {"time": 0.25, "value": [-0.3, 0.15]},
      {"time": 0.7, "value": [0, 0]}
    ]
  },
  "inaccuracy": {
    "stand": 6,
    "move": 7.5,
    "sneak": 5.5,
    "lie": 5,
    "aim": 0.1
  },
  // 近战相关
  "melee": {
    // 枪械距离参数，用来延升近战攻击范围
    // 会与刺刀等配件的距离做加和
    "distance": 1,
    // 使用时的冷却时间
    "cooldown": 0.7,
    // 默认近战数据，会被配件的数据替换掉
    "default": {
      // 动画类型：没有枪托的为 melee_push，有枪托的为 melee_stock
      "animation_type": "melee_stock",
      // 刺刀距离参数，枪械里还有个刺刀攻击距离参数，两者做加和
      "distance": 1,
      // 刺刀范围角度
      "range_angle": 30,
      // 伤害值
      "damage": 2,
      // 击退效果
      "knockback": 0.6,
      // 前摇时长，单位：秒
      "prep": 0.1
    }
  },
  "allow_attachment_types": [
    "scope",
    "grip",
    "muzzle",
    "extended_mag"
  ],
  //"builtin_attachments": {
    //"scope": "converted:g3_cross"
  //},
  "exclusive_attachments": {
  }
}