{
  "ammo": "converted:ar_ammo",
  "ammo_amount": 25,
  "bolt": "closed_bolt",
  "rpm": 600,
  "bullet": {
    "life": 0.8,
    "bullet_amount": 1,
    "damage": 10,
    "tracer_count_interval": 0,
    "extra_damage": {
      "armor_ignore": 0.3,
      "head_shot_multiplier": 1.75,
      "damage_adjust": [
        {"distance": 30, "damage": 10},
        {"distance": 70, "damage": 7.5},
        {"distance": "infinite", "damage": 5}
      ]
    },
    "speed": 300,
    "gravity": 0.15,
    "knockback": 0,
    "friction": 0.015,
    "ignite": false,
    "pierce": 1
  },
  "reload": {
    "type": "magazine",
    "feed": {
      "empty": 1.83,
      "tactical": 1.13
    },
    "cooldown": {
      "empty": 2.3,
      "tactical": 1.9
    }
  },
  "draw_time": 0.43,
  "put_away_time": 0.43,
  "aim_time": 0.17,
  "sprint_time": 0.16,
  "weight": 3.5,
  "movement_speed": {
    "base": 0.0,
    "aim": -0.15,
    "reload": -0.1
  },
  "crawl_recoil_multiplier": 0.5,
  "fire_mode": [
    "auto",
    "semi"
  ],
  "burst_data": {
    "continuous_shoot": true,
    "count": 3,
    "bpm": 800,
    "min_interval": 0.45
  },
  "recoil": {
    "pitch": [
      {"time": 0, "value": [0.5, 0.5]},
      {"time": 0.25, "value": [0.5, 0.5]},
      {"time": 0.45, "value": [-0.2, -0.2]},
      {"time": 0.6, "value": [0, 0]},
      {"time": 0.7, "value": [0, 0]}
    ],
    "yaw": [
      {"time": 0, "value": [-0.2, 0.15]},
      {"time": 0.35, "value": [-0.2, 0.15]},
      {"time": 0.5, "value": [0, 0]}
    ]
  },
  "inaccuracy": {
    "stand": 5,
    "move": 5.5,
    "sneak": 4.75,
    "lie": 4,
    "aim": 0.125
  },
  // 近战相关
  "melee": {
    // 枪械距离参数，用来延升近战攻击范围
    // 会与刺刀等配件的距离做加和
    "distance": 1,
    // 使用时的冷却时间
    "cooldown": 0.6,
    // 默认近战数据，会被配件的数据替换掉
    "default": {
      // 动画类型：没有枪托的为 melee_push，有枪托的为 melee_stock
      "animation_type": "melee_stock",
      // 刺刀距离参数，枪械里还有个刺刀攻击距离参数，两者做加和
      "distance": 1,
      // 刺刀范围角度
      "range_angle": 30,
      // 伤害值
      "damage": 2,
      // 击退效果
      "knockback": 0.6,
      // 前摇时长，单位：秒
      "prep": 0.1
    }
  },
  "allow_attachment_types": [
    "scope",
    "grip",
    "muzzle"
  ],
  "exclusive_attachments": {
  }
}