{
  "ammo": "tacz:308",
  "ammo_amount": 100,
  "bolt": "open_bolt",
  "rpm": 550,
  "bullet": {
    "life": 0.8,
    "bullet_amount": 1,
    "damage": 12,
    "tracer_count_interval": 3,
    "extra_damage": {
      "armor_ignore": 0.4,
      "head_shot_multiplier": 1.5,
      "damage_adjust": [
        {"distance": 39, "damage": 11.5},
        {"distance": 74, "damage": 8.5},
        {"distance": "infinite", "damage": 6}
      ]
    },
    "speed": 300,
    "gravity": 0.025,
    "knockback": 0,
    "friction": 0.01,
    "ignite": false,
    "pierce": 1
  },
 "reload": {
    "type": "magazine",
    "feed": {
      "empty": 6.4,
      "tactical": 4.7
    },
    "cooldown": {
      "empty": 7.57,
      "tactical": 5.9
    }
  },
  "draw_time": 1,
  "put_away_time": 0.67,
  "aim_time": 0.3,
  "sprint_time": 0.4,
  "weight": 12,
  "movement_speed": {
    "base": 0.0,
    "aim": -0.25,
    "reload": -0.2
  },
  "fire_mode": [
    "auto"
  ],
  "recoil": {
    "pitch": [
      {"time": 0, "value": [0.6, 0.6]},
      {"time": 0.25, "value": [0.6, 0.6]},
      {"time": 0.65, "value": [-0.175, -0.175]},
      {"time": 0.7, "value": [0, 0]}
    ],
    "yaw": [
      {"time": 0, "value": [-0.375, 0.35]},
      {"time": 0.25, "value": [-0.375, 0.35]},
      {"time": 0.45, "value": [0, 0]}
    ]
  },
  "inaccuracy": {
    "stand": 2,
    "move": 2.5,
    "sneak": 1.75,
    "lie": 0.5,
    "aim": 0.075
  },
  "allow_attachment_types": [
    "scope",
   "extended_mag",
    "muzzle"
  ],
    // 近战相关
    "melee": {
      // 枪械距离参数，用来延升近战攻击范围
      // 会与刺刀等配件的距离做加和
      "distance": 1,
      // 使用时的冷却时间
      "cooldown": 0.6,
      // 默认近战数据，会被配件的数据替换掉
      "default": {
        // 动画类型：没有枪托的为 melee_push，有枪托的为 melee_stock
        "animation_type": "melee_push",
        // 刺刀距离参数，枪械里还有个刺刀攻击距离参数，两者做加和
        "distance": 0,
        // 刺刀范围角度
        "range_angle": 30,
        // 伤害值
        "damage": 5,
        // 击退效果
        "knockback": 0.5,
        // 前摇时长，单位：秒
        "prep": 0.1
      }
    }
}