{
	"format_version": "1.12.0",
	"minecraft:geometry": [
		{
			"description": {
				"identifier": "geometry.2024-8-20",
				"texture_width": 64,
				"texture_height": 64,
				"visible_bounds_width": 2,
				"visible_bounds_height": 2.5,
				"visible_bounds_offset": [0, 0.75, 0]
			},
			"bones": [
				{
					"name": "rocket",
					"pivot": [0, 8, 0]
				},
				{
					"name": "group5",
					"parent": "rocket",
					"pivot": [0, 15.37572, -6.99386],
					"cubes": [
						{
							"origin": [-0.18784, 5.12538, -9.99788],
							"size": [0.37568, 0.90694, 11.03786],
							"pivot": [0, 5.57885, -3.37617],
							"rotation": [0, 0, 22.5],
							"uv": {
								"south": {"uv": [23, 45], "uv_size": [0.5, 1]},
								"up": {"uv": [24, 37], "uv_size": [0.5, 11]},
								"down": {"uv": [25, 48], "uv_size": [0.5, -11]}
							}
						},
						{
							"origin": [-0.18784, 5.12538, -9.99788],
							"size": [0.37568, 0.90694, 11.03786],
							"pivot": [0, 5.57885, -3.37617],
							"rotation": [0, 0, -22.5],
							"uv": {
								"south": {"uv": [47, 18], "uv_size": [0.5, 1]},
								"up": {"uv": [28, 37], "uv_size": [0.5, 11]},
								"down": {"uv": [29, 48], "uv_size": [0.5, -11]}
							}
						},
						{
							"origin": [-0.45347, 5.39101, -9.99788],
							"size": [0.90694, 0.37567, 11.03786],
							"pivot": [0, 5.57885, -3.37617],
							"rotation": [0, 0, 22.5],
							"uv": {
								"east": {"uv": [37, 26], "uv_size": [11, 0.5]},
								"south": {"uv": [26, 54], "uv_size": [1, 0.5]},
								"west": {"uv": [36, 37], "uv_size": [11, 0.5]}
							}
						},
						{
							"origin": [-0.45347, 5.39101, -9.99788],
							"size": [0.90694, 0.37567, 11.03786],
							"pivot": [0, 5.57885, -3.37617],
							"rotation": [0, 0, -22.5],
							"uv": {
								"east": {"uv": [38, 5], "uv_size": [11, 0.5]},
								"south": {"uv": [31, 56], "uv_size": [1, 0.5]},
								"west": {"uv": [38, 6], "uv_size": [11, 0.5]}
							}
						}
					]
				},
				{
					"name": "warhead",
					"parent": "rocket",
					"pivot": [0, 0, 0]
				},
				{
					"name": "base",
					"parent": "warhead",
					"pivot": [0, 0.125, 0]
				},
				{
					"name": "octagon3",
					"parent": "base",
					"pivot": [0, -2.375, -20.75],
					"cubes": [
						{
							"origin": [-0.66274, 4.025, -13.25],
							"size": [1.32548, 3.2, 1],
							"pivot": [0, 5.625, -12.75],
							"rotation": [0, 0, -45],
							"uv": {
								"north": {"uv": [31, 2], "uv_size": [1.5, 3]},
								"east": {"uv": [31, 15], "uv_size": [1, 3]},
								"south": {"uv": [30, 37], "uv_size": [1.5, 3]},
								"west": {"uv": [32, 18], "uv_size": [1, 3]},
								"up": {"uv": [51, 14], "uv_size": [1.5, 1]},
								"down": {"uv": [15, 52], "uv_size": [1.5, -1]}
							}
						},
						{
							"origin": [-0.66274, 4.025, -13.25],
							"size": [1.32548, 3.2, 1],
							"uv": {
								"north": {"uv": [2, 38], "uv_size": [1.5, 3]},
								"east": {"uv": [6, 38], "uv_size": [1, 3]},
								"south": {"uv": [4, 38], "uv_size": [1.5, 3]},
								"west": {"uv": [14, 38], "uv_size": [1, 3]},
								"up": {"uv": [17, 51], "uv_size": [1.5, 1]},
								"down": {"uv": [19, 52], "uv_size": [1.5, -1]}
							}
						},
						{
							"origin": [-1.6, 4.96226, -13.25],
							"size": [3.2, 1.32548, 1],
							"pivot": [0, 5.625, -12.75],
							"rotation": [0, 0, -45],
							"uv": {
								"north": {"uv": [38, 7], "uv_size": [3, 1.5]},
								"east": {"uv": [6, 51], "uv_size": [1, 1.5]},
								"south": {"uv": [38, 9], "uv_size": [3, 1.5]},
								"west": {"uv": [21, 51], "uv_size": [1, 1.5]},
								"up": {"uv": [15, 9], "uv_size": [3, 1]},
								"down": {"uv": [20, 9], "uv_size": [3, -1]}
							}
						},
						{
							"origin": [-1.6, 4.96226, -13.25],
							"size": [3.2, 1.32548, 1],
							"uv": {
								"north": {"uv": [11, 38], "uv_size": [3, 1.5]},
								"east": {"uv": [22, 51], "uv_size": [1, 1.5]},
								"south": {"uv": [38, 11], "uv_size": [3, 1.5]},
								"west": {"uv": [23, 51], "uv_size": [1, 1.5]},
								"up": {"uv": [24, 19], "uv_size": [3, 1]},
								"down": {"uv": [26, 3], "uv_size": [3, -1]}
							}
						}
					]
				},
				{
					"name": "bone103",
					"parent": "base",
					"pivot": [0, 5.5625, -13],
					"cubes": [
						{
							"origin": [-0.59543, 4.125, -12.25],
							"size": [1.19086, 2.875, 0.625],
							"pivot": [0, 5.5625, -12.8125],
							"rotation": [0, 0, -45],
							"uv": {
								"north": {"uv": [23, 42], "uv_size": [1, 3]},
								"east": {"uv": [24, 51], "uv_size": [0.5, 3]},
								"south": {"uv": [0, 47], "uv_size": [1, 3]},
								"west": {"uv": [46, 51], "uv_size": [0.5, 3]},
								"up": {"uv": [32, 56], "uv_size": [1, 0.5]},
								"down": {"uv": [33, 56.5], "uv_size": [1, -0.5]}
							}
						},
						{
							"origin": [-0.59543, 4.125, -12.25],
							"size": [1.19086, 2.875, 0.625],
							"uv": {
								"north": {"uv": [1, 47], "uv_size": [1, 3]},
								"east": {"uv": [47, 51], "uv_size": [0.5, 3]},
								"south": {"uv": [2, 47], "uv_size": [1, 3]},
								"west": {"uv": [50, 51], "uv_size": [0.5, 3]},
								"up": {"uv": [34, 56], "uv_size": [1, 0.5]},
								"down": {"uv": [56, 34.5], "uv_size": [1, -0.5]}
							}
						},
						{
							"origin": [-1.4375, 4.96707, -12.25],
							"size": [2.875, 1.19086, 0.625],
							"pivot": [0, 5.5625, -12.8125],
							"rotation": [0, 0, -45],
							"uv": {
								"north": {"uv": [27, 21], "uv_size": [3, 1]},
								"east": {"uv": [35, 56], "uv_size": [0.5, 1]},
								"south": {"uv": [29, 8], "uv_size": [3, 1]},
								"west": {"uv": [56, 35], "uv_size": [0.5, 1]},
								"up": {"uv": [51, 25], "uv_size": [3, 0.5]},
								"down": {"uv": [51, 51.5], "uv_size": [3, -0.5]}
							}
						},
						{
							"origin": [-1.4375, 4.96707, -12.25],
							"size": [2.875, 1.19086, 0.625],
							"uv": {
								"north": {"uv": [38, 21], "uv_size": [3, 1]},
								"east": {"uv": [36, 56], "uv_size": [0.5, 1]},
								"south": {"uv": [41, 21], "uv_size": [3, 1]},
								"west": {"uv": [37, 56], "uv_size": [0.5, 1]},
								"up": {"uv": [52, 2], "uv_size": [3, 0.5]},
								"down": {"uv": [52, 3.5], "uv_size": [3, -0.5]}
							}
						}
					]
				},
				{
					"name": "bone104",
					"parent": "base",
					"pivot": [0, 5.5625, -12.0625],
					"cubes": [
						{
							"origin": [-0.47635, 4.4125, -12.0125],
							"size": [0.95269, 2.3, 6.4],
							"pivot": [0, 5.5625, -12.0625],
							"rotation": [0, 0, -45],
							"uv": {
								"north": {"uv": [3, 47], "uv_size": [1, 2.5]},
								"east": {"uv": [18, 9], "uv_size": [6.5, 2.5]},
								"south": {"uv": [4, 47], "uv_size": [1, 2.5]},
								"west": {"uv": [18, 12], "uv_size": [6.5, 2.5]},
								"up": {"uv": [17, 35], "uv_size": [1, 6.5]},
								"down": {"uv": [15, 43.5], "uv_size": [1, -6.5]}
							}
						},
						{
							"origin": [-0.47635, 4.4125, -12.0125],
							"size": [0.95269, 2.3, 6.4],
							"uv": {
								"north": {"uv": [5, 47], "uv_size": [1, 2.5]},
								"east": {"uv": [19, 0], "uv_size": [6.5, 2.5]},
								"south": {"uv": [47, 7], "uv_size": [1, 2.5]},
								"west": {"uv": [4, 19], "uv_size": [6.5, 2.5]},
								"up": {"uv": [37, 15], "uv_size": [1, 6.5]},
								"down": {"uv": [16, 43.5], "uv_size": [1, -6.5]}
							}
						},
						{
							"origin": [-1.15, 5.08615, -12.0125],
							"size": [2.3, 0.95269, 6.4],
							"pivot": [0, 5.5625, -12.0625],
							"rotation": [0, 0, -45],
							"uv": {
								"north": {"uv": [47, 2], "uv_size": [2.5, 1]},
								"east": {"uv": [37, 22], "uv_size": [6.5, 1]},
								"south": {"uv": [47, 3], "uv_size": [2.5, 1]},
								"west": {"uv": [37, 23], "uv_size": [6.5, 1]},
								"up": {"uv": [11, 19], "uv_size": [2.5, 6.5]},
								"down": {"uv": [14, 25.5], "uv_size": [2.5, -6.5]}
							}
						},
						{
							"origin": [-1.15, 5.08615, -12.0125],
							"size": [2.3, 0.95269, 6.4],
							"uv": {
								"north": {"uv": [47, 10], "uv_size": [2.5, 1]},
								"east": {"uv": [37, 24], "uv_size": [6.5, 1]},
								"south": {"uv": [47, 11], "uv_size": [2.5, 1]},
								"west": {"uv": [37, 25], "uv_size": [6.5, 1]},
								"up": {"uv": [19, 15], "uv_size": [2.5, 6.5]},
								"down": {"uv": [0, 26.5], "uv_size": [2.5, -6.5]}
							}
						}
					]
				},
				{
					"name": "neck_rear",
					"parent": "base",
					"pivot": [1.6, 4.96226, -13.25],
					"rotation": [0, -20, 0]
				},
				{
					"name": "bone105",
					"parent": "neck_rear",
					"pivot": [0.2675, 5.625, -12.23292],
					"rotation": [14.05915, -5.40148, 41.86877],
					"cubes": [
						{
							"origin": [-1.6, 6.28774, -14.9375],
							"size": [3.2, 1.32548, 1.6875],
							"pivot": [1.6, 6.28774, -13.25],
							"rotation": [-14.05915, -5.40148, -41.86877],
							"uv": {
								"north": {"uv": [38, 13], "uv_size": [3, 1.5]},
								"east": {"uv": [7, 48], "uv_size": [1.5, 1.5]},
								"south": {"uv": [38, 15], "uv_size": [3, 1.5]},
								"west": {"uv": [48, 7], "uv_size": [1.5, 1.5]},
								"up": {"uv": [38, 17], "uv_size": [3, 1.5]},
								"down": {"uv": [18, 39.5], "uv_size": [3, -1.5]}
							}
						},
						{
							"origin": [-2.48073, 6.96202, -14.61694],
							"size": [3.2, 0.26298, 1.6875],
							"pivot": [0.71927, 7.225, -12.92944],
							"rotation": [-22.05915, -5.40148, -41.86877],
							"uv": {
								"north": {"uv": [52, 5], "uv_size": [3, 0.5]},
								"east": {"uv": [55, 26], "uv_size": [1.5, 0.5]},
								"south": {"uv": [52, 6], "uv_size": [3, 0.5]},
								"west": {"uv": [55, 27], "uv_size": [1.5, 0.5]},
								"up": {"uv": [38, 19], "uv_size": [3, 1.5]},
								"down": {"uv": [21, 39.5], "uv_size": [3, -1.5]}
							}
						},
						{
							"origin": [-1.6, 6.28774, -14.9375],
							"size": [3.2, 0.26298, 1.6875],
							"pivot": [1.6, 6.28774, -13.25],
							"rotation": [-6.55915, -5.40148, -41.86877],
							"uv": {
								"north": {"uv": [52, 7], "uv_size": [3, 0.5]},
								"east": {"uv": [28, 55], "uv_size": [1.5, 0.5]},
								"south": {"uv": [52, 8], "uv_size": [3, 0.5]},
								"west": {"uv": [55, 28], "uv_size": [1.5, 0.5]},
								"up": {"uv": [38, 27], "uv_size": [3, 1.5]},
								"down": {"uv": [38, 30.5], "uv_size": [3, -1.5]}
							}
						}
					]
				},
				{
					"name": "bone111",
					"parent": "neck_rear",
					"pivot": [0.2675, 5.625, -12.23292],
					"cubes": [
						{
							"origin": [-1.6, 6.28774, -14.9375],
							"size": [3.2, 1.32548, 1.6875],
							"pivot": [1.6, 6.28774, -13.25],
							"rotation": [-14.05915, -5.40148, -41.86877],
							"uv": {
								"north": {"uv": [38, 31], "uv_size": [3, 1.5]},
								"east": {"uv": [9, 48], "uv_size": [1.5, 1.5]},
								"south": {"uv": [38, 33], "uv_size": [3, 1.5]},
								"west": {"uv": [11, 48], "uv_size": [1.5, 1.5]},
								"up": {"uv": [34, 38], "uv_size": [3, 1.5]},
								"down": {"uv": [38, 36.5], "uv_size": [3, -1.5]}
							}
						},
						{
							"origin": [-2.48073, 6.96202, -14.61694],
							"size": [3.2, 0.26298, 1.6875],
							"pivot": [0.71927, 7.225, -12.92944],
							"rotation": [-22.05915, -5.40148, -41.86877],
							"uv": {
								"north": {"uv": [15, 52], "uv_size": [3, 0.5]},
								"east": {"uv": [55, 29], "uv_size": [1.5, 0.5]},
								"south": {"uv": [52, 15], "uv_size": [3, 0.5]},
								"west": {"uv": [30, 55], "uv_size": [1.5, 0.5]},
								"up": {"uv": [37, 38], "uv_size": [3, 1.5]},
								"down": {"uv": [39, 1.5], "uv_size": [3, -1.5]}
							}
						},
						{
							"origin": [-1.6, 6.26976, -14.9374],
							"size": [3.19875, 0.28096, 1.6874],
							"pivot": [1.6, 6.28774, -13.25],
							"rotation": [-6.55915, -5.40148, -41.86877],
							"uv": {
								"north": {"uv": [52, 16], "uv_size": [3, 0.5]},
								"east": {"uv": [55, 30], "uv_size": [1.5, 0.5]},
								"south": {"uv": [52, 17], "uv_size": [3, 0.5]},
								"west": {"uv": [55, 31], "uv_size": [1.5, 0.5]},
								"up": {"uv": [39, 2], "uv_size": [3, 1.5]},
								"down": {"uv": [11, 41.5], "uv_size": [3, -1.5]}
							}
						}
					]
				},
				{
					"name": "bone112",
					"parent": "neck_rear",
					"pivot": [0.2675, 5.625, -12.23292],
					"rotation": [-14.05915, -5.40148, -41.86877],
					"cubes": [
						{
							"origin": [-1.6, 6.28774, -14.9375],
							"size": [3.2, 1.32548, 1.6875],
							"pivot": [1.6, 6.28774, -13.25],
							"rotation": [-14.05915, -5.40148, -41.86877],
							"uv": {
								"north": {"uv": [18, 40], "uv_size": [3, 1.5]},
								"east": {"uv": [48, 12], "uv_size": [1.5, 1.5]},
								"south": {"uv": [21, 40], "uv_size": [3, 1.5]},
								"west": {"uv": [13, 48], "uv_size": [1.5, 1.5]},
								"up": {"uv": [30, 40], "uv_size": [3, 1.5]},
								"down": {"uv": [33, 41.5], "uv_size": [3, -1.5]}
							}
						},
						{
							"origin": [-2.48073, 6.96202, -14.61694],
							"size": [3.2, 0.26298, 1.6875],
							"pivot": [0.71927, 7.225, -12.92944],
							"rotation": [-22.05915, -5.40148, -41.86877],
							"uv": {
								"north": {"uv": [18, 52], "uv_size": [3, 0.5]},
								"east": {"uv": [32, 55], "uv_size": [1.5, 0.5]},
								"south": {"uv": [52, 18], "uv_size": [3, 0.5]},
								"west": {"uv": [55, 32], "uv_size": [1.5, 0.5]},
								"up": {"uv": [36, 40], "uv_size": [3, 1.5]},
								"down": {"uv": [40, 39.5], "uv_size": [3, -1.5]}
							}
						},
						{
							"origin": [-1.6, 6.26976, -14.9374],
							"size": [3.19875, 0.28096, 1.6874],
							"pivot": [1.6, 6.28774, -13.25],
							"rotation": [-6.55915, -5.40148, -41.86877],
							"uv": {
								"north": {"uv": [52, 19], "uv_size": [3, 0.5]},
								"east": {"uv": [55, 33], "uv_size": [1.5, 0.5]},
								"south": {"uv": [52, 20], "uv_size": [3, 0.5]},
								"west": {"uv": [34, 55], "uv_size": [1.5, 0.5]},
								"up": {"uv": [39, 40], "uv_size": [3, 1.5]},
								"down": {"uv": [0, 42.5], "uv_size": [3, -1.5]}
							}
						}
					]
				},
				{
					"name": "bone113",
					"parent": "neck_rear",
					"pivot": [0.2675, 5.625, -12.23292],
					"rotation": [21.17283, -18.74724, 82.90403],
					"cubes": [
						{
							"origin": [-1.6, 6.28774, -14.9375],
							"size": [3.2, 1.32548, 1.6875],
							"pivot": [1.6, 6.28774, -13.25],
							"rotation": [-14.05915, -5.40148, -41.86877],
							"uv": {
								"north": {"uv": [3, 41], "uv_size": [3, 1.5]},
								"east": {"uv": [48, 14], "uv_size": [1.5, 1.5]},
								"south": {"uv": [41, 7], "uv_size": [3, 1.5]},
								"west": {"uv": [15, 48], "uv_size": [1.5, 1.5]},
								"up": {"uv": [41, 9], "uv_size": [3, 1.5]},
								"down": {"uv": [41, 12.5], "uv_size": [3, -1.5]}
							}
						},
						{
							"origin": [-2.48073, 6.96202, -14.61694],
							"size": [3.2, 0.26298, 1.6875],
							"pivot": [0.71927, 7.225, -12.92944],
							"rotation": [-22.05915, -5.40148, -41.86877],
							"uv": {
								"north": {"uv": [52, 21], "uv_size": [3, 0.5]},
								"east": {"uv": [36, 55], "uv_size": [1.5, 0.5]},
								"south": {"uv": [52, 22], "uv_size": [3, 0.5]},
								"west": {"uv": [55, 36], "uv_size": [1.5, 0.5]},
								"up": {"uv": [41, 13], "uv_size": [3, 1.5]},
								"down": {"uv": [41, 16.5], "uv_size": [3, -1.5]}
							}
						},
						{
							"origin": [-1.6, 6.26976, -14.9374],
							"size": [3.19875, 0.28096, 1.6874],
							"pivot": [1.6, 6.28774, -13.25],
							"rotation": [-6.55915, -5.40148, -41.86877],
							"uv": {
								"north": {"uv": [52, 23], "uv_size": [3, 0.5]},
								"east": {"uv": [55, 37], "uv_size": [1.5, 0.5]},
								"south": {"uv": [52, 26], "uv_size": [3, 0.5]},
								"west": {"uv": [38, 55], "uv_size": [1.5, 0.5]},
								"up": {"uv": [41, 17], "uv_size": [3, 1.5]},
								"down": {"uv": [41, 20.5], "uv_size": [3, -1.5]}
							}
						}
					]
				},
				{
					"name": "bone114",
					"parent": "neck_rear",
					"pivot": [0.2675, 5.625, -12.23292],
					"rotation": [-21.17283, -18.74724, -82.90403],
					"cubes": [
						{
							"origin": [-1.6, 6.28774, -14.9375],
							"size": [3.2, 1.32548, 1.6875],
							"pivot": [1.6, 6.28774, -13.25],
							"rotation": [-14.05915, -5.40148, -41.86877],
							"uv": {
								"north": {"uv": [41, 27], "uv_size": [3, 1.5]},
								"east": {"uv": [48, 16], "uv_size": [1.5, 1.5]},
								"south": {"uv": [41, 29], "uv_size": [3, 1.5]},
								"west": {"uv": [17, 48], "uv_size": [1.5, 1.5]},
								"up": {"uv": [41, 31], "uv_size": [3, 1.5]},
								"down": {"uv": [41, 34.5], "uv_size": [3, -1.5]}
							}
						},
						{
							"origin": [-2.48073, 6.96202, -14.61694],
							"size": [3.2, 0.26298, 1.6875],
							"pivot": [0.71927, 7.225, -12.92944],
							"rotation": [-22.05915, -5.40148, -41.86877],
							"uv": {
								"north": {"uv": [52, 27], "uv_size": [3, 0.5]},
								"east": {"uv": [40, 55], "uv_size": [1.5, 0.5]},
								"south": {"uv": [52, 28], "uv_size": [3, 0.5]},
								"west": {"uv": [55, 40], "uv_size": [1.5, 0.5]},
								"up": {"uv": [41, 35], "uv_size": [3, 1.5]},
								"down": {"uv": [42, 1.5], "uv_size": [3, -1.5]}
							}
						},
						{
							"origin": [-1.6, 6.26976, -14.9374],
							"size": [3.19875, 0.28096, 1.6874],
							"pivot": [1.6, 6.28774, -13.25],
							"rotation": [-6.55915, -5.40148, -41.86877],
							"uv": {
								"north": {"uv": [52, 29], "uv_size": [3, 0.5]},
								"east": {"uv": [55, 41], "uv_size": [1.5, 0.5]},
								"south": {"uv": [52, 30], "uv_size": [3, 0.5]},
								"west": {"uv": [42, 55], "uv_size": [1.5, 0.5]},
								"up": {"uv": [42, 2], "uv_size": [3, 1.5]},
								"down": {"uv": [6, 43.5], "uv_size": [3, -1.5]}
							}
						}
					]
				},
				{
					"name": "bone115",
					"parent": "neck_rear",
					"pivot": [0.2675, 5.625, -12.23292],
					"rotation": [-16.8143, -33.27469, -127.36695],
					"cubes": [
						{
							"origin": [-1.6, 6.28774, -14.9375],
							"size": [3.2, 1.32548, 1.6875],
							"pivot": [1.6, 6.28774, -13.25],
							"rotation": [-14.05915, -5.40148, -41.86877],
							"uv": {
								"north": {"uv": [9, 42], "uv_size": [3, 1.5]},
								"east": {"uv": [48, 18], "uv_size": [1.5, 1.5]},
								"south": {"uv": [12, 42], "uv_size": [3, 1.5]},
								"west": {"uv": [19, 48], "uv_size": [1.5, 1.5]},
								"up": {"uv": [17, 42], "uv_size": [3, 1.5]},
								"down": {"uv": [20, 43.5], "uv_size": [3, -1.5]}
							}
						},
						{
							"origin": [-2.48073, 6.96202, -14.61694],
							"size": [3.2, 0.26298, 1.6875],
							"pivot": [0.71927, 7.225, -12.92944],
							"rotation": [-22.05915, -5.40148, -41.86877],
							"uv": {
								"north": {"uv": [52, 37], "uv_size": [3, 0.5]},
								"east": {"uv": [55, 42], "uv_size": [1.5, 0.5]},
								"south": {"uv": [52, 40], "uv_size": [3, 0.5]},
								"west": {"uv": [55, 43], "uv_size": [1.5, 0.5]},
								"up": {"uv": [30, 42], "uv_size": [3, 1.5]},
								"down": {"uv": [33, 43.5], "uv_size": [3, -1.5]}
							}
						},
						{
							"origin": [-1.6, 6.26976, -14.9374],
							"size": [3.19875, 0.28096, 1.6874],
							"pivot": [1.6, 6.28774, -13.25],
							"rotation": [-6.55915, -5.40148, -41.86877],
							"uv": {
								"north": {"uv": [52, 41], "uv_size": [3, 0.5]},
								"east": {"uv": [44, 55], "uv_size": [1.5, 0.5]},
								"south": {"uv": [52, 42], "uv_size": [3, 0.5]},
								"west": {"uv": [46, 55], "uv_size": [1.5, 0.5]},
								"up": {"uv": [36, 42], "uv_size": [3, 1.5]},
								"down": {"uv": [39, 43.5], "uv_size": [3, -1.5]}
							}
						}
					]
				},
				{
					"name": "bone116",
					"parent": "neck_rear",
					"pivot": [0.2675, 5.625, -12.23292],
					"rotation": [0, -40, -180],
					"cubes": [
						{
							"origin": [-1.6, 6.28774, -14.9375],
							"size": [3.2, 1.32548, 1.6875],
							"pivot": [1.6, 6.28774, -13.25],
							"rotation": [-14.05915, -5.40148, -41.86877],
							"uv": {
								"north": {"uv": [42, 40], "uv_size": [3, 1.5]},
								"east": {"uv": [48, 20], "uv_size": [1.5, 1.5]},
								"south": {"uv": [42, 42], "uv_size": [3, 1.5]},
								"west": {"uv": [21, 48], "uv_size": [1.5, 1.5]},
								"up": {"uv": [0, 43], "uv_size": [3, 1.5]},
								"down": {"uv": [3, 44.5], "uv_size": [3, -1.5]}
							}
						},
						{
							"origin": [-2.48073, 6.96202, -14.61694],
							"size": [3.2, 0.26298, 1.6875],
							"pivot": [0.71927, 7.225, -12.92944],
							"rotation": [-22.05915, -5.40148, -41.86877],
							"uv": {
								"north": {"uv": [52, 43], "uv_size": [3, 0.5]},
								"east": {"uv": [55, 46], "uv_size": [1.5, 0.5]},
								"south": {"uv": [52, 47], "uv_size": [3, 0.5]},
								"west": {"uv": [55, 47], "uv_size": [1.5, 0.5]},
								"up": {"uv": [43, 38], "uv_size": [3, 1.5]},
								"down": {"uv": [6, 45.5], "uv_size": [3, -1.5]}
							}
						},
						{
							"origin": [-1.6, 6.26976, -14.9374],
							"size": [3.19875, 0.28096, 1.6874],
							"pivot": [1.6, 6.28774, -13.25],
							"rotation": [-6.55915, -5.40148, -41.86877],
							"uv": {
								"north": {"uv": [52, 48], "uv_size": [3, 0.5]},
								"east": {"uv": [48, 55], "uv_size": [1.5, 0.5]},
								"south": {"uv": [52, 49], "uv_size": [3, 0.5]},
								"west": {"uv": [55, 48], "uv_size": [1.5, 0.5]},
								"up": {"uv": [44, 7], "uv_size": [3, 1.5]},
								"down": {"uv": [9, 45.5], "uv_size": [3, -1.5]}
							}
						}
					]
				},
				{
					"name": "bone117",
					"parent": "neck_rear",
					"pivot": [0.2675, 5.625, -12.23292],
					"rotation": [16.8143, -33.27469, 127.36695],
					"cubes": [
						{
							"origin": [-1.6, 6.28774, -14.9375],
							"size": [3.2, 1.32548, 1.6875],
							"pivot": [1.6, 6.28774, -13.25],
							"rotation": [-14.05915, -5.40148, -41.86877],
							"uv": {
								"north": {"uv": [44, 9], "uv_size": [3, 1.5]},
								"east": {"uv": [48, 22], "uv_size": [1.5, 1.5]},
								"south": {"uv": [44, 11], "uv_size": [3, 1.5]},
								"west": {"uv": [23, 48], "uv_size": [1.5, 1.5]},
								"up": {"uv": [12, 44], "uv_size": [3, 1.5]},
								"down": {"uv": [44, 14.5], "uv_size": [3, -1.5]}
							}
						},
						{
							"origin": [-2.48073, 6.96202, -14.61694],
							"size": [3.2, 0.26298, 1.6875],
							"pivot": [0.71927, 7.225, -12.92944],
							"rotation": [-22.05915, -5.40148, -41.86877],
							"uv": {
								"north": {"uv": [52, 50], "uv_size": [3, 0.5]},
								"east": {"uv": [55, 49], "uv_size": [1.5, 0.5]},
								"south": {"uv": [51, 52], "uv_size": [3, 0.5]},
								"west": {"uv": [50, 55], "uv_size": [1.5, 0.5]},
								"up": {"uv": [15, 44], "uv_size": [3, 1.5]},
								"down": {"uv": [44, 16.5], "uv_size": [3, -1.5]}
							}
						},
						{
							"origin": [-1.6, 6.26976, -14.9374],
							"size": [3.19875, 0.28096, 1.6874],
							"pivot": [1.6, 6.28774, -13.25],
							"rotation": [-6.55915, -5.40148, -41.86877],
							"uv": {
								"north": {"uv": [53, 4], "uv_size": [3, 0.5]},
								"east": {"uv": [55, 50], "uv_size": [1.5, 0.5]},
								"south": {"uv": [53, 9], "uv_size": [3, 0.5]},
								"west": {"uv": [52, 55], "uv_size": [1.5, 0.5]},
								"up": {"uv": [44, 17], "uv_size": [3, 1.5]},
								"down": {"uv": [18, 45.5], "uv_size": [3, -1.5]}
							}
						}
					]
				},
				{
					"name": "tail",
					"parent": "base",
					"pivot": [0, 0.125, 0]
				},
				{
					"name": "bone119",
					"parent": "tail",
					"pivot": [0, 5.51563, -0.26093],
					"rotation": [180, 0, 0],
					"cubes": [
						{
							"origin": [-0.09363, 5.02012, -1.61199],
							"size": [1.059, 0.125, 6.7605],
							"pivot": [0.25, 5.08262, -1.26093],
							"rotation": [0, 90, 60],
							"uv": {
								"north": {"uv": [44, 56], "uv_size": [1, 0.5]},
								"east": {"uv": [46, 4], "uv_size": [7, 0.5]},
								"south": {"uv": [56, 44], "uv_size": [1, 0.5]},
								"west": {"uv": [46, 35], "uv_size": [7, 0.5]},
								"up": {"uv": [11, 31], "uv_size": [1, 7]},
								"down": {"uv": [12, 38], "uv_size": [1, -7]}
							}
						},
						{
							"origin": [0.70794, 5.35938, -0.11454],
							"size": [1.059, 0.125, 6.7605],
							"pivot": [0, 5.45313, -0.20936],
							"rotation": [0, 90, 120],
							"uv": {
								"north": {"uv": [45, 56], "uv_size": [1, 0.5]},
								"east": {"uv": [46, 36], "uv_size": [7, 0.5]},
								"south": {"uv": [56, 45], "uv_size": [1, 0.5]},
								"west": {"uv": [46, 38], "uv_size": [7, 0.5]},
								"up": {"uv": [18, 31], "uv_size": [1, 7]},
								"down": {"uv": [19, 38], "uv_size": [1, -7]}
							}
						},
						{
							"origin": [0.70794, 5.45313, 0.08858],
							"size": [1.059, 0.125, 6.7605],
							"pivot": [0, 5.45313, -0.20936],
							"rotation": [0, 90, 0],
							"uv": {
								"north": {"uv": [50, 56], "uv_size": [1, 0.5]},
								"east": {"uv": [47, 0], "uv_size": [7, 0.5]},
								"south": {"uv": [51, 56], "uv_size": [1, 0.5]},
								"west": {"uv": [47, 1], "uv_size": [7, 0.5]},
								"up": {"uv": [0, 32], "uv_size": [1, 7]},
								"down": {"uv": [1, 39], "uv_size": [1, -7]}
							}
						},
						{
							"origin": [0.70794, 5.42188, -0.00517],
							"size": [1.059, 0.125, 6.7605],
							"pivot": [0, 5.45313, -0.20936],
							"rotation": [0, 90, -60],
							"uv": {
								"north": {"uv": [48, 56], "uv_size": [1, 0.5]},
								"east": {"uv": [46, 45], "uv_size": [7, 0.5]},
								"south": {"uv": [49, 56], "uv_size": [1, 0.5]},
								"west": {"uv": [46, 46], "uv_size": [7, 0.5]},
								"up": {"uv": [26, 31], "uv_size": [1, 7]},
								"down": {"uv": [27, 38], "uv_size": [1, -7]}
							}
						},
						{
							"origin": [0.70794, 5.35938, -0.02079],
							"size": [1.059, 0.125, 6.7605],
							"pivot": [0, 5.45313, -0.20936],
							"rotation": [0, 90, -120],
							"uv": {
								"north": {"uv": [46, 56], "uv_size": [1, 0.5]},
								"east": {"uv": [46, 39], "uv_size": [7, 0.5]},
								"south": {"uv": [47, 56], "uv_size": [1, 0.5]},
								"west": {"uv": [46, 44], "uv_size": [7, 0.5]},
								"up": {"uv": [20, 31], "uv_size": [1, 7]},
								"down": {"uv": [21, 38], "uv_size": [1, -7]}
							}
						},
						{
							"origin": [0.70794, 5.32813, -0.06767],
							"size": [1.059, 0.125, 6.7605],
							"pivot": [0, 5.45313, -0.20936],
							"rotation": [0, 90, 180],
							"uv": {
								"north": {"uv": [42, 56], "uv_size": [1, 0.5]},
								"east": {"uv": [39, 4], "uv_size": [7, 0.5]},
								"south": {"uv": [43, 56], "uv_size": [1, 0.5]},
								"west": {"uv": [44, 25], "uv_size": [7, 0.5]},
								"up": {"uv": [17, 28], "uv_size": [1, 7]},
								"down": {"uv": [6, 38], "uv_size": [1, -7]}
							}
						}
					]
				},
				{
					"name": "bone4",
					"parent": "tail",
					"pivot": [0, 6.57813, 1.5],
					"cubes": [
						{
							"origin": [-0.375, 6.14063, -0.46202],
							"size": [0.75, 0.625, 1.29904],
							"pivot": [0, 5.57813, 0.1875],
							"rotation": [-90, 0, -150],
							"uv": {
								"north": {"uv": [38, 56], "uv_size": [1, 0.5]},
								"east": {"uv": [55, 53], "uv_size": [1.5, 0.5]},
								"south": {"uv": [56, 38], "uv_size": [1, 0.5]},
								"west": {"uv": [56, 4], "uv_size": [1.5, 0.5]},
								"up": {"uv": [16, 53], "uv_size": [1, 1.5]},
								"down": {"uv": [17, 54.5], "uv_size": [1, -1.5]}
							}
						},
						{
							"origin": [-0.375, 6.14063, -0.46202],
							"size": [0.75, 0.625, 1.29904],
							"pivot": [0, 5.57813, 0.1875],
							"rotation": [-90, 0, 150],
							"uv": {
								"north": {"uv": [39, 56], "uv_size": [1, 0.5]},
								"east": {"uv": [56, 13], "uv_size": [1.5, 0.5]},
								"south": {"uv": [56, 39], "uv_size": [1, 0.5]},
								"west": {"uv": [56, 25], "uv_size": [1.5, 0.5]},
								"up": {"uv": [18, 53], "uv_size": [1, 1.5]},
								"down": {"uv": [19, 54.5], "uv_size": [1, -1.5]}
							}
						},
						{
							"origin": [-0.375, 6.14063, -0.46202],
							"size": [0.75, 0.625, 1.29904],
							"pivot": [0, 5.57813, 0.1875],
							"rotation": [-90, 0, 90],
							"uv": {
								"north": {"uv": [40, 56], "uv_size": [1, 0.5]},
								"east": {"uv": [27, 56], "uv_size": [1.5, 0.5]},
								"south": {"uv": [41, 56], "uv_size": [1, 0.5]},
								"west": {"uv": [29, 56], "uv_size": [1.5, 0.5]},
								"up": {"uv": [20, 53], "uv_size": [1, 1.5]},
								"down": {"uv": [21, 54.5], "uv_size": [1, -1.5]}
							}
						}
					]
				},
				{
					"name": "bone118",
					"parent": "tail",
					"pivot": [0, 6.57813, -5],
					"cubes": [
						{
							"origin": [-0.375, 4.39063, -6.96202],
							"size": [0.75, 2.375, 1.29904],
							"pivot": [0, 5.57813, -6.3125],
							"rotation": [-90, 0, -150],
							"uv": {
								"north": {"uv": [47, 47], "uv_size": [1, 2.5]},
								"east": {"uv": [42, 46], "uv_size": [1.5, 2.5]},
								"south": {"uv": [6, 48], "uv_size": [1, 2.5]},
								"west": {"uv": [44, 46], "uv_size": [1.5, 2.5]},
								"up": {"uv": [53, 12], "uv_size": [1, 1.5]},
								"down": {"uv": [15, 54.5], "uv_size": [1, -1.5]}
							}
						},
						{
							"origin": [-0.375, 4.39063, -6.96202],
							"size": [0.75, 2.375, 1.29904],
							"pivot": [0, 5.57813, -6.3125],
							"rotation": [-90, 0, 150],
							"uv": {
								"north": {"uv": [47, 12], "uv_size": [1, 2.5]},
								"east": {"uv": [34, 46], "uv_size": [1.5, 2.5]},
								"south": {"uv": [47, 15], "uv_size": [1, 2.5]},
								"west": {"uv": [36, 46], "uv_size": [1.5, 2.5]},
								"up": {"uv": [48, 52], "uv_size": [1, 1.5]},
								"down": {"uv": [49, 53.5], "uv_size": [1, -1.5]}
							}
						},
						{
							"origin": [-0.375, 4.39063, -6.96202],
							"size": [0.75, 2.375, 1.29904],
							"pivot": [0, 5.57813, -6.3125],
							"rotation": [-90, 0, 90],
							"uv": {
								"north": {"uv": [47, 40], "uv_size": [1, 2.5]},
								"east": {"uv": [38, 46], "uv_size": [1.5, 2.5]},
								"south": {"uv": [46, 47], "uv_size": [1, 2.5]},
								"west": {"uv": [40, 46], "uv_size": [1.5, 2.5]},
								"up": {"uv": [6, 53], "uv_size": [1, 1.5]},
								"down": {"uv": [53, 11.5], "uv_size": [1, -1.5]}
							}
						}
					]
				},
				{
					"name": "inside4",
					"parent": "warhead",
					"pivot": [8, -2.375, -27],
					"cubes": [
						{
							"origin": [-0.89056, 3.475, -19.75],
							"size": [1.78112, 4.3, 4.5],
							"pivot": [0, 5.625, -19],
							"rotation": [0, 0, 45],
							"uv": {
								"north": {"uv": [17, 19], "uv_size": [2, 4.5]},
								"east": {"uv": [0, 0], "uv_size": [4.5, 4.5]},
								"south": {"uv": [20, 3], "uv_size": [2, 4.5]},
								"west": {"uv": [0, 5], "uv_size": [4.5, 4.5]},
								"up": {"uv": [3, 22], "uv_size": [2, 4.5]},
								"down": {"uv": [22, 7.5], "uv_size": [2, -4.5]}
							}
						},
						{
							"origin": [-0.89056, 3.475, -19.75],
							"size": [1.78112, 4.3, 4.5],
							"uv": {
								"north": {"uv": [5, 22], "uv_size": [2, 4.5]},
								"east": {"uv": [5, 0], "uv_size": [4.5, 4.5]},
								"south": {"uv": [7, 22], "uv_size": [2, 4.5]},
								"west": {"uv": [5, 5], "uv_size": [4.5, 4.5]},
								"up": {"uv": [9, 22], "uv_size": [2, 4.5]},
								"down": {"uv": [22, 19.5], "uv_size": [2, -4.5]}
							}
						},
						{
							"origin": [-2.15, 4.73444, -19.75],
							"size": [4.3, 1.78112, 4.5],
							"pivot": [0, 5.625, -19],
							"rotation": [0, 0, 45],
							"uv": {
								"north": {"uv": [19, 22], "uv_size": [4.5, 2]},
								"east": {"uv": [22, 20], "uv_size": [4.5, 2]},
								"south": {"uv": [24, 3], "uv_size": [4.5, 2]},
								"west": {"uv": [24, 5], "uv_size": [4.5, 2]},
								"up": {"uv": [0, 10], "uv_size": [4.5, 4.5]},
								"down": {"uv": [10, 4.5], "uv_size": [4.5, -4.5]}
							}
						},
						{
							"origin": [-2.15, 4.73444, -19.75],
							"size": [4.3, 1.78112, 4.5],
							"uv": {
								"north": {"uv": [24, 7], "uv_size": [4.5, 2]},
								"east": {"uv": [24, 15], "uv_size": [4.5, 2]},
								"south": {"uv": [17, 24], "uv_size": [4.5, 2]},
								"west": {"uv": [24, 17], "uv_size": [4.5, 2]},
								"up": {"uv": [5, 10], "uv_size": [4.5, 4.5]},
								"down": {"uv": [10, 9.5], "uv_size": [4.5, -4.5]}
							}
						}
					]
				},
				{
					"name": "deco_warhead",
					"parent": "warhead",
					"pivot": [0, 0, 0]
				},
				{
					"name": "bone109",
					"parent": "deco_warhead",
					"pivot": [0, 5.625, -17.48437],
					"rotation": [0, 0, -90],
					"cubes": [
						{
							"origin": [-0.18198, 3.35938, -19.25],
							"size": [0.36396, 4.53125, 1.25],
							"pivot": [0, 5.625, -17],
							"rotation": [0, 0, -45],
							"uv": {
								"north": {"uv": [25, 48], "uv_size": [0.5, 4.5]},
								"east": {"uv": [31, 21], "uv_size": [1.5, 4.5]},
								"south": {"uv": [26, 48], "uv_size": [0.5, 4.5]},
								"west": {"uv": [7, 32], "uv_size": [1.5, 4.5]},
								"up": {"uv": [54, 55], "uv_size": [0.5, 1.5]},
								"down": {"uv": [55, 56.5], "uv_size": [0.5, -1.5]}
							}
						},
						{
							"origin": [-0.74448, 3.35938, -18.25],
							"size": [0.36396, 4.53125, 1.5],
							"pivot": [0, 5.625, -17],
							"rotation": [0, 0, -45],
							"uv": {
								"north": {"uv": [48, 26], "uv_size": [0.5, 4.5]},
								"east": {"uv": [32, 8], "uv_size": [1.5, 4.5]},
								"south": {"uv": [27, 48], "uv_size": [0.5, 4.5]},
								"west": {"uv": [9, 32], "uv_size": [1.5, 4.5]},
								"up": {"uv": [0, 56], "uv_size": [0.5, 1.5]},
								"down": {"uv": [56, 1.5], "uv_size": [0.5, -1.5]}
							}
						},
						{
							"origin": [-0.18198, 3.35938, -16.9375],
							"size": [0.36396, 4.53125, 1.25],
							"pivot": [0, 5.625, -17],
							"rotation": [0, 0, -45],
							"uv": {
								"north": {"uv": [28, 48], "uv_size": [0.5, 4.5]},
								"east": {"uv": [32, 13], "uv_size": [1.5, 4.5]},
								"south": {"uv": [29, 48], "uv_size": [0.5, 4.5]},
								"west": {"uv": [15, 32], "uv_size": [1.5, 4.5]},
								"up": {"uv": [1, 56], "uv_size": [0.5, 1.5]},
								"down": {"uv": [2, 57.5], "uv_size": [0.5, -1.5]}
							}
						},
						{
							"origin": [0.38052, 3.35938, -18.25],
							"size": [0.36396, 4.53125, 1.5],
							"pivot": [0, 5.625, -17],
							"rotation": [0, 0, -45],
							"uv": {
								"north": {"uv": [30, 48], "uv_size": [0.5, 4.5]},
								"east": {"uv": [24, 32], "uv_size": [1.5, 4.5]},
								"south": {"uv": [31, 48], "uv_size": [0.5, 4.5]},
								"west": {"uv": [28, 32], "uv_size": [1.5, 4.5]},
								"up": {"uv": [3, 56], "uv_size": [0.5, 1.5]},
								"down": {"uv": [4, 57.5], "uv_size": [0.5, -1.5]}
							}
						}
					]
				},
				{
					"name": "bone107",
					"parent": "deco_warhead",
					"pivot": [0, 5.625, -17.48437],
					"rotation": [0, 0, -135],
					"cubes": [
						{
							"origin": [-0.18198, 3.35938, -19.25],
							"size": [0.36396, 4.53125, 1.25],
							"pivot": [0, 5.625, -17],
							"rotation": [0, 0, -45],
							"uv": {
								"north": {"uv": [32, 48], "uv_size": [0.5, 4.5]},
								"east": {"uv": [30, 32], "uv_size": [1.5, 4.5]},
								"south": {"uv": [33, 48], "uv_size": [0.5, 4.5]},
								"west": {"uv": [32, 30], "uv_size": [1.5, 4.5]},
								"up": {"uv": [5, 56], "uv_size": [0.5, 1.5]},
								"down": {"uv": [6, 57.5], "uv_size": [0.5, -1.5]}
							}
						},
						{
							"origin": [-0.74448, 3.35938, -18.25],
							"size": [0.36396, 4.53125, 1.5],
							"pivot": [0, 5.625, -17],
							"rotation": [0, 0, -45],
							"uv": {
								"north": {"uv": [48, 47], "uv_size": [0.5, 4.5]},
								"east": {"uv": [2, 33], "uv_size": [1.5, 4.5]},
								"south": {"uv": [49, 26], "uv_size": [0.5, 4.5]},
								"west": {"uv": [33, 2], "uv_size": [1.5, 4.5]},
								"up": {"uv": [7, 56], "uv_size": [0.5, 1.5]},
								"down": {"uv": [8, 57.5], "uv_size": [0.5, -1.5]}
							}
						},
						{
							"origin": [-0.18198, 3.35938, -16.9375],
							"size": [0.36396, 4.53125, 1.25],
							"pivot": [0, 5.625, -17],
							"rotation": [0, 0, -45],
							"uv": {
								"north": {"uv": [34, 49], "uv_size": [0.5, 4.5]},
								"east": {"uv": [4, 33], "uv_size": [1.5, 4.5]},
								"south": {"uv": [35, 49], "uv_size": [0.5, 4.5]},
								"west": {"uv": [13, 33], "uv_size": [1.5, 4.5]},
								"up": {"uv": [9, 56], "uv_size": [0.5, 1.5]},
								"down": {"uv": [56, 10.5], "uv_size": [0.5, -1.5]}
							}
						},
						{
							"origin": [0.38052, 3.35938, -18.25],
							"size": [0.36396, 4.53125, 1.5],
							"pivot": [0, 5.625, -17],
							"rotation": [0, 0, -45],
							"uv": {
								"north": {"uv": [36, 49], "uv_size": [0.5, 4.5]},
								"east": {"uv": [33, 18], "uv_size": [1.5, 4.5]},
								"south": {"uv": [37, 49], "uv_size": [0.5, 4.5]},
								"west": {"uv": [22, 33], "uv_size": [1.5, 4.5]},
								"up": {"uv": [10, 56], "uv_size": [0.5, 1.5]},
								"down": {"uv": [11, 57.5], "uv_size": [0.5, -1.5]}
							}
						}
					]
				},
				{
					"name": "bone108",
					"parent": "deco_warhead",
					"pivot": [0, 5.625, -17.48437],
					"rotation": [0, 0, -45],
					"cubes": [
						{
							"origin": [-0.16636, 3.35938, -19.25],
							"size": [0.33271, 4.53125, 1.25],
							"pivot": [0, 5.625, -17],
							"rotation": [0, 0, -45],
							"uv": {
								"north": {"uv": [38, 49], "uv_size": [0.5, 4.5]},
								"east": {"uv": [33, 23], "uv_size": [1.5, 4.5]},
								"south": {"uv": [39, 49], "uv_size": [0.5, 4.5]},
								"west": {"uv": [34, 7], "uv_size": [1.5, 4.5]},
								"up": {"uv": [56, 11], "uv_size": [0.5, 1.5]},
								"down": {"uv": [12, 57.5], "uv_size": [0.5, -1.5]}
							}
						},
						{
							"origin": [-0.72886, 3.35938, -18.25],
							"size": [0.33271, 4.53125, 1.5],
							"pivot": [0, 5.625, -17],
							"rotation": [0, 0, -45],
							"uv": {
								"north": {"uv": [40, 49], "uv_size": [0.5, 4.5]},
								"east": {"uv": [34, 12], "uv_size": [1.5, 4.5]},
								"south": {"uv": [41, 49], "uv_size": [0.5, 4.5]},
								"west": {"uv": [34, 28], "uv_size": [1.5, 4.5]},
								"up": {"uv": [13, 56], "uv_size": [0.5, 1.5]},
								"down": {"uv": [14, 57.5], "uv_size": [0.5, -1.5]}
							}
						},
						{
							"origin": [-0.16636, 3.35938, -16.9375],
							"size": [0.33271, 4.53125, 1.25],
							"pivot": [0, 5.625, -17],
							"rotation": [0, 0, -45],
							"uv": {
								"north": {"uv": [42, 49], "uv_size": [0.5, 4.5]},
								"east": {"uv": [34, 33], "uv_size": [1.5, 4.5]},
								"south": {"uv": [43, 49], "uv_size": [0.5, 4.5]},
								"west": {"uv": [35, 0], "uv_size": [1.5, 4.5]},
								"up": {"uv": [15, 56], "uv_size": [0.5, 1.5]},
								"down": {"uv": [16, 57.5], "uv_size": [0.5, -1.5]}
							}
						},
						{
							"origin": [0.39614, 3.35938, -18.25],
							"size": [0.33271, 4.53125, 1.5],
							"pivot": [0, 5.625, -17],
							"rotation": [0, 0, -45],
							"uv": {
								"north": {"uv": [44, 49], "uv_size": [0.5, 4.5]},
								"east": {"uv": [35, 17], "uv_size": [1.5, 4.5]},
								"south": {"uv": [45, 49], "uv_size": [0.5, 4.5]},
								"west": {"uv": [35, 22], "uv_size": [1.5, 4.5]},
								"up": {"uv": [17, 56], "uv_size": [0.5, 1.5]},
								"down": {"uv": [18, 57.5], "uv_size": [0.5, -1.5]}
							}
						}
					]
				},
				{
					"name": "bone106",
					"parent": "deco_warhead",
					"pivot": [0, 5.625, -17],
					"cubes": [
						{
							"origin": [-0.15073, 3.35938, -19.25],
							"size": [0.30146, 4.53125, 1.25],
							"pivot": [0, 5.625, -17],
							"rotation": [0, 0, -45],
							"uv": {
								"north": {"uv": [8, 50], "uv_size": [0.5, 4.5]},
								"east": {"uv": [32, 35], "uv_size": [1.5, 4.5]},
								"south": {"uv": [9, 50], "uv_size": [0.5, 4.5]},
								"west": {"uv": [36, 5], "uv_size": [1.5, 4.5]},
								"up": {"uv": [19, 56], "uv_size": [0.5, 1.5]},
								"down": {"uv": [20, 57.5], "uv_size": [0.5, -1.5]}
							}
						},
						{
							"origin": [-0.71323, 3.35938, -18.25],
							"size": [0.30146, 4.53125, 1.5],
							"pivot": [0, 5.625, -17],
							"rotation": [0, 0, -45],
							"uv": {
								"north": {"uv": [10, 50], "uv_size": [0.5, 4.5]},
								"east": {"uv": [36, 10], "uv_size": [1.5, 4.5]},
								"south": {"uv": [50, 10], "uv_size": [0.5, 4.5]},
								"west": {"uv": [36, 27], "uv_size": [1.5, 4.5]},
								"up": {"uv": [21, 56], "uv_size": [0.5, 1.5]},
								"down": {"uv": [22, 57.5], "uv_size": [0.5, -1.5]}
							}
						},
						{
							"origin": [-0.15073, 3.35938, -16.9375],
							"size": [0.30146, 4.53125, 1.25],
							"pivot": [0, 5.625, -17],
							"rotation": [0, 0, -45],
							"uv": {
								"north": {"uv": [11, 50], "uv_size": [0.5, 4.5]},
								"east": {"uv": [36, 32], "uv_size": [1.5, 4.5]},
								"south": {"uv": [12, 50], "uv_size": [0.5, 4.5]},
								"west": {"uv": [37, 0], "uv_size": [1.5, 4.5]},
								"up": {"uv": [23, 56], "uv_size": [0.5, 1.5]},
								"down": {"uv": [24, 57.5], "uv_size": [0.5, -1.5]}
							}
						},
						{
							"origin": [0.41177, 3.35938, -18.25],
							"size": [0.30146, 4.53125, 1.5],
							"pivot": [0, 5.625, -17],
							"rotation": [0, 0, -45],
							"uv": {
								"north": {"uv": [13, 50], "uv_size": [0.5, 4.5]},
								"east": {"uv": [7, 37], "uv_size": [1.5, 4.5]},
								"south": {"uv": [14, 50], "uv_size": [0.5, 4.5]},
								"west": {"uv": [9, 37], "uv_size": [1.5, 4.5]},
								"up": {"uv": [25, 56], "uv_size": [0.5, 1.5]},
								"down": {"uv": [26, 57.5], "uv_size": [0.5, -1.5]}
							}
						}
					]
				},
				{
					"name": "octagon4",
					"parent": "warhead",
					"pivot": [0, 5.60938, -22],
					"cubes": [
						{
							"origin": [-0.41421, 4.60938, -22.5],
							"size": [0.82843, 2, 1],
							"pivot": [0, 5.60938, -22],
							"rotation": [0, 0, -45],
							"uv": {
								"north": {"uv": [19, 3], "uv_size": [1, 2]},
								"east": {"uv": [3, 20], "uv_size": [1, 2]},
								"south": {"uv": [33, 28], "uv_size": [1, 2]},
								"west": {"uv": [35, 5], "uv_size": [1, 2]},
								"up": {"uv": [23, 8], "uv_size": [1, 1]},
								"down": {"uv": [30, 22], "uv_size": [1, -1]}
							}
						},
						{
							"origin": [-0.41421, 4.60938, -22.5],
							"size": [0.82843, 2, 1],
							"uv": {
								"north": {"uv": [36, 15], "uv_size": [1, 2]},
								"east": {"uv": [48, 40], "uv_size": [1, 2]},
								"south": {"uv": [49, 5], "uv_size": [1, 2]},
								"west": {"uv": [49, 40], "uv_size": [1, 2]},
								"up": {"uv": [31, 18], "uv_size": [1, 1]},
								"down": {"uv": [33, 8], "uv_size": [1, -1]}
							}
						},
						{
							"origin": [-1, 5.19516, -22.5],
							"size": [2, 0.82843, 1],
							"pivot": [0, 5.60938, -22],
							"rotation": [0, 0, -45],
							"uv": {
								"north": {"uv": [25, 14], "uv_size": [2, 1]},
								"east": {"uv": [34, 17], "uv_size": [1, 1]},
								"south": {"uv": [31, 5], "uv_size": [2, 1]},
								"west": {"uv": [35, 27], "uv_size": [1, 1]},
								"up": {"uv": [48, 42], "uv_size": [2, 1]},
								"down": {"uv": [50, 3], "uv_size": [2, -1]}
							}
						},
						{
							"origin": [-1, 5.19516, -22.5],
							"size": [2, 0.82843, 1],
							"uv": {
								"north": {"uv": [50, 3], "uv_size": [2, 1]},
								"east": {"uv": [6, 41], "uv_size": [1, 1]},
								"south": {"uv": [50, 5], "uv_size": [2, 1]},
								"west": {"uv": [14, 41], "uv_size": [1, 1]},
								"up": {"uv": [50, 6], "uv_size": [2, 1]},
								"down": {"uv": [50, 8], "uv_size": [2, -1]}
							}
						}
					]
				},
				{
					"name": "outside2",
					"parent": "warhead",
					"pivot": [0, 0, 0]
				},
				{
					"name": "octagon8",
					"parent": "outside2",
					"pivot": [0, -2.375, -29.875],
					"cubes": [
						{
							"origin": [-0.93198, 3.375, -20.1875],
							"size": [1.86396, 4.5, 0.5],
							"pivot": [0, 5.625, -21.875],
							"rotation": [0, 0, -45],
							"uv": {
								"north": {"uv": [22, 24], "uv_size": [2, 4.5]},
								"east": {"uv": [49, 47], "uv_size": [0.5, 4.5]},
								"south": {"uv": [24, 22], "uv_size": [2, 4.5]},
								"west": {"uv": [0, 50], "uv_size": [0.5, 4.5]},
								"up": {"uv": [53, 14], "uv_size": [2, 0.5]},
								"down": {"uv": [22, 53.5], "uv_size": [2, -0.5]}
							}
						},
						{
							"origin": [-0.93198, 3.375, -20.1875],
							"size": [1.86396, 4.5, 0.5],
							"uv": {
								"north": {"uv": [25, 9], "uv_size": [2, 4.5]},
								"east": {"uv": [1, 50], "uv_size": [0.5, 4.5]},
								"south": {"uv": [11, 26], "uv_size": [2, 4.5]},
								"west": {"uv": [2, 50], "uv_size": [0.5, 4.5]},
								"up": {"uv": [53, 24], "uv_size": [2, 0.5]},
								"down": {"uv": [25, 53.5], "uv_size": [2, -0.5]}
							}
						},
						{
							"origin": [-2.25, 4.69302, -20.1875],
							"size": [4.5, 1.86396, 0.5],
							"pivot": [0, 5.625, -21.875],
							"rotation": [0, 0, -45],
							"uv": {
								"north": {"uv": [26, 0], "uv_size": [4.5, 2]},
								"east": {"uv": [27, 53], "uv_size": [0.5, 2]},
								"south": {"uv": [13, 26], "uv_size": [4.5, 2]},
								"west": {"uv": [28, 53], "uv_size": [0.5, 2]},
								"up": {"uv": [47, 37], "uv_size": [4.5, 0.5]},
								"down": {"uv": [47, 43.5], "uv_size": [4.5, -0.5]}
							}
						},
						{
							"origin": [-2.25, 4.69302, -20.1875],
							"size": [4.5, 1.86396, 0.5],
							"uv": {
								"north": {"uv": [26, 22], "uv_size": [4.5, 2]},
								"east": {"uv": [29, 53], "uv_size": [0.5, 2]},
								"south": {"uv": [26, 24], "uv_size": [4.5, 2]},
								"west": {"uv": [30, 53], "uv_size": [0.5, 2]},
								"up": {"uv": [48, 9], "uv_size": [4.5, 0.5]},
								"down": {"uv": [48, 24.5], "uv_size": [4.5, -0.5]}
							}
						}
					]
				},
				{
					"name": "octagon9",
					"parent": "outside2",
					"pivot": [0, -2.375, -25],
					"cubes": [
						{
							"origin": [-0.93198, 3.375, -19.5],
							"size": [1.86396, 4.5, 4],
							"pivot": [0, 5.625, -17],
							"rotation": [0, 0, -45],
							"uv": {
								"north": {"uv": [18, 26], "uv_size": [2, 4.5]},
								"east": {"uv": [10, 10], "uv_size": [4, 4.5]},
								"south": {"uv": [20, 26], "uv_size": [2, 4.5]},
								"west": {"uv": [14, 10], "uv_size": [4, 4.5]},
								"up": {"uv": [15, 28], "uv_size": [2, 4]},
								"down": {"uv": [29, 6], "uv_size": [2, -4]}
							}
						},
						{
							"origin": [-0.93198, 3.375, -19.5],
							"size": [1.86396, 4.5, 4],
							"uv": {
								"north": {"uv": [26, 26], "uv_size": [2, 4.5]},
								"east": {"uv": [0, 15], "uv_size": [4, 4.5]},
								"south": {"uv": [0, 27], "uv_size": [2, 4.5]},
								"west": {"uv": [15, 0], "uv_size": [4, 4.5]},
								"up": {"uv": [29, 15], "uv_size": [2, 4]},
								"down": {"uv": [22, 33], "uv_size": [2, -4]}
							}
						},
						{
							"origin": [-2.25, 4.69302, -19.5],
							"size": [4.5, 1.86396, 4],
							"pivot": [0, 5.625, -17],
							"rotation": [0, 0, -45],
							"uv": {
								"north": {"uv": [2, 27], "uv_size": [4.5, 2]},
								"east": {"uv": [29, 6], "uv_size": [4, 2]},
								"south": {"uv": [27, 9], "uv_size": [4.5, 2]},
								"west": {"uv": [28, 30], "uv_size": [4, 2]},
								"up": {"uv": [4, 15], "uv_size": [4.5, 4]},
								"down": {"uv": [15, 9], "uv_size": [4.5, -4]}
							}
						},
						{
							"origin": [-2.25, 4.69302, -19.5],
							"size": [4.5, 1.86396, 4],
							"uv": {
								"north": {"uv": [27, 11], "uv_size": [4.5, 2]},
								"east": {"uv": [31, 0], "uv_size": [4, 2]},
								"south": {"uv": [27, 13], "uv_size": [4.5, 2]},
								"west": {"uv": [2, 31], "uv_size": [4, 2]},
								"up": {"uv": [9, 15], "uv_size": [4.5, 4]},
								"down": {"uv": [14, 19], "uv_size": [4.5, -4]}
							}
						}
					]
				},
				{
					"name": "octagon10",
					"parent": "outside2",
					"pivot": [0, -2.375, -25],
					"cubes": [
						{
							"origin": [-0.93198, 3.375, -15.3125],
							"size": [1.86396, 4.5, 0.5],
							"pivot": [0, 5.625, -17],
							"rotation": [0, 0, -45],
							"uv": {
								"north": {"uv": [7, 27], "uv_size": [2, 4.5]},
								"east": {"uv": [3, 50], "uv_size": [0.5, 4.5]},
								"south": {"uv": [9, 27], "uv_size": [2, 4.5]},
								"west": {"uv": [4, 50], "uv_size": [0.5, 4.5]},
								"up": {"uv": [31, 53], "uv_size": [2, 0.5]},
								"down": {"uv": [53, 31.5], "uv_size": [2, -0.5]}
							}
						},
						{
							"origin": [-0.93198, 3.375, -15.3125],
							"size": [1.86396, 4.5, 0.5],
							"uv": {
								"north": {"uv": [24, 27], "uv_size": [2, 4.5]},
								"east": {"uv": [5, 50], "uv_size": [0.5, 4.5]},
								"south": {"uv": [13, 28], "uv_size": [2, 4.5]},
								"west": {"uv": [7, 50], "uv_size": [0.5, 4.5]},
								"up": {"uv": [53, 32], "uv_size": [2, 0.5]},
								"down": {"uv": [53, 33.5], "uv_size": [2, -0.5]}
							}
						},
						{
							"origin": [-2.25, 4.69302, -15.3125],
							"size": [4.5, 1.86396, 0.5],
							"pivot": [0, 5.625, -17],
							"rotation": [0, 0, -45],
							"uv": {
								"north": {"uv": [27, 19], "uv_size": [4.5, 2]},
								"east": {"uv": [33, 53], "uv_size": [0.5, 2]},
								"south": {"uv": [28, 26], "uv_size": [4.5, 2]},
								"west": {"uv": [53, 34], "uv_size": [0.5, 2]},
								"up": {"uv": [48, 31], "uv_size": [4.5, 0.5]},
								"down": {"uv": [48, 32.5], "uv_size": [4.5, -0.5]}
							}
						},
						{
							"origin": [-2.25, 4.69302, -15.3125],
							"size": [4.5, 1.86396, 0.5],
							"uv": {
								"north": {"uv": [28, 28], "uv_size": [4.5, 2]},
								"east": {"uv": [53, 38], "uv_size": [0.5, 2]},
								"south": {"uv": [2, 29], "uv_size": [4.5, 2]},
								"west": {"uv": [53, 44], "uv_size": [0.5, 2]},
								"up": {"uv": [48, 33], "uv_size": [4.5, 0.5]},
								"down": {"uv": [48, 34.5], "uv_size": [4.5, -0.5]}
							}
						}
					]
				},
				{
					"name": "neck_fore",
					"parent": "warhead",
					"pivot": [-1, 6.02359, -21.5]
				},
				{
					"name": "bone121",
					"parent": "neck_fore",
					"pivot": [0, 5.60938, -22],
					"rotation": [0, 0, 90],
					"cubes": [
						{
							"origin": [-1, 5.50761, -21.5],
							"size": [2, 0.51598, 1.81949],
							"pivot": [-1, 6.00766, -21.5],
							"rotation": [15.5, -41.5, 0],
							"uv": {
								"north": {"uv": [53, 36], "uv_size": [2, 0.5]},
								"east": {"uv": [53, 46], "uv_size": [2, 0.5]},
								"south": {"uv": [51, 53], "uv_size": [2, 0.5]},
								"west": {"uv": [53, 53], "uv_size": [2, 0.5]},
								"up": {"uv": [26, 38], "uv_size": [2, 2]},
								"down": {"uv": [0, 41], "uv_size": [2, -2]}
							}
						},
						{
							"origin": [-1, 5.19516, -21.5],
							"size": [2, 0.82843, 1.8125],
							"pivot": [-1, 5.19516, -21.5],
							"rotation": [0, -41.5, 0],
							"uv": {
								"north": {"uv": [50, 8], "uv_size": [2, 1]},
								"east": {"uv": [15, 50], "uv_size": [2, 1]},
								"south": {"uv": [50, 15], "uv_size": [2, 1]},
								"west": {"uv": [50, 16], "uv_size": [2, 1]},
								"up": {"uv": [26, 40], "uv_size": [2, 2]},
								"down": {"uv": [26, 44], "uv_size": [2, -2]}
							}
						},
						{
							"origin": [-0.42708, 5.47504, -20.88634],
							"size": [2, 0.5489, 1.82125],
							"pivot": [-0.00969, 5.64018, -21.98943],
							"rotation": [-15.25, -41.5, 0],
							"uv": {
								"north": {"uv": [54, 0], "uv_size": [2, 0.5]},
								"east": {"uv": [54, 1], "uv_size": [2, 0.5]},
								"south": {"uv": [54, 10], "uv_size": [2, 0.5]},
								"west": {"uv": [54, 11], "uv_size": [2, 0.5]},
								"up": {"uv": [44, 19], "uv_size": [2, 2]},
								"down": {"uv": [21, 46], "uv_size": [2, -2]}
							}
						}
					]
				},
				{
					"name": "bone122",
					"parent": "neck_fore",
					"pivot": [0, 5.60938, -22],
					"rotation": [0, 0, 45],
					"cubes": [
						{
							"origin": [-0.41765, 5.19516, -20.9629],
							"size": [2, 0.82843, 1.8125],
							"pivot": [0, 5.60938, -22],
							"rotation": [0, -41.5, 0],
							"uv": {
								"north": {"uv": [17, 50], "uv_size": [2, 1]},
								"east": {"uv": [50, 17], "uv_size": [2, 1]},
								"south": {"uv": [50, 18], "uv_size": [2, 1]},
								"west": {"uv": [19, 50], "uv_size": [2, 1]},
								"up": {"uv": [44, 21], "uv_size": [2, 2]},
								"down": {"uv": [44, 25], "uv_size": [2, -2]}
							}
						},
						{
							"origin": [-0.41765, 5.22562, -20.89516],
							"size": [2, 0.51598, 1.81949],
							"pivot": [0, 5.60938, -22],
							"rotation": [15, -41.5, 0],
							"uv": {
								"north": {"uv": [54, 12], "uv_size": [2, 0.5]},
								"east": {"uv": [54, 13], "uv_size": [2, 0.5]},
								"south": {"uv": [22, 54], "uv_size": [2, 0.5]},
								"west": {"uv": [24, 54], "uv_size": [2, 0.5]},
								"up": {"uv": [26, 44], "uv_size": [2, 2]},
								"down": {"uv": [44, 29], "uv_size": [2, -2]}
							}
						},
						{
							"origin": [-1, 5.19516, -21.5],
							"size": [2, 0.5489, 1.82125],
							"pivot": [-1, 5.19516, -21.5],
							"rotation": [-15.25, -41.5, 0],
							"uv": {
								"north": {"uv": [54, 25], "uv_size": [2, 0.5]},
								"east": {"uv": [31, 54], "uv_size": [2, 0.5]},
								"south": {"uv": [34, 54], "uv_size": [2, 0.5]},
								"west": {"uv": [54, 34], "uv_size": [2, 0.5]},
								"up": {"uv": [44, 29], "uv_size": [2, 2]},
								"down": {"uv": [30, 46], "uv_size": [2, -2]}
							}
						}
					]
				},
				{
					"name": "bone123",
					"parent": "neck_fore",
					"pivot": [0, 5.60938, -22],
					"cubes": [
						{
							"origin": [-1, 5.50761, -21.5],
							"size": [2, 0.51598, 1.81949],
							"pivot": [-1, 6.00766, -21.5],
							"rotation": [15.5, -41.5, 0],
							"uv": {
								"north": {"uv": [54, 35], "uv_size": [2, 0.5]},
								"east": {"uv": [36, 54], "uv_size": [2, 0.5]},
								"south": {"uv": [38, 54], "uv_size": [2, 0.5]},
								"west": {"uv": [54, 38], "uv_size": [2, 0.5]},
								"up": {"uv": [44, 31], "uv_size": [2, 2]},
								"down": {"uv": [32, 46], "uv_size": [2, -2]}
							}
						},
						{
							"origin": [-1, 5.19516, -21.5],
							"size": [2, 0.82843, 1.8125],
							"pivot": [-1, 5.19516, -21.5],
							"rotation": [0, -41.5, 0],
							"uv": {
								"north": {"uv": [50, 19], "uv_size": [2, 1]},
								"east": {"uv": [50, 20], "uv_size": [2, 1]},
								"south": {"uv": [21, 50], "uv_size": [2, 1]},
								"west": {"uv": [50, 21], "uv_size": [2, 1]},
								"up": {"uv": [44, 33], "uv_size": [2, 2]},
								"down": {"uv": [34, 46], "uv_size": [2, -2]}
							}
						},
						{
							"origin": [-0.42708, 5.47504, -20.88634],
							"size": [2, 0.5489, 1.82125],
							"pivot": [-0.00969, 5.64018, -21.98943],
							"rotation": [-15.25, -41.5, 0],
							"uv": {
								"north": {"uv": [54, 39], "uv_size": [2, 0.5]},
								"east": {"uv": [40, 54], "uv_size": [2, 0.5]},
								"south": {"uv": [42, 54], "uv_size": [2, 0.5]},
								"west": {"uv": [44, 54], "uv_size": [2, 0.5]},
								"up": {"uv": [44, 35], "uv_size": [2, 2]},
								"down": {"uv": [36, 46], "uv_size": [2, -2]}
							}
						}
					]
				},
				{
					"name": "bone124",
					"parent": "neck_fore",
					"pivot": [0, 5.60938, -22],
					"rotation": [0, 0, 135],
					"cubes": [
						{
							"origin": [-1, 5.50761, -21.5],
							"size": [2, 0.51598, 1.81949],
							"pivot": [-1, 6.00766, -21.5],
							"rotation": [15.25, -41.5, 0],
							"uv": {
								"north": {"uv": [54, 44], "uv_size": [2, 0.5]},
								"east": {"uv": [54, 45], "uv_size": [2, 0.5]},
								"south": {"uv": [46, 54], "uv_size": [2, 0.5]},
								"west": {"uv": [48, 54], "uv_size": [2, 0.5]},
								"up": {"uv": [38, 44], "uv_size": [2, 2]},
								"down": {"uv": [40, 46], "uv_size": [2, -2]}
							}
						},
						{
							"origin": [-1, 5.19516, -21.5],
							"size": [2, 0.82843, 1.8125],
							"pivot": [-1, 5.19516, -21.5],
							"rotation": [0, -41.5, 0],
							"uv": {
								"north": {"uv": [50, 22], "uv_size": [2, 1]},
								"east": {"uv": [23, 50], "uv_size": [2, 1]},
								"south": {"uv": [50, 23], "uv_size": [2, 1]},
								"west": {"uv": [50, 26], "uv_size": [2, 1]},
								"up": {"uv": [42, 44], "uv_size": [2, 2]},
								"down": {"uv": [44, 46], "uv_size": [2, -2]}
							}
						},
						{
							"origin": [-0.42708, 5.47504, -20.88634],
							"size": [2, 0.5489, 1.82125],
							"pivot": [-0.00969, 5.64018, -21.98943],
							"rotation": [-15.25, -41.5, 0],
							"uv": {
								"north": {"uv": [50, 54], "uv_size": [2, 0.5]},
								"east": {"uv": [54, 51], "uv_size": [2, 0.5]},
								"south": {"uv": [52, 54], "uv_size": [2, 0.5]},
								"west": {"uv": [54, 52], "uv_size": [2, 0.5]},
								"up": {"uv": [0, 45], "uv_size": [2, 2]},
								"down": {"uv": [45, 2], "uv_size": [2, -2]}
							}
						}
					]
				},
				{
					"name": "bone125",
					"parent": "neck_fore",
					"pivot": [0, 5.60938, -22],
					"rotation": [0, 0, -180],
					"cubes": [
						{
							"origin": [-1, 5.50761, -21.5],
							"size": [2, 0.51598, 1.81949],
							"pivot": [-1, 6.00766, -21.5],
							"rotation": [15.25, -41.5, 0],
							"uv": {
								"north": {"uv": [54, 54], "uv_size": [2, 0.5]},
								"east": {"uv": [0, 55], "uv_size": [2, 0.5]},
								"south": {"uv": [2, 55], "uv_size": [2, 0.5]},
								"west": {"uv": [55, 2], "uv_size": [2, 0.5]},
								"up": {"uv": [2, 45], "uv_size": [2, 2]},
								"down": {"uv": [45, 4], "uv_size": [2, -2]}
							}
						},
						{
							"origin": [-1, 5.19516, -21.5],
							"size": [2, 0.82843, 1.8125],
							"pivot": [-1, 5.19516, -21.5],
							"rotation": [0, -41.5, 0],
							"uv": {
								"north": {"uv": [50, 27], "uv_size": [2, 1]},
								"east": {"uv": [50, 28], "uv_size": [2, 1]},
								"south": {"uv": [50, 29], "uv_size": [2, 1]},
								"west": {"uv": [50, 30], "uv_size": [2, 1]},
								"up": {"uv": [4, 45], "uv_size": [2, 2]},
								"down": {"uv": [45, 42], "uv_size": [2, -2]}
							}
						},
						{
							"origin": [-0.42708, 5.47504, -20.88634],
							"size": [2, 0.5489, 1.82125],
							"pivot": [-0.00969, 5.64018, -21.98943],
							"rotation": [-15.25, -41.5, 0],
							"uv": {
								"north": {"uv": [55, 3], "uv_size": [2, 0.5]},
								"east": {"uv": [4, 55], "uv_size": [2, 0.5]},
								"south": {"uv": [55, 5], "uv_size": [2, 0.5]},
								"west": {"uv": [6, 55], "uv_size": [2, 0.5]},
								"up": {"uv": [45, 42], "uv_size": [2, 2]},
								"down": {"uv": [6, 48], "uv_size": [2, -2]}
							}
						}
					]
				},
				{
					"name": "bone126",
					"parent": "neck_fore",
					"pivot": [0, 5.60938, -22],
					"rotation": [0, 0, -90],
					"cubes": [
						{
							"origin": [-1, 5.50761, -21.5],
							"size": [2, 0.51598, 1.81949],
							"pivot": [-1, 6.00766, -21.5],
							"rotation": [15.25, -41.5, 0],
							"uv": {
								"north": {"uv": [55, 6], "uv_size": [2, 0.5]},
								"east": {"uv": [55, 7], "uv_size": [2, 0.5]},
								"south": {"uv": [8, 55], "uv_size": [2, 0.5]},
								"west": {"uv": [55, 8], "uv_size": [2, 0.5]},
								"up": {"uv": [8, 46], "uv_size": [2, 2]},
								"down": {"uv": [10, 48], "uv_size": [2, -2]}
							}
						},
						{
							"origin": [-1, 5.19516, -21.5],
							"size": [2, 0.82843, 1.8125],
							"pivot": [-1, 5.19516, -21.5],
							"rotation": [0, -41.5, 0],
							"uv": {
								"north": {"uv": [50, 40], "uv_size": [2, 1]},
								"east": {"uv": [50, 41], "uv_size": [2, 1]},
								"south": {"uv": [50, 42], "uv_size": [2, 1]},
								"west": {"uv": [46, 50], "uv_size": [2, 1]},
								"up": {"uv": [12, 46], "uv_size": [2, 2]},
								"down": {"uv": [14, 48], "uv_size": [2, -2]}
							}
						},
						{
							"origin": [-0.42708, 5.47504, -20.88634],
							"size": [2, 0.5489, 1.82125],
							"pivot": [-0.00969, 5.64018, -21.98943],
							"rotation": [-15.25, -41.5, 0],
							"uv": {
								"north": {"uv": [10, 55], "uv_size": [2, 0.5]},
								"east": {"uv": [12, 55], "uv_size": [2, 0.5]},
								"south": {"uv": [14, 55], "uv_size": [2, 0.5]},
								"west": {"uv": [55, 14], "uv_size": [2, 0.5]},
								"up": {"uv": [16, 46], "uv_size": [2, 2]},
								"down": {"uv": [18, 48], "uv_size": [2, -2]}
							}
						}
					]
				},
				{
					"name": "bone127",
					"parent": "neck_fore",
					"pivot": [0, 5.60938, -22],
					"rotation": [0, 0, -45],
					"cubes": [
						{
							"origin": [-1, 5.50761, -21.5],
							"size": [2, 0.51598, 1.81949],
							"pivot": [-1, 6.00766, -21.5],
							"rotation": [15.25, -41.5, 0],
							"uv": {
								"north": {"uv": [55, 15], "uv_size": [2, 0.5]},
								"east": {"uv": [16, 55], "uv_size": [2, 0.5]},
								"south": {"uv": [55, 16], "uv_size": [2, 0.5]},
								"west": {"uv": [55, 17], "uv_size": [2, 0.5]},
								"up": {"uv": [46, 19], "uv_size": [2, 2]},
								"down": {"uv": [20, 48], "uv_size": [2, -2]}
							}
						},
						{
							"origin": [-1, 5.19516, -21.5],
							"size": [2, 0.82843, 1.8125],
							"pivot": [-1, 5.19516, -21.5],
							"rotation": [0, -41.5, 0],
							"uv": {
								"north": {"uv": [50, 47], "uv_size": [2, 1]},
								"east": {"uv": [50, 48], "uv_size": [2, 1]},
								"south": {"uv": [50, 49], "uv_size": [2, 1]},
								"west": {"uv": [50, 50], "uv_size": [2, 1]},
								"up": {"uv": [46, 21], "uv_size": [2, 2]},
								"down": {"uv": [22, 48], "uv_size": [2, -2]}
							}
						},
						{
							"origin": [-0.42708, 5.47504, -20.88634],
							"size": [2, 0.5489, 1.82125],
							"pivot": [-0.00969, 5.64018, -21.98943],
							"rotation": [-15.25, -41.5, 0],
							"uv": {
								"north": {"uv": [18, 55], "uv_size": [2, 0.5]},
								"east": {"uv": [55, 18], "uv_size": [2, 0.5]},
								"south": {"uv": [55, 19], "uv_size": [2, 0.5]},
								"west": {"uv": [20, 55], "uv_size": [2, 0.5]},
								"up": {"uv": [46, 23], "uv_size": [2, 2]},
								"down": {"uv": [26, 48], "uv_size": [2, -2]}
							}
						}
					]
				},
				{
					"name": "bone128",
					"parent": "neck_fore",
					"pivot": [0, 5.60938, -22],
					"rotation": [0, 0, -135],
					"cubes": [
						{
							"origin": [-1, 5.50761, -21.5],
							"size": [2, 0.51598, 1.81949],
							"pivot": [-1, 6.00766, -21.5],
							"rotation": [15.25, -41.5, 0],
							"uv": {
								"north": {"uv": [55, 20], "uv_size": [2, 0.5]},
								"east": {"uv": [55, 21], "uv_size": [2, 0.5]},
								"south": {"uv": [22, 55], "uv_size": [2, 0.5]},
								"west": {"uv": [55, 22], "uv_size": [2, 0.5]},
								"up": {"uv": [46, 27], "uv_size": [2, 2]},
								"down": {"uv": [46, 31], "uv_size": [2, -2]}
							}
						},
						{
							"origin": [-1, 5.19516, -21.5],
							"size": [2, 0.82843, 1.8125],
							"pivot": [-1, 5.19516, -21.5],
							"rotation": [0, -41.5, 0],
							"uv": {
								"north": {"uv": [51, 10], "uv_size": [2, 1]},
								"east": {"uv": [51, 11], "uv_size": [2, 1]},
								"south": {"uv": [51, 12], "uv_size": [2, 1]},
								"west": {"uv": [51, 13], "uv_size": [2, 1]},
								"up": {"uv": [30, 46], "uv_size": [2, 2]},
								"down": {"uv": [46, 33], "uv_size": [2, -2]}
							}
						},
						{
							"origin": [-0.42708, 5.47504, -20.88634],
							"size": [2, 0.5489, 1.82125],
							"pivot": [-0.00969, 5.64018, -21.98943],
							"rotation": [-15.25, -41.5, 0],
							"uv": {
								"north": {"uv": [55, 23], "uv_size": [2, 0.5]},
								"east": {"uv": [24, 55], "uv_size": [2, 0.5]},
								"south": {"uv": [55, 24], "uv_size": [2, 0.5]},
								"west": {"uv": [26, 55], "uv_size": [2, 0.5]},
								"up": {"uv": [32, 46], "uv_size": [2, 2]},
								"down": {"uv": [46, 35], "uv_size": [2, -2]}
							}
						}
					]
				}
			]
		}
	]
}