{
  "materials": [
    {
      "item": {
        "tag": "forge:ingots/iron"
      },
      "count": 8
    },
    {
      "item": {
        "tag": "forge:dusts/redstone"
      },
      "count": 10
    },
    {
      "item": {
        "tag": "forge:glass"
      },
      "count": 2
    },
    {
      "item": {
        "tag": "forge:gems/prismarine"
      },
      "count": 3
    }
  ],
  "result": {
    "type": "attachment",
    "id": "converted:astra_optic"
  },
  "type": "tacz:gun_smith_table_crafting"
}