{
  "materials": [
    {
      "item": {
        "type": "forge:partial_nbt",
        "item": "tacz:ammo",
        "nbt": {
          "AmmoId": "converted:enduring_victory_pt"
        }
      },
      "count": 3
    },
    {
      "item": {
        "type": "forge:partial_nbt",
        "item": "tacz:attachment",
        "nbt": {
          "AttachmentId": "tacz:sight_exp3"
        },
        "count": 1
      }
    }
  ],
  "result": {
    "type": "attachment",
    "id": "converted:exp3_sap"
  },
  "type": "tacz:gun_smith_table_crafting"
}