{
  "materials": [
    {
      "item": {
        "type": "forge:partial_nbt",
        "item": "tacz:ammo",
        "nbt": {
          "AmmoId": "converted:enduring_victory_pt"
        }
      },
      "count": 6
    },
    {
      "item": {
        "type": "forge:partial_nbt",
        "item": "tacz:attachment",
        "nbt": {
          "AttachmentId": "tacz:oem_stock_heavy"
        },
        "count": 1
      }
    }
  ],
  "result": {
    "type": "attachment",
    "id": "converted:stock_416sap_heavy"
  },
  "type": "tacz:gun_smith_table_crafting"
}