{
  "materials": [
    {
      "item": {
        "tag": "forge:ingots/gold"
      },
      "count": 16
    },
    {
      "item": {
        "tag": "forge:ingots/iron"
      },
      "count": 96
    },
    {
      "item": {
        "tag": "forge:gems/diamond"
      },
      "count": 2
    },
    {
      "item": {
        "tag": "forge:rods/blaze"
      },
      "count": 5
    },
    {
      "item": {
        "tag": "forge:dyes/green"
      },
      "count": 4
    }
  ],
  "result": {
    "type": "gun",
    "id": "converted:f4n9"
  },
  "type": "tacz:gun_smith_table_crafting"
}