{
  "materials": [
    {
      "item": {
        "type": "forge:partial_nbt",
        "item": "tacz:ammo",
        "nbt": {
          "AmmoId": "converted:enduring_victory_pt"
        }
      },
      "count": 60
    },
    {
      "item": {
        "tag": "forge:ingots/iron"
      },
      "count": 96
    },
    {
      "item": {
        "tag": "forge:gems/diamond"
      },
      "count": 20
    },
    {
      "item": {
        "tag": "forge:rods/blaze"
      },
      "count": 10
    },
    {
      "item": {
        "type": "forge:partial_nbt",
        "item": "tacz:modern_kinetic_gun",
        "nbt": {
          "GunId": "tacz:hk_g3"
        }
      },
      "count": 1
    }
  ],
  "result": {
    "type": "gun",
    "id": "converted:g3_bp"
  },
  "type": "tacz:gun_smith_table_crafting"
}