{
  "materials": [
    {
      "item": {
        "type": "forge:partial_nbt",
        "item": "tacz:ammo",
        "nbt": {
          "AmmoId": "converted:enduring_victory_pt"
        }
      },
      "count": 15
    },
    {
      "item": {
        "type": "forge:partial_nbt",
        "item": "tacz:modern_kinetic_gun",
        "nbt": {
          "GunId": "tacz:glock_17"
        }
      },
      "count": 1
    }
  ],
  "result": {
    "type": "gun",
    "id": "converted:glock_17_sap"
  },
  "type": "tacz:gun_smith_table_crafting"
}