{
  "materials": [
    {
      "item": {
        "type": "forge:partial_nbt",
        "item": "tacz:ammo",
        "nbt": {
          "AmmoId": "converted:enduring_victory_pt"
        }
      },
      "count": 35
    },
    {
      "item": {
        "tag": "forge:ingots/iron"
      },
      "count": 64
    },
    {
      "item": {
        "tag": "forge:gems/diamond"
      },
      "count": 10
    },
    {
      "item": {
        "tag": "forge:rods/blaze"
      },
      "count": 8
    },
    {
      "item": {
        "type": "forge:partial_nbt",
        "item": "tacz:modern_kinetic_gun",
        "nbt": {
          "GunId": "tacz:hk_g3"
        }
      },
      "count": 1
    }
  ],
  "result": {
    "type": "gun",
    "id": "converted:mc51"
  },
  "type": "tacz:gun_smith_table_crafting"
}