{
  "materials": [
    {
      "item": {
        "type": "forge:partial_nbt",
        "item": "tacz:ammo",
        "nbt": {
          "AmmoId": "converted:enduring_victory_pt"
        }
      },
      "count": 20
    },
    {
      "item": {
        "type": "forge:partial_nbt",
        "item": "tacz:modern_kinetic_gun",
        "nbt": {
          "GunId": "tacz:mk14"
        }
      },
      "count": 1
    }
  ],
  "result": {
    "type": "gun",
    "id": "converted:mk14cr"
  },
  "type": "tacz:gun_smith_table_crafting"
}