{
  "materials": [
    {
      "item": {
        "tag": "forge:ingots/gold"
      },
      "count": 144
    },
    {
      "item": {
        "tag": "forge:ingots/iron"
      },
      "count": 576
    },
    {
      "item": {
        "tag": "forge:ingots/netherite"
      },
      "count": 4
    },
    {
      "item": {
        "tag": "forge:ingots/copper"
      },
      "count": 576
    },
    {
      "item": {
        "tag": "forge:gems/diamond"
      },
      "count": 32
    },
    {
      "item": {
        "tag": "forge:nether_stars"
      },
      "count": 8
    },
    {
      "item": {
        "tag": "forge:dusts/redstone"
      },
      "count": 128
    },
    {
      "item": {
        "tag": "forge:glass"
      },
      "count": 16
    },
    {
      "item": {
        "tag": "forge:gems/amethyst"
      },
      "count": 16
    }
  ],
  "result": {
    "type": "gun",
    "id": "converted:s7snpr"
  },
  "type": "tacz:gun_smith_table_crafting"
}