{
    "providers": [
        {
            "type": "bitmap",
            "file": "minecraft:font/nan2uu.png",
            "height": 8,
            "ascent": 8,
            "chars": [
                "\ue300\ue301\ue302\ue303\ue304\ue305\ue306\ue307\ue308\ue309\ue30A\ue30B\ue30C\ue30D"
            ]
        },
        {
            "type": "bitmap",
            "file": "minecraft:font/nan2uu_x.png",
            "ascent": 7,
            "chars": [
                "\ue310\ue311\ue312\ue313\ue314\ue315\ue316\ue317\ue318\ue319\ue31a\ue31b\ue31c\ue31d"
            ]
        },
        {
            "type": "bitmap",
            "file": "minecraft:font/nan2uu_d.png",
            "height": 7,
            "ascent": 7,
            "chars": [
                "\ue30f"
            ]
        },
        {
            "type": "bitmap",
            "file": "minecraft:font/nan2uu_sw.png",
            "height": 9,
            "ascent": 7.5,
            "chars": [
                "\ue31e\ue31f\ue320\ue321\ue322"
            ]
        },
        {
            "type": "bitmap",
            "file": "minecraft:font/end_chest_gui.png",
            "height": 72,
            "ascent": 13,
            "chars": [
                "\ue323"
            ]
        },
        {   
            "type":"bitmap",
            "file":"font/suojin.png",
            "height":-10,
            "ascent":-77777,
            "chars":[
                "\ue30e"
            ]
        },
        {
            "type": "bitmap",
            "file": "minecraft:font/tushuguanliyuan.png",
            "height": 238,
            "ascent": 49,
            "chars": [
                "\ue324"
            ]
        },
        {
            "type": "bitmap",
            "file": "minecraft:font/nongmin.png",
            "height": 184,
            "ascent": 22,
            "chars": [
                "\ue325"
            ]
        },
        {
            "type": "bitmap",
            "file": "minecraft:font/tufu.png",
            "height": 184,
            "ascent": 4,
            "chars": [
                "\ue326"
            ]
        },
        {
            "type": "bitmap",
            "file": "minecraft:font/yufu.png",
            "height": 184,
            "ascent": 10,
            "chars": [
                "\ue327"
            ]
        },
        {
            "type": "bitmap",
            "file": "minecraft:font/kuijiajiang.png",
            "height": 232,
            "ascent": 46,
            "chars": [
                "\ue328"
            ]
        },
        {
            "type": "bitmap",
            "file": "minecraft:font/gongjujiang.png",
            "height": 208,
            "ascent": 34,
            "chars": [
                "\ue329"
            ]
        },
        {
            "type": "bitmap",
            "file": "minecraft:font/muyangren.png",
            "height": 172,
            "ascent": 15,
            "chars": [
                "\ue32a"
            ]
        },
        {
            "type": "bitmap",
            "file": "minecraft:font/pijiang.png",
            "height": 160,
            "ascent": 10,
            "chars": [
                "\ue32b"
            ]
        },
        {
            "type": "bitmap",
            "file": "minecraft:font/mushi.png",
            "height": 148,
            "ascent": 4,
            "chars": [
                "\ue32c"
            ]
        },
        {
            "type": "bitmap",
            "file": "minecraft:font/zhitushi.png",
            "height": 136,
            "ascent": -2,
            "chars": [
                "\ue32d"
            ]
        },
        {
            "type": "bitmap",
            "file": "minecraft:font/zhijianshi.png",
            "height": 148,
            "ascent": 4,
            "chars": [
                "\ue32e"
            ]
        },
        {
            "type": "bitmap",
            "file": "minecraft:font/shijiang.png",
            "height": 208,
            "ascent": 34,
            "chars": [
                "\ue32f"
            ]
        },
        {
            "type": "bitmap",
            "file": "minecraft:font/wuqijiang.png",
            "height": 124,
            "ascent": -8,
            "chars": [
                "\ue330"
            ]
        },
        {
            "type": "bitmap",
            "file": "minecraft:font/liulangshangren.png",
            "height": 174,
            "ascent": 17,
            "chars": [
                "\ue331"
            ]
        },
        {
            "type": "bitmap",
            "file": "minecraft:font/chxx_jiaju.png",
            "height": 92,
            "ascent": 20,
            "chars": [
                "\ue332"
            ]
        },
        {
            "type": "bitmap",
            "file": "minecraft:font/chxs_keranse.png",
            "height": 32,
            "ascent": 19,
            "chars": [
                "\ue333"
            ]
        }
    ]    
}