{
	"format_version": "1.12.0",
	"minecraft:geometry": [
		{
			"description": {
				"identifier": "geometry.unknown",
				"texture_width": 128,
				"texture_height": 128,
				"visible_bounds_width": 4,
				"visible_bounds_height": 1.5,
				"visible_bounds_offset": [0, 0.25, 0]
			},
			"bones": [
				{
					"name": "scope_body",
					"pivot": [0, 0, 0],
					"cubes": [
						{
							"origin": [-0.75, 0, -4.5],
							"size": [1.5, 0.125, 4.5],
							"uv": {
								"north": {"uv": [13, 13], "uv_size": [1.5, 0.5]},
								"south": {"uv": [0, 14], "uv_size": [1.5, 0.5]},
								"west": {"uv": [5, 4], "uv_size": [4.5, 0.5]},
								"down": {"uv": [0, 4.5], "uv_size": [1.5, -4.5]}
							}
						},
						{
							"origin": [-0.875, 0.125, -4.5],
							"size": [1.75, 0.6875, 2.25],
							"uv": {
								"north": {"uv": [10, 9], "uv_size": [2, 0.5]},
								"east": {"uv": [10, 3], "uv_size": [2.5, 0.5]},
								"south": {"uv": [5, 11], "uv_size": [2, 0.5]},
								"west": {"uv": [10, 4], "uv_size": [2.5, 0.5]},
								"up": {"uv": [2, 0], "uv_size": [2, 2.5]}
							}
						},
						{
							"origin": [-0.75, 0.6875, -4.5],
							"size": [0.25, 0.125, 2.25],
							"pivot": [-0.625, 1.0625, -3.375],
							"rotation": [0, 0, 45],
							"uv": {
								"north": {"uv": [22, 12], "uv_size": [0.5, 0.5]},
								"south": {"uv": [13, 22], "uv_size": [0.5, 0.5]},
								"up": {"uv": [1, 11], "uv_size": [0.5, 2.5]}
							}
						},
						{
							"origin": [0.5, 0.6875, -4.5],
							"size": [0.25, 0.125, 2.25],
							"pivot": [0.625, 1.0625, -3.375],
							"rotation": [0, 0, -45],
							"uv": {
								"north": {"uv": [22, 13], "uv_size": [0.5, 0.5]},
								"south": {"uv": [14, 22], "uv_size": [0.5, 0.5]},
								"up": {"uv": [2, 11], "uv_size": [0.5, 2.5]}
							}
						},
						{
							"origin": [-0.875, 0.8125, -4.25],
							"size": [1.75, 0.0625, 1.75],
							"uv": {
								"north": {"uv": [13, 4], "uv_size": [2, 0.5]},
								"south": {"uv": [13, 5], "uv_size": [2, 0.5]},
								"up": {"uv": [2, 3], "uv_size": [2, 2]}
							}
						},
						{
							"origin": [-0.78125, 0.82813, -4.25],
							"size": [0.1875, 0.0625, 1.75],
							"pivot": [-0.6875, 1, -3.375],
							"rotation": [0, 0, 45],
							"uv": {
								"north": {"uv": [3, 20], "uv_size": [0.5, 0.5]},
								"south": {"uv": [20, 3], "uv_size": [0.5, 0.5]},
								"up": {"uv": [4, 13], "uv_size": [0.5, 2]}
							}
						},
						{
							"origin": [0.59375, 0.82813, -4.25],
							"size": [0.1875, 0.0625, 1.75],
							"pivot": [0.6875, 1, -3.375],
							"rotation": [0, 0, -45],
							"uv": {
								"north": {"uv": [4, 20], "uv_size": [0.5, 0.5]},
								"south": {"uv": [20, 4], "uv_size": [0.5, 0.5]},
								"up": {"uv": [13, 7], "uv_size": [0.5, 2]}
							}
						},
						{
							"origin": [0.74952, 0.23911, -4],
							"size": [0.1875, 0.5, 1.25],
							"pivot": [0.81202, -0.26089, -3.875],
							"rotation": [0, 0, 5],
							"uv": {
								"west": {"uv": [14, 1], "uv_size": [1.5, 0.5]},
								"up": {"uv": [2, 14], "uv_size": [0.5, 1.5]},
								"down": {"uv": [14, 3.5], "uv_size": [0.5, -1.5]}
							}
						},
						{
							"origin": [0.939, 0.23911, -3.875],
							"size": [0, 0.5, 1],
							"pivot": [0.81202, -0.26089, -3.75],
							"rotation": [0, 0, 5],
							"uv": {
								"west": {"uv": [64, 0], "uv_size": [64, 32]}
							}
						},
						{
							"origin": [0.74952, 0.73911, -4],
							"size": [0.125, 0.875, 1.25],
							"pivot": [0.81202, -0.26089, -3.875],
							"rotation": [0, 0, 5],
							"uv": {
								"east": {"uv": [8, 8], "uv_size": [1.5, 1]},
								"west": {"uv": [9, 2], "uv_size": [1.5, 1]}
							}
						},
						{
							"origin": [0.7515, 0.86411, -3.875],
							"size": [0.125, 0.51563, 1],
							"pivot": [0.81202, -0.26089, -4],
							"rotation": [0, 0, 5],
							"uv": {
								"west": {"uv": [0, 61.5], "uv_size": [128, 66.5]}
							}
						},
						{
							"origin": [-0.93702, -0.26089, -4],
							"size": [0.1875, 1, 1.25],
							"pivot": [-0.81202, -0.26089, -3.875],
							"rotation": [0, 0, -5],
							"uv": {
								"east": {"uv": [8, 7], "uv_size": [1.5, 1]},
								"up": {"uv": [5, 14], "uv_size": [0.5, 1.5]},
								"down": {"uv": [6, 15.5], "uv_size": [0.5, -1.5]}
							}
						},
						{
							"origin": [0.91247, 1.59608, -4.5],
							"size": [0.1875, 0.625, 0.5],
							"pivot": [1.09997, 1.59608, -3.375],
							"rotation": [0, 0, -25],
							"uv": {
								"north": {"uv": [17, 12], "uv_size": [0.5, 0.5]},
								"east": {"uv": [13, 17], "uv_size": [0.5, 0.5]},
								"south": {"uv": [17, 13], "uv_size": [0.5, 0.5]},
								"west": {"uv": [14, 17], "uv_size": [0.5, 0.5]}
							}
						},
						{
							"origin": [0.9127, 1.60152, -4],
							"size": [0.125, 0.53782, 1.25],
							"pivot": [1.0377, 1.60152, -3.375],
							"rotation": [0, 0, -22.04634],
							"uv": {
								"west": {"uv": [7, 14], "uv_size": [1.5, 0.5]}
							}
						},
						{
							"origin": [-1.0377, 1.60152, -4],
							"size": [0.125, 0.53782, 1.25],
							"pivot": [-1.0377, 1.60152, -3.375],
							"rotation": [0, 0, 22.04634],
							"uv": {
								"east": {"uv": [14, 9], "uv_size": [1.5, 0.5]}
							}
						},
						{
							"origin": [-0.87452, 0.73911, -4],
							"size": [0.125, 0.875, 1.25],
							"pivot": [-0.81202, -0.26089, -3.875],
							"rotation": [0, 0, -5],
							"uv": {
								"east": {"uv": [6, 9], "uv_size": [1.5, 1]},
								"west": {"uv": [8, 9], "uv_size": [1.5, 1]}
							}
						},
						{
							"origin": [-0.8765, 0.73911, -3.875],
							"size": [0.125, 0.375, 1],
							"pivot": [-0.81202, -0.26089, -3.875],
							"rotation": [0, 0, -5],
							"uv": {
								"east": {"uv": [64, 32.5], "uv_size": [64, 24]}
							}
						},
						{
							"origin": [-0.81202, 0.73911, -4.25],
							"size": [0.125, 0.875, 1.75],
							"pivot": [-0.81202, -0.26089, -3.875],
							"rotation": [0, 0, -5],
							"uv": {
								"north": {"uv": [16, 13], "uv_size": [0.5, 1]},
								"south": {"uv": [14, 16], "uv_size": [0.5, 1]},
								"west": {"uv": [6, 6], "uv_size": [2, 1]}
							}
						},
						{
							"origin": [0.68702, 0.73911, -4.25],
							"size": [0.125, 0.875, 1.75],
							"pivot": [0.81202, -0.26089, -3.875],
							"rotation": [0, 0, 5],
							"uv": {
								"north": {"uv": [16, 14], "uv_size": [0.5, 1]},
								"east": {"uv": [6, 7], "uv_size": [2, 1]},
								"south": {"uv": [15, 16], "uv_size": [0.5, 1]}
							}
						},
						{
							"origin": [0.74952, -0.26089, -4.5],
							"size": [0.1875, 1.875, 0.5],
							"pivot": [0.81202, -0.26089, -3.375],
							"rotation": [0, 0, 5],
							"uv": {
								"north": {"uv": [7, 11], "uv_size": [0.5, 2]},
								"east": {"uv": [11, 7], "uv_size": [0.5, 2]},
								"south": {"uv": [8, 11], "uv_size": [0.5, 2]},
								"west": {"uv": [9, 11], "uv_size": [0.5, 2]},
								"down": {"uv": [12, 17.5], "uv_size": [0.5, -0.5]}
							}
						},
						{
							"origin": [0.80233, -0.07979, -4.25],
							"size": [0.1875, 0.125, 0.125],
							"pivot": [0.89608, -0.01729, -4.1875],
							"rotation": [45, 0, 5],
							"uv": {
								"north": {"uv": [5, 20], "uv_size": [0.5, 0.5]},
								"south": {"uv": [20, 5], "uv_size": [0.5, 0.5]},
								"west": {"uv": [6, 20], "uv_size": [0.5, 0.5]},
								"up": {"uv": [20, 6], "uv_size": [0.5, 0.5]},
								"down": {"uv": [7, 20.5], "uv_size": [0.5, -0.5]}
							}
						},
						{
							"origin": [0.80233, -0.07979, -2.625],
							"size": [0.1875, 0.125, 0.125],
							"pivot": [0.89608, -0.01729, -2.5625],
							"rotation": [45, 0, 5],
							"uv": {
								"north": {"uv": [20, 7], "uv_size": [0.5, 0.5]},
								"south": {"uv": [8, 20], "uv_size": [0.5, 0.5]},
								"west": {"uv": [20, 8], "uv_size": [0.5, 0.5]},
								"up": {"uv": [9, 20], "uv_size": [0.5, 0.5]},
								"down": {"uv": [20, 9.5], "uv_size": [0.5, -0.5]}
							}
						},
						{
							"origin": [0.77108, -0.07979, -0.375],
							"size": [0.125, 0.125, 0.125],
							"pivot": [0.80233, -0.01729, -0.3125],
							"rotation": [45, 0, 0],
							"uv": {
								"north": {"uv": [22, 2], "uv_size": [0.5, 0.5]},
								"south": {"uv": [3, 22], "uv_size": [0.5, 0.5]},
								"west": {"uv": [22, 3], "uv_size": [0.5, 0.5]},
								"up": {"uv": [4, 22], "uv_size": [0.5, 0.5]},
								"down": {"uv": [22, 4.5], "uv_size": [0.5, -0.5]}
							}
						},
						{
							"origin": [-0.89608, -0.07979, -0.375],
							"size": [0.125, 0.125, 0.125],
							"pivot": [-0.80233, -0.01729, -0.3125],
							"rotation": [45, 0, 0],
							"uv": {
								"north": {"uv": [5, 22], "uv_size": [0.5, 0.5]},
								"east": {"uv": [22, 5], "uv_size": [0.5, 0.5]},
								"south": {"uv": [6, 22], "uv_size": [0.5, 0.5]},
								"up": {"uv": [22, 6], "uv_size": [0.5, 0.5]},
								"down": {"uv": [7, 22.5], "uv_size": [0.5, -0.5]}
							}
						},
						{
							"origin": [0.77108, -0.07979, -1.375],
							"size": [0.125, 0.125, 0.125],
							"pivot": [0.80233, -0.01729, -1.3125],
							"rotation": [45, 0, 0],
							"uv": {
								"north": {"uv": [10, 22], "uv_size": [0.5, 0.5]},
								"south": {"uv": [22, 10], "uv_size": [0.5, 0.5]},
								"west": {"uv": [11, 22], "uv_size": [0.5, 0.5]},
								"up": {"uv": [22, 11], "uv_size": [0.5, 0.5]},
								"down": {"uv": [12, 22.5], "uv_size": [0.5, -0.5]}
							}
						},
						{
							"origin": [-0.89608, -0.07979, -1.375],
							"size": [0.125, 0.125, 0.125],
							"pivot": [-0.80233, -0.01729, -1.3125],
							"rotation": [45, 0, 0],
							"uv": {
								"north": {"uv": [22, 7], "uv_size": [0.5, 0.5]},
								"east": {"uv": [8, 22], "uv_size": [0.5, 0.5]},
								"south": {"uv": [22, 8], "uv_size": [0.5, 0.5]},
								"up": {"uv": [9, 22], "uv_size": [0.5, 0.5]},
								"down": {"uv": [22, 9.5], "uv_size": [0.5, -0.5]}
							}
						},
						{
							"origin": [-0.98983, -0.07979, -2.625],
							"size": [0.1875, 0.125, 0.125],
							"pivot": [-0.89608, -0.01729, -2.5625],
							"rotation": [45, 0, -5],
							"uv": {
								"north": {"uv": [20, 12], "uv_size": [0.5, 0.5]},
								"east": {"uv": [13, 20], "uv_size": [0.5, 0.5]},
								"south": {"uv": [20, 13], "uv_size": [0.5, 0.5]},
								"up": {"uv": [14, 20], "uv_size": [0.5, 0.5]},
								"down": {"uv": [20, 14.5], "uv_size": [0.5, -0.5]}
							}
						},
						{
							"origin": [-0.98983, -0.07979, -4.25],
							"size": [0.1875, 0.125, 0.125],
							"pivot": [-0.89608, -0.01729, -4.1875],
							"rotation": [45, 0, -5],
							"uv": {
								"north": {"uv": [10, 20], "uv_size": [0.5, 0.5]},
								"east": {"uv": [20, 10], "uv_size": [0.5, 0.5]},
								"south": {"uv": [11, 20], "uv_size": [0.5, 0.5]},
								"up": {"uv": [20, 11], "uv_size": [0.5, 0.5]},
								"down": {"uv": [12, 20.5], "uv_size": [0.5, -0.5]}
							}
						},
						{
							"origin": [0.74952, -0.26089, -4],
							"size": [0.1875, 0.5, 0.125],
							"pivot": [0.81202, -0.26089, -3.25],
							"rotation": [0, 0, 5],
							"uv": {
								"south": {"uv": [3, 19], "uv_size": [0.5, 0.5]},
								"west": {"uv": [19, 3], "uv_size": [0.5, 0.5]},
								"down": {"uv": [4, 19.5], "uv_size": [0.5, -0.5]}
							}
						},
						{
							"origin": [0.7811, -0.01505, -4.125],
							"size": [0.1875, 0.25, 0.25],
							"pivot": [0.87584, 0.10995, -3.75],
							"rotation": [-45, 0, 5],
							"uv": {
								"south": {"uv": [6, 19], "uv_size": [0.5, 0.5]},
								"west": {"uv": [19, 6], "uv_size": [0.5, 0.5]}
							}
						},
						{
							"origin": [0.7811, -0.01505, -2.875],
							"size": [0.1875, 0.25, 0.25],
							"pivot": [0.87584, 0.10995, -3],
							"rotation": [45, 0, 5],
							"uv": {
								"north": {"uv": [7, 19], "uv_size": [0.5, 0.5]},
								"west": {"uv": [19, 7], "uv_size": [0.5, 0.5]}
							}
						},
						{
							"origin": [0.74952, -0.26089, -2.875],
							"size": [0.1875, 0.5, 0.125],
							"pivot": [0.81202, -0.26089, -2.125],
							"rotation": [0, 0, 5],
							"uv": {
								"north": {"uv": [19, 4], "uv_size": [0.5, 0.5]},
								"west": {"uv": [5, 19], "uv_size": [0.5, 0.5]},
								"down": {"uv": [19, 5.5], "uv_size": [0.5, -0.5]}
							}
						},
						{
							"origin": [-1.09997, 1.59608, -4.5],
							"size": [0.1875, 0.625, 0.5],
							"pivot": [-1.09997, 1.59608, -3.375],
							"rotation": [0, 0, 25],
							"uv": {
								"north": {"uv": [15, 17], "uv_size": [0.5, 0.5]},
								"east": {"uv": [17, 15], "uv_size": [0.5, 0.5]},
								"south": {"uv": [16, 17], "uv_size": [0.5, 0.5]},
								"west": {"uv": [17, 16], "uv_size": [0.5, 0.5]}
							}
						},
						{
							"origin": [-1.03747, 1.59608, -4.25],
							"size": [0.1875, 0.625, 1.75],
							"pivot": [-1.09997, 1.59608, -3.375],
							"rotation": [0, 0, 25],
							"uv": {
								"north": {"uv": [1, 20], "uv_size": [0.5, 0.5]},
								"south": {"uv": [20, 1], "uv_size": [0.5, 0.5]},
								"west": {"uv": [13, 6], "uv_size": [2, 0.5]}
							}
						},
						{
							"origin": [0.84997, 1.59608, -4.25],
							"size": [0.1875, 0.625, 1.75],
							"pivot": [1.09997, 1.59608, -3.375],
							"rotation": [0, 0, -25],
							"uv": {
								"north": {"uv": [2, 20], "uv_size": [0.5, 0.5]},
								"east": {"uv": [7, 13], "uv_size": [2, 0.5]},
								"south": {"uv": [20, 2], "uv_size": [0.5, 0.5]}
							}
						},
						{
							"origin": [-0.91247, 1.59608, -4],
							"size": [0, 0.625, 1.25],
							"pivot": [-1.09997, 1.59608, -3.375],
							"rotation": [0, 0, 25],
							"uv": {
								"west": {"uv": [14, 10], "uv_size": [1.5, 0.5]}
							}
						},
						{
							"origin": [0.91247, 1.59608, -4],
							"size": [0, 0.625, 1.25],
							"pivot": [1.09997, 1.59608, -3.375],
							"rotation": [0, 0, -25],
							"uv": {
								"east": {"uv": [14, 14], "uv_size": [1.5, 0.5]}
							}
						},
						{
							"origin": [-0.83583, 1.97502, -4.5],
							"size": [0.25, 0.1875, 0.5],
							"uv": {
								"north": {"uv": [17, 17], "uv_size": [0.5, 0.5]},
								"south": {"uv": [0, 18], "uv_size": [0.5, 0.5]},
								"up": {"uv": [18, 0], "uv_size": [0.5, 0.5]},
								"down": {"uv": [1, 18.5], "uv_size": [0.5, -0.5]}
							}
						},
						{
							"origin": [-0.63122, 2.02807, -4.5],
							"size": [0.1875, 0.09375, 0.5],
							"pivot": [-0.50622, 2.02807, -4.25],
							"rotation": [0, 0, 22.5],
							"uv": {
								"north": {"uv": [18, 3], "uv_size": [0.5, 0.5]},
								"south": {"uv": [4, 18], "uv_size": [0.5, 0.5]},
								"up": {"uv": [18, 4], "uv_size": [0.5, 0.5]}
							}
						},
						{
							"origin": [0.44372, 2.02807, -4.5],
							"size": [0.1875, 0.09375, 0.5],
							"pivot": [0.50622, 2.02807, -4.25],
							"rotation": [0, 0, -22.5],
							"uv": {
								"north": {"uv": [5, 18], "uv_size": [0.5, 0.5]},
								"south": {"uv": [18, 5], "uv_size": [0.5, 0.5]},
								"up": {"uv": [6, 18], "uv_size": [0.5, 0.5]}
							}
						},
						{
							"origin": [-0.58583, 1.97502, -4.5],
							"size": [1.17166, 0.125, 0.5],
							"uv": {
								"north": {"uv": [15, 7], "uv_size": [1, 0.5]},
								"south": {"uv": [8, 15], "uv_size": [1, 0.5]},
								"up": {"uv": [15, 8], "uv_size": [1, 0.5]},
								"down": {"uv": [15, 11.5], "uv_size": [1, -0.5]}
							}
						},
						{
							"origin": [0.58583, 1.97502, -4.5],
							"size": [0.25, 0.1875, 0.5],
							"uv": {
								"north": {"uv": [18, 1], "uv_size": [0.5, 0.5]},
								"south": {"uv": [2, 18], "uv_size": [0.5, 0.5]},
								"up": {"uv": [18, 2], "uv_size": [0.5, 0.5]},
								"down": {"uv": [3, 18.5], "uv_size": [0.5, -0.5]}
							}
						},
						{
							"origin": [0.58583, 1.97502, -4],
							"size": [0.25, 0.125, 1.25],
							"uv": {
								"up": {"uv": [14, 7], "uv_size": [0.5, 1.5]},
								"down": {"uv": [9, 15.5], "uv_size": [0.5, -1.5]}
							}
						},
						{
							"origin": [0.43176, 1.93194, -4],
							"size": [0.1875, 0.125, 1.25],
							"pivot": [0.49426, 1.99444, -3.375],
							"rotation": [0, 0, -22.5],
							"uv": {
								"up": {"uv": [12, 14], "uv_size": [0.5, 1.5]}
							}
						},
						{
							"origin": [-0.61926, 1.93194, -4],
							"size": [0.1875, 0.125, 1.25],
							"pivot": [-0.49426, 1.99444, -3.375],
							"rotation": [0, 0, 22.5],
							"uv": {
								"up": {"uv": [13, 14], "uv_size": [0.5, 1.5]}
							}
						},
						{
							"origin": [-0.83583, 1.97502, -4],
							"size": [0.25, 0.125, 1.25],
							"uv": {
								"up": {"uv": [10, 14], "uv_size": [0.5, 1.5]},
								"down": {"uv": [11, 15.5], "uv_size": [0.5, -1.5]}
							}
						},
						{
							"origin": [-0.93702, -0.26089, -4.5],
							"size": [0.1875, 1.875, 0.5],
							"pivot": [-0.81202, -0.26089, -3.375],
							"rotation": [0, 0, -5],
							"uv": {
								"north": {"uv": [10, 11], "uv_size": [0.5, 2]},
								"east": {"uv": [11, 11], "uv_size": [0.5, 2]},
								"south": {"uv": [0, 12], "uv_size": [0.5, 2]},
								"west": {"uv": [12, 0], "uv_size": [0.5, 2]},
								"down": {"uv": [17, 14.5], "uv_size": [0.5, -0.5]}
							}
						},
						{
							"origin": [0.74952, -0.26089, -2.75],
							"size": [0.1875, 1.875, 0.5],
							"pivot": [0.81202, -0.26089, -1.625],
							"rotation": [0, 0, 5],
							"uv": {
								"north": {"uv": [12, 11], "uv_size": [0.5, 2]},
								"east": {"uv": [13, 0], "uv_size": [0.5, 2]},
								"south": {"uv": [13, 2], "uv_size": [0.5, 2]},
								"west": {"uv": [3, 13], "uv_size": [0.5, 2]},
								"down": {"uv": [18, 18.5], "uv_size": [0.5, -0.5]}
							}
						},
						{
							"origin": [0.91247, 1.59608, -2.75],
							"size": [0.1875, 0.625, 0.5],
							"pivot": [1.09997, 1.59608, -1.625],
							"rotation": [0, 0, -25],
							"uv": {
								"north": {"uv": [16, 18], "uv_size": [0.5, 0.5]},
								"east": {"uv": [18, 16], "uv_size": [0.5, 0.5]},
								"south": {"uv": [17, 18], "uv_size": [0.5, 0.5]},
								"west": {"uv": [18, 17], "uv_size": [0.5, 0.5]}
							}
						},
						{
							"origin": [0.44372, 2.02807, -2.75],
							"size": [0.1875, 0.09375, 0.5],
							"pivot": [0.50622, 2.02807, -2.5],
							"rotation": [0, 0, -22.5],
							"uv": {
								"north": {"uv": [18, 14], "uv_size": [0.5, 0.5]},
								"south": {"uv": [15, 18], "uv_size": [0.5, 0.5]},
								"up": {"uv": [18, 15], "uv_size": [0.5, 0.5]}
							}
						},
						{
							"origin": [0.58583, 1.97502, -2.75],
							"size": [0.25, 0.1875, 0.5],
							"uv": {
								"north": {"uv": [18, 12], "uv_size": [0.5, 0.5]},
								"south": {"uv": [13, 18], "uv_size": [0.5, 0.5]},
								"up": {"uv": [18, 13], "uv_size": [0.5, 0.5]},
								"down": {"uv": [14, 18.5], "uv_size": [0.5, -0.5]}
							}
						},
						{
							"origin": [-0.58583, 1.97502, -2.75],
							"size": [1.17166, 0.125, 0.5],
							"uv": {
								"north": {"uv": [15, 12], "uv_size": [1, 0.5]},
								"south": {"uv": [15, 13], "uv_size": [1, 0.5]},
								"up": {"uv": [14, 15], "uv_size": [1, 0.5]},
								"down": {"uv": [15, 15.5], "uv_size": [1, -0.5]}
							}
						},
						{
							"origin": [-0.83583, 1.91252, -4.25],
							"size": [1.67166, 0.0625, 1.75],
							"uv": {
								"north": {"uv": [0, 15], "uv_size": [1.5, 0.5]},
								"south": {"uv": [15, 2], "uv_size": [1.5, 0.5]},
								"down": {"uv": [4, 2], "uv_size": [1.5, -2]}
							}
						},
						{
							"origin": [-0.58583, 1.97502, -4],
							"size": [1.17166, 0.0625, 1.25],
							"uv": {
								"up": {"uv": [4, 8], "uv_size": [1, 1.5]},
								"down": {"uv": [0, 11.5], "uv_size": [1, -1.5]}
							}
						},
						{
							"origin": [-0.63122, 2.02807, -2.75],
							"size": [0.1875, 0.09375, 0.5],
							"pivot": [-0.50622, 2.02807, -2.5],
							"rotation": [0, 0, 22.5],
							"uv": {
								"north": {"uv": [11, 18], "uv_size": [0.5, 0.5]},
								"south": {"uv": [18, 11], "uv_size": [0.5, 0.5]},
								"up": {"uv": [12, 18], "uv_size": [0.5, 0.5]}
							}
						},
						{
							"origin": [-0.83583, 1.97502, -2.75],
							"size": [0.25, 0.1875, 0.5],
							"uv": {
								"north": {"uv": [9, 18], "uv_size": [0.5, 0.5]},
								"south": {"uv": [18, 9], "uv_size": [0.5, 0.5]},
								"up": {"uv": [10, 18], "uv_size": [0.5, 0.5]},
								"down": {"uv": [18, 10.5], "uv_size": [0.5, -0.5]}
							}
						},
						{
							"origin": [-1.09997, 1.59608, -2.75],
							"size": [0.1875, 0.625, 0.5],
							"pivot": [-1.09997, 1.59608, -1.625],
							"rotation": [0, 0, 25],
							"uv": {
								"north": {"uv": [7, 18], "uv_size": [0.5, 0.5]},
								"east": {"uv": [18, 7], "uv_size": [0.5, 0.5]},
								"south": {"uv": [8, 18], "uv_size": [0.5, 0.5]},
								"west": {"uv": [18, 8], "uv_size": [0.5, 0.5]}
							}
						},
						{
							"origin": [-0.93702, -0.26089, -2.75],
							"size": [0.1875, 1.875, 0.5],
							"pivot": [-0.81202, -0.26089, -1.625],
							"rotation": [0, 0, -5],
							"uv": {
								"north": {"uv": [5, 12], "uv_size": [0.5, 2]},
								"east": {"uv": [6, 12], "uv_size": [0.5, 2]},
								"south": {"uv": [12, 7], "uv_size": [0.5, 2]},
								"west": {"uv": [12, 9], "uv_size": [0.5, 2]},
								"down": {"uv": [18, 6.5], "uv_size": [0.5, -0.5]}
							}
						},
						{
							"origin": [-0.75, 0.125, -2.25],
							"size": [1.5, 0.5, 1.75],
							"uv": {
								"west": {"uv": [11, 6], "uv_size": [2, 0.5]}
							}
						},
						{
							"origin": [-0.875, 0.125, -2.25],
							"size": [0, 0.5, 1.75],
							"uv": {
								"east": {"uv": [11, 13], "uv_size": [2, 0.5]}
							}
						},
						{
							"origin": [0.75, 0.125, -1.375],
							"size": [0.125, 0.5, 0.875],
							"uv": {
								"north": {"uv": [2, 21], "uv_size": [0.5, 0.5]},
								"west": {"uv": [16, 15], "uv_size": [1, 0.5]}
							}
						},
						{
							"origin": [-0.749, 0.375, -2.26002],
							"size": [0.25, 0.25, 0.75],
							"pivot": [-0.002, 0.625, -0.5],
							"rotation": [-6.1155, 0, 0],
							"uv": {
								"west": {"uv": [12, 2], "uv_size": [1, 0.5]},
								"up": {"uv": [7, 15], "uv_size": [0.5, 1]}
							}
						},
						{
							"origin": [-0.499, 0.375, -2.26002],
							"size": [0.375, 0.25, 0.25],
							"pivot": [-0.002, 0.625, -0.5],
							"rotation": [-6.1155, 0, 0],
							"uv": {
								"south": {"uv": [8, 19], "uv_size": [0.5, 0.5]},
								"west": {"uv": [19, 8], "uv_size": [0.5, 0.5]},
								"up": {"uv": [9, 19], "uv_size": [0.5, 0.5]}
							}
						},
						{
							"origin": [-0.124, 0.375, -2.26002],
							"size": [0.875, 0.25, 0.125],
							"pivot": [-0.002, 0.625, -0.5],
							"rotation": [-6.1155, 0, 0],
							"uv": {
								"south": {"uv": [16, 11], "uv_size": [1, 0.5]},
								"west": {"uv": [17, 19], "uv_size": [0.5, 0.5]},
								"up": {"uv": [12, 16], "uv_size": [1, 0.5]}
							}
						},
						{
							"origin": [-0.124, 0.375, -1.63502],
							"size": [0.875, 0.25, 0.125],
							"pivot": [-0.002, 0.625, -0.5],
							"rotation": [-6.1155, 0, 0],
							"uv": {
								"north": {"uv": [0, 0], "uv_size": [0.875, 0.25]},
								"south": {"uv": [16, 12], "uv_size": [1, 0.5]},
								"west": {"uv": [19, 17], "uv_size": [0.5, 0.5]},
								"up": {"uv": [13, 16], "uv_size": [1, 0.5]}
							}
						},
						{
							"origin": [-0.499, 0.375, -1.69752],
							"size": [0.375, 0.25, 0.1875],
							"pivot": [-0.002, 0.625, -0.5],
							"rotation": [-6.1155, 0, 0],
							"uv": {
								"north": {"uv": [19, 15], "uv_size": [0.5, 0.5]},
								"west": {"uv": [16, 19], "uv_size": [0.5, 0.5]},
								"up": {"uv": [19, 16], "uv_size": [0.5, 0.5]}
							}
						},
						{
							"origin": [-0.749, 0.375, -1.51002],
							"size": [1.498, 0.25, 1.01002],
							"pivot": [-0.002, 0.625, -0.5],
							"rotation": [-6.1155, 0, 0],
							"uv": {
								"west": {"uv": [11, 16], "uv_size": [1, 0.5]},
								"up": {"uv": [1, 10], "uv_size": [1.5, 1]}
							}
						},
						{
							"origin": [-0.5615, 0.375, -0.5],
							"size": [1.123, 0.25, 0.125],
							"pivot": [-0.002, 0.625, -0.5],
							"rotation": [-6.1155, 0, 0],
							"uv": {
								"east": {"uv": [6, 21], "uv_size": [0.5, 0.5]},
								"west": {"uv": [21, 6], "uv_size": [0.5, 0.5]},
								"up": {"uv": [17, 1], "uv_size": [1, 0.5]}
							}
						},
						{
							"origin": [0.749, 0.53178, -1.37002],
							"size": [0.125, 0.09322, 0.87002],
							"pivot": [0.123, 0.625, -0.5],
							"rotation": [-6.1155, 0, 0],
							"uv": {
								"north": {"uv": [21, 2], "uv_size": [0.5, 0.5]},
								"west": {"uv": [16, 16], "uv_size": [1, 0.5]},
								"up": {"uv": [0, 17], "uv_size": [0.5, 1]}
							}
						},
						{
							"origin": [-0.5615, 0.58558, -1.20463],
							"size": [0.373, 0.125, 0.38502],
							"pivot": [-0.375, 0.58558, -1.01212],
							"rotation": [-8.61608, -44.67486, 6.08096],
							"uv": {
								"north": {"uv": [18, 19], "uv_size": [0.5, 0.5]},
								"east": {"uv": [19, 18], "uv_size": [0.5, 0.5]},
								"south": {"uv": [19, 19], "uv_size": [0.5, 0.5]},
								"west": {"uv": [0, 20], "uv_size": [0.5, 0.5]},
								"up": {"uv": [20, 0], "uv_size": [0.5, 0.5]}
							}
						},
						{
							"origin": [-0.749, 0.31694, -0.6276],
							"size": [1.498, 0.5, 0.70711],
							"pivot": [-0.001, 0.56694, -0.7955],
							"rotation": [-45, 0, 0],
							"uv": {
								"west": {"uv": [17, 11], "uv_size": [0.5, 0.5]},
								"up": {"uv": [14, 0], "uv_size": [1.5, 0.5]}
							}
						},
						{
							"origin": [-0.5, 0.8189, -0.13925],
							"size": [1, 0, 0.25],
							"pivot": [0.248, 0.56694, -0.7955],
							"rotation": [-45, 0, 0],
							"uv": {
								"up": {"uv": [64, 48], "uv_size": [-64, -16]}
							}
						},
						{
							"origin": [-0.6865, 0.24621, -0.30557],
							"size": [0.125, 0.0625, 0.125],
							"pivot": [-0.624, 0.05871, -0.24307],
							"rotation": [-54.73561, 30, -35.26439],
							"uv": {
								"north": {"uv": [19, 21], "uv_size": [0.5, 0.5]},
								"east": {"uv": [21, 19], "uv_size": [0.5, 0.5]},
								"south": {"uv": [20, 21], "uv_size": [0.5, 0.5]},
								"west": {"uv": [21, 20], "uv_size": [0.5, 0.5]},
								"up": {"uv": [21, 21], "uv_size": [0.5, 0.5]}
							}
						},
						{
							"origin": [0.5615, 0.24621, -0.30557],
							"size": [0.125, 0.0625, 0.125],
							"pivot": [0.624, 0.05871, -0.24307],
							"rotation": [-54.73561, -30, 35.26439],
							"uv": {
								"north": {"uv": [0, 22], "uv_size": [0.5, 0.5]},
								"east": {"uv": [22, 0], "uv_size": [0.5, 0.5]},
								"south": {"uv": [1, 22], "uv_size": [0.5, 0.5]},
								"west": {"uv": [22, 1], "uv_size": [0.5, 0.5]},
								"up": {"uv": [2, 22], "uv_size": [0.5, 0.5]}
							}
						},
						{
							"origin": [-0.499, 0.72319, -0.4401],
							"size": [0.9355, 0.125, 0.33211],
							"pivot": [-0.001, 0.56694, -0.7955],
							"rotation": [-45, 0, 0],
							"uv": {
								"north": {"uv": [2, 17], "uv_size": [1, 0.5]},
								"east": {"uv": [13, 21], "uv_size": [0.5, 0.5]},
								"south": {"uv": [17, 2], "uv_size": [1, 0.5]},
								"west": {"uv": [21, 13], "uv_size": [0.5, 0.5]},
								"up": {"uv": [3, 17], "uv_size": [1, 0.5]}
							}
						},
						{
							"origin": [0.0615, 0.75444, -0.3776],
							"size": [0.3125, 0.125, 0.20711],
							"pivot": [-0.001, 0.56694, -0.7955],
							"rotation": [-45, 0, 0],
							"uv": {
								"north": {"uv": [14, 21], "uv_size": [0.5, 0.5]},
								"east": {"uv": [21, 14], "uv_size": [0.5, 0.5]},
								"south": {"uv": [15, 21], "uv_size": [0.5, 0.5]},
								"west": {"uv": [21, 15], "uv_size": [0.5, 0.5]},
								"up": {"uv": [16, 21], "uv_size": [0.5, 0.5]}
							}
						},
						{
							"origin": [-0.374, 0.75444, -0.3776],
							"size": [0.3125, 0.125, 0.20711],
							"pivot": [0.001, 0.56694, -0.7955],
							"rotation": [-45, 0, 0],
							"uv": {
								"north": {"uv": [21, 16], "uv_size": [0.5, 0.5]},
								"east": {"uv": [17, 21], "uv_size": [0.5, 0.5]},
								"south": {"uv": [21, 17], "uv_size": [0.5, 0.5]},
								"west": {"uv": [18, 21], "uv_size": [0.5, 0.5]},
								"up": {"uv": [21, 18], "uv_size": [0.5, 0.5]}
							}
						},
						{
							"origin": [-0.499, 0.66032, -0.5109],
							"size": [0.998, 0.25, 0.0625],
							"pivot": [-0.001, 0.59782, -0.80379],
							"rotation": [-45, 0, 0],
							"uv": {
								"south": {"uv": [17, 0], "uv_size": [1, 0.5]},
								"up": {"uv": [1, 17], "uv_size": [1, 0.5]}
							}
						},
						{
							"origin": [-0.5615, 0.66032, -0.5109],
							"size": [0.0625, 0.25, 0.25],
							"pivot": [-0.001, 0.59782, -0.80379],
							"rotation": [-45, 0, 0],
							"uv": {
								"east": {"uv": [21, 8], "uv_size": [0.5, 0.5]},
								"west": {"uv": [9, 21], "uv_size": [0.5, 0.5]},
								"up": {"uv": [21, 9], "uv_size": [0.5, 0.5]}
							}
						},
						{
							"origin": [0.499, 0.66032, -0.5109],
							"size": [0.0625, 0.25, 0.25],
							"pivot": [-0.001, 0.59782, -0.80379],
							"rotation": [-45, 0, 0],
							"uv": {
								"east": {"uv": [7, 21], "uv_size": [0.5, 0.5]},
								"west": {"uv": [21, 7], "uv_size": [0.5, 0.5]},
								"up": {"uv": [8, 21], "uv_size": [0.5, 0.5]}
							}
						},
						{
							"origin": [0.499, 0.37241, -0.44893],
							"size": [0.0625, 0.0625, 0.125],
							"pivot": [0, 0.30991, -0.32393],
							"rotation": [-90, 0, 0],
							"uv": {
								"east": {"uv": [21, 11], "uv_size": [0.5, 0.5]},
								"west": {"uv": [12, 21], "uv_size": [0.5, 0.5]},
								"up": {"uv": [21, 12], "uv_size": [0.5, 0.5]}
							}
						},
						{
							"origin": [-0.5615, 0.37241, -0.44893],
							"size": [0.0625, 0.0625, 0.125],
							"pivot": [0, 0.30991, -0.32393],
							"rotation": [-90, 0, 0],
							"uv": {
								"east": {"uv": [10, 21], "uv_size": [0.5, 0.5]},
								"west": {"uv": [21, 10], "uv_size": [0.5, 0.5]},
								"up": {"uv": [11, 21], "uv_size": [0.5, 0.5]}
							}
						},
						{
							"origin": [0.749, 0.31694, -0.6276],
							"size": [0.125, 0.5, 0.70711],
							"pivot": [-0.001, 0.56694, -0.7955],
							"rotation": [-45, 0, 0],
							"uv": {
								"west": {"uv": [1, 21], "uv_size": [0.5, 0.5]},
								"up": {"uv": [21, 1], "uv_size": [0.5, 0.5]}
							}
						},
						{
							"origin": [-0.874, 0.31694, -0.6276],
							"size": [0.125, 0.5, 0.70711],
							"pivot": [0.001, 0.56694, -0.7955],
							"rotation": [-45, 0, 0],
							"uv": {
								"east": {"uv": [21, 4], "uv_size": [0.5, 0.5]},
								"up": {"uv": [5, 21], "uv_size": [0.5, 0.5]}
							}
						},
						{
							"origin": [-0.875, 0.375, -2.26002],
							"size": [0.126, 0.25, 1.76002],
							"pivot": [-0.123, 0.625, -0.5],
							"rotation": [-6.1155, 0, 0],
							"uv": {
								"north": {"uv": [4, 21], "uv_size": [0.5, 0.5]},
								"east": {"uv": [9, 13], "uv_size": [2, 0.5]},
								"up": {"uv": [13, 9], "uv_size": [0.5, 2]}
							}
						},
						{
							"origin": [0.625, -0.25, -4.5],
							"size": [0.125, 0.25, 4.5],
							"uv": {
								"north": {"uv": [17, 9], "uv_size": [0.5, 0.5]},
								"east": {"uv": [5, 5], "uv_size": [4.5, 0.5]},
								"south": {"uv": [10, 17], "uv_size": [0.5, 0.5]},
								"west": {"uv": [6, 0], "uv_size": [4.5, 0.5]},
								"down": {"uv": [3, 9.5], "uv_size": [0.5, -4.5]}
							}
						},
						{
							"origin": [0.75, -0.25, -2.25],
							"size": [0.125, 0.25, 2.25],
							"uv": {
								"south": {"uv": [20, 20], "uv_size": [0.5, 0.5]},
								"west": {"uv": [6, 10], "uv_size": [2.5, 0.5]},
								"up": {"uv": [4, 10], "uv_size": [0.5, 2.5]},
								"down": {"uv": [10, 8.5], "uv_size": [0.5, -2.5]}
							}
						},
						{
							"origin": [-0.875, -0.25, -2.25],
							"size": [0.125, 0.375, 2.25],
							"uv": {
								"east": {"uv": [9, 10], "uv_size": [2.5, 0.5]},
								"south": {"uv": [21, 5], "uv_size": [0.5, 0.5]},
								"down": {"uv": [11, 2.5], "uv_size": [0.5, -2.5]}
							}
						},
						{
							"origin": [0.75, 0, -1.375],
							"size": [0.125, 0.125, 1.375],
							"uv": {
								"north": {"uv": [0, 21], "uv_size": [0.5, 0.5]},
								"south": {"uv": [21, 0], "uv_size": [0.5, 0.5]},
								"west": {"uv": [3, 15], "uv_size": [1.5, 0.5]},
								"down": {"uv": [15, 4.5], "uv_size": [0.5, -1.5]}
							}
						},
						{
							"origin": [0.749, -0.1875, -1.8125],
							"size": [0.125, 0.25, 0.375],
							"pivot": [0.8125, 0.25, -1.625],
							"rotation": [45, 0, 0],
							"uv": {
								"west": {"uv": [3, 21], "uv_size": [0.5, 0.5]},
								"up": {"uv": [21, 3], "uv_size": [0.5, 0.5]}
							}
						},
						{
							"origin": [-0.75, -0.25, -4.5],
							"size": [0.125, 0.25, 4.5],
							"uv": {
								"north": {"uv": [17, 10], "uv_size": [0.5, 0.5]},
								"south": {"uv": [11, 17], "uv_size": [0.5, 0.5]},
								"west": {"uv": [6, 1], "uv_size": [4.5, 0.5]},
								"down": {"uv": [5, 10.5], "uv_size": [0.5, -4.5]}
							}
						},
						{
							"origin": [0.75, -0.25, -4.5],
							"size": [0.125, 0.375, 2.25],
							"uv": {
								"north": {"uv": [0, 19], "uv_size": [0.5, 0.5]},
								"south": {"uv": [19, 0], "uv_size": [0.5, 0.5]},
								"west": {"uv": [10, 5], "uv_size": [2.5, 0.5]},
								"down": {"uv": [3, 12.5], "uv_size": [0.5, -2.5]}
							}
						},
						{
							"origin": [0.8125, -0.1875, -3.75],
							"size": [0.125, 0.3125, 0.75],
							"uv": {
								"north": {"uv": [2, 19], "uv_size": [0.5, 0.5]},
								"south": {"uv": [19, 2], "uv_size": [0.5, 0.5]},
								"west": {"uv": [0, 16], "uv_size": [1, 0.5]},
								"up": {"uv": [16, 0], "uv_size": [0.5, 1]},
								"down": {"uv": [1, 17], "uv_size": [0.5, -1]}
							}
						},
						{
							"origin": [0.84375, -0.125, -3.6875],
							"size": [0.125, 0.1875, 0.1875],
							"pivot": [0.90625, -0.03125, -3.59375],
							"rotation": [45, 0, 0],
							"uv": {
								"north": {"uv": [15, 20], "uv_size": [0.5, 0.5]},
								"south": {"uv": [20, 15], "uv_size": [0.5, 0.5]},
								"west": {"uv": [16, 20], "uv_size": [0.5, 0.5]},
								"up": {"uv": [20, 16], "uv_size": [0.5, 0.5]},
								"down": {"uv": [17, 20.5], "uv_size": [0.5, -0.5]}
							}
						},
						{
							"origin": [0.84375, -0.125, -3.25],
							"size": [0.125, 0.1875, 0.1875],
							"pivot": [0.90625, -0.03125, -3.15625],
							"rotation": [45, 0, 0],
							"uv": {
								"north": {"uv": [20, 17], "uv_size": [0.5, 0.5]},
								"south": {"uv": [18, 20], "uv_size": [0.5, 0.5]},
								"west": {"uv": [20, 18], "uv_size": [0.5, 0.5]},
								"up": {"uv": [19, 20], "uv_size": [0.5, 0.5]},
								"down": {"uv": [20, 19.5], "uv_size": [0.5, -0.5]}
							}
						},
						{
							"origin": [-0.875, -0.25, -4.5],
							"size": [0.125, 0.375, 2.25],
							"uv": {
								"north": {"uv": [1, 19], "uv_size": [0.5, 0.5]},
								"south": {"uv": [19, 1], "uv_size": [0.5, 0.5]}
							}
						},
						{
							"origin": [0.375, -0.125, -4.5],
							"size": [0.125, 0.125, 4.5],
							"uv": {
								"north": {"uv": [17, 5], "uv_size": [0.5, 0.5]},
								"south": {"uv": [6, 17], "uv_size": [0.5, 0.5]},
								"west": {"uv": [4, 2], "uv_size": [4.5, 0.5]},
								"down": {"uv": [4, 7.5], "uv_size": [0.5, -4.5]}
							}
						},
						{
							"origin": [-0.5, -0.125, -4.5],
							"size": [0.125, 0.125, 4.5],
							"uv": {
								"north": {"uv": [17, 8], "uv_size": [0.5, 0.5]},
								"east": {"uv": [5, 3], "uv_size": [4.5, 0.5]},
								"south": {"uv": [9, 17], "uv_size": [0.5, 0.5]},
								"down": {"uv": [2, 9.5], "uv_size": [0.5, -4.5]}
							}
						},
						{
							"origin": [0.25, -0.09911, -4.5],
							"size": [0.1875, 0.125, 4.5],
							"pivot": [0.375, -0.03661, -1],
							"rotation": [0, 0, 45],
							"uv": {
								"north": {"uv": [17, 6], "uv_size": [0.5, 0.5]},
								"south": {"uv": [7, 17], "uv_size": [0.5, 0.5]},
								"down": {"uv": [0, 9.5], "uv_size": [0.5, -4.5]}
							}
						},
						{
							"origin": [-0.4375, -0.09911, -4.5],
							"size": [0.1875, 0.125, 4.5],
							"pivot": [-0.375, -0.03661, -1],
							"rotation": [0, 0, -45],
							"uv": {
								"north": {"uv": [17, 7], "uv_size": [0.5, 0.5]},
								"south": {"uv": [8, 17], "uv_size": [0.5, 0.5]},
								"down": {"uv": [1, 9.5], "uv_size": [0.5, -4.5]}
							}
						},
						{
							"origin": [-0.125, 0.28217, -2.25],
							"size": [1, 0.31066, 0.75],
							"pivot": [0, 0.4375, -1.875],
							"rotation": [-45, 0, 0],
							"uv": {
								"north": {"uv": [16, 1], "uv_size": [1, 0.5]},
								"east": {"uv": [2, 16], "uv_size": [1, 0.5]},
								"south": {"uv": [3, 16], "uv_size": [1, 0.5]},
								"west": {"uv": [16, 3], "uv_size": [1, 0.5]}
							}
						},
						{
							"origin": [-0.125, 0.28217, -2.25],
							"size": [1, 0.31066, 0.75],
							"uv": {
								"north": {"uv": [4, 16], "uv_size": [1, 0.5]},
								"east": {"uv": [16, 4], "uv_size": [1, 0.5]},
								"south": {"uv": [5, 16], "uv_size": [1, 0.5]},
								"west": {"uv": [6, 16], "uv_size": [1, 0.5]}
							}
						},
						{
							"origin": [-0.125, 0.0625, -2.03033],
							"size": [1, 0.75, 0.31066],
							"pivot": [0, 0.4375, -1.875],
							"rotation": [-45, 0, 0],
							"uv": {
								"east": {"uv": [7, 16], "uv_size": [0.5, 1]},
								"west": {"uv": [16, 7], "uv_size": [0.5, 1]},
								"up": {"uv": [8, 16], "uv_size": [1, 0.5]},
								"down": {"uv": [16, 8.5], "uv_size": [1, -0.5]}
							}
						},
						{
							"origin": [-0.125, 0.0625, -2.03033],
							"size": [1, 0.75, 0.31066],
							"uv": {
								"east": {"uv": [9, 16], "uv_size": [0.5, 1]},
								"west": {"uv": [16, 9], "uv_size": [0.5, 1]},
								"up": {"uv": [10, 16], "uv_size": [1, 0.5]},
								"down": {"uv": [16, 10.5], "uv_size": [1, -0.5]}
							}
						},
						{
							"origin": [-0.5, 0.15625, -1.9915],
							"size": [0.375, 0.5625, 0.233],
							"uv": {
								"east": {"uv": [14, 19], "uv_size": [0.5, 0.5]},
								"up": {"uv": [19, 14], "uv_size": [0.5, 0.5]},
								"down": {"uv": [15, 19.5], "uv_size": [0.5, -0.5]}
							}
						},
						{
							"origin": [-0.5, 0.15625, -1.9915],
							"size": [0.375, 0.5625, 0.233],
							"pivot": [-0.3125, 0.4375, -1.875],
							"rotation": [-45, 0, 0],
							"uv": {
								"east": {"uv": [19, 12], "uv_size": [0.5, 0.5]},
								"up": {"uv": [13, 19], "uv_size": [0.5, 0.5]},
								"down": {"uv": [19, 13.5], "uv_size": [0.5, -0.5]}
							}
						},
						{
							"origin": [-0.5, 0.321, -2.15625],
							"size": [0.375, 0.233, 0.5625],
							"uv": {
								"north": {"uv": [11, 19], "uv_size": [0.5, 0.5]},
								"east": {"uv": [19, 11], "uv_size": [0.5, 0.5]},
								"south": {"uv": [12, 19], "uv_size": [0.5, 0.5]}
							}
						},
						{
							"origin": [-0.5, 0.321, -2.15625],
							"size": [0.375, 0.233, 0.5625],
							"pivot": [-0.3125, 0.4375, -1.875],
							"rotation": [-45, 0, 0],
							"uv": {
								"north": {"uv": [19, 9], "uv_size": [0.5, 0.5]},
								"east": {"uv": [10, 19], "uv_size": [0.5, 0.5]},
								"south": {"uv": [19, 10], "uv_size": [0.5, 0.5]}
							}
						}
					]
				},
				{
					"name": "b_illuminated",
					"parent": "scope_body",
					"pivot": [0, 1.32395, -3.5],
					"cubes": [
						{
							"origin": [0.65577, 0.73911, -3.502],
							"size": [0.125, 0.875, 0.004],
							"pivot": [0.81202, -0.26089, -3.875],
							"rotation": [0, 0, 5],
							"uv": {
								"north": {"uv": [17, 3], "uv_size": [0.5, 1]},
								"south": {"uv": [4, 17], "uv_size": [0.5, 1]}
							}
						},
						{
							"origin": [-0.83583, 1.88127, -3.502],
							"size": [1.67166, 0.0625, 0.004],
							"uv": {
								"north": {"uv": [15, 5], "uv_size": [1.5, 0.5]},
								"south": {"uv": [15, 6], "uv_size": [1.5, 0.5]}
							}
						},
						{
							"origin": [0.81872, 1.59608, -3.502],
							"size": [0.1875, 0.5625, 0.004],
							"pivot": [1.09997, 1.59608, -3.375],
							"rotation": [0, 0, -25],
							"uv": {
								"north": {"uv": [22, 15], "uv_size": [0.5, 0.5]},
								"south": {"uv": [16, 22], "uv_size": [0.5, 0.5]}
							}
						},
						{
							"origin": [-1.00622, 1.59608, -3.502],
							"size": [0.1875, 0.5625, 0.004],
							"pivot": [-1.09997, 1.59608, -3.375],
							"rotation": [0, 0, 25],
							"uv": {
								"north": {"uv": [22, 14], "uv_size": [0.5, 0.5]},
								"south": {"uv": [15, 22], "uv_size": [0.5, 0.5]}
							}
						},
						{
							"origin": [0.59375, 0.85938, -3.502],
							"size": [0.1875, 0.0625, 0.004],
							"pivot": [0.6875, 1, -3.375],
							"rotation": [0, 0, -45],
							"uv": {
								"north": {"uv": [22, 16], "uv_size": [0.5, 0.5]},
								"south": {"uv": [17, 22], "uv_size": [0.5, 0.5]}
							}
						},
						{
							"origin": [-0.78125, 0.85938, -3.502],
							"size": [0.1875, 0.0625, 0.004],
							"pivot": [-0.6875, 1, -3.375],
							"rotation": [0, 0, 45],
							"uv": {
								"north": {"uv": [22, 17], "uv_size": [0.5, 0.5]},
								"south": {"uv": [18, 22], "uv_size": [0.5, 0.5]}
							}
						},
						{
							"origin": [-0.875, 0.84375, -3.502],
							"size": [1.75, 0.0625, 0.004],
							"uv": {
								"north": {"uv": [13, 11], "uv_size": [2, 0.5]},
								"south": {"uv": [13, 12], "uv_size": [2, 0.5]}
							}
						},
						{
							"origin": [-0.78077, 0.73911, -3.502],
							"size": [0.125, 0.875, 0.004],
							"pivot": [-0.81202, -0.26089, -3.875],
							"rotation": [0, 0, -5],
							"uv": {
								"north": {"uv": [17, 4], "uv_size": [0.5, 1]},
								"south": {"uv": [5, 17], "uv_size": [0.5, 1]}
							}
						}
					]
				},
				{
					"name": "ammo_display",
					"parent": "scope_body",
					"pivot": [-0.6875, 1.375, -3.498]
				},
				{
					"name": "ocular",
					"pivot": [0, 1.40625, -3.5],
					"cubes": [
						{
							"origin": [-0.875, 0.875, -3.5],
							"size": [1.75, 1.0625, 0],
							"uv": {
								"north": {"uv": [6, 8], "uv_size": [2, 1]},
								"south": {"uv": [8, 6], "uv_size": [2, 1]},
								"up": {"uv": [0, 0], "uv_size": [2, 0]}
							}
						}
					]
				},
				{
					"name": "scope_view",
					"pivot": [0, 1.40625, 4]
				},
				{
					"name": "division",
					"pivot": [0, 1.40625, -3.5]
				},
				{
					"name": "d_illuminated",
					"parent": "division",
					"pivot": [0, 1.40625, -32],
					"cubes": [
						{
							"origin": [-0.09375, 1.3125, -32],
							"size": [0.1875, 0.1875, 0],
							"pivot": [0, 1.40625, -32],
							"rotation": [0, 0, 45],
							"uv": {
								"south": {"uv": [22, 18], "uv_size": [0.5, 0.5]}
							}
						},
						{
							"origin": [0.3125, 0.78125, -15.998],
							"size": [0.15625, 0.03906, 0],
							"uv": {
								"south": {"uv": [19, 22], "uv_size": [0.5, 0.5]}
							}
						},
						{
							"origin": [0.3125, 1.99219, -15.998],
							"size": [0.15625, 0.03906, 0],
							"uv": {
								"south": {"uv": [22, 20], "uv_size": [0.5, 0.5]}
							}
						},
						{
							"origin": [-0.11049, 2.14059, -15.998],
							"size": [0.22097, 0.03906, 0],
							"pivot": [0, 1.40625, -15.998],
							"rotation": [0, 0, 45],
							"uv": {
								"south": {"uv": [23, 0], "uv_size": [0.5, 0.5]}
							}
						},
						{
							"origin": [-0.11049, 2.14059, -15.998],
							"size": [0.22097, 0.03906, 0],
							"pivot": [0, 1.40625, -15.998],
							"rotation": [0, 0, -45],
							"uv": {
								"south": {"uv": [1, 23], "uv_size": [0.5, 0.5]}
							}
						},
						{
							"origin": [-0.11049, 0.63285, -15.998],
							"size": [0.22097, 0.03906, 0],
							"pivot": [0, 1.40625, -15.998],
							"rotation": [0, 0, 45],
							"uv": {
								"south": {"uv": [2, 23], "uv_size": [0.5, 0.5]}
							}
						},
						{
							"origin": [-0.11049, 0.63285, -15.998],
							"size": [0.22097, 0.03906, 0],
							"pivot": [0, 1.40625, -15.998],
							"rotation": [0, 0, -45],
							"uv": {
								"south": {"uv": [23, 1], "uv_size": [0.5, 0.5]}
							}
						},
						{
							"origin": [-0.46875, 0.78125, -15.998],
							"size": [0.15625, 0.03906, 0],
							"uv": {
								"south": {"uv": [22, 21], "uv_size": [0.5, 0.5]}
							}
						},
						{
							"origin": [-0.46875, 1.99219, -15.998],
							"size": [0.15625, 0.03906, 0],
							"uv": {
								"south": {"uv": [21, 22], "uv_size": [0.5, 0.5]}
							}
						},
						{
							"origin": [-0.625, 0.9375, -15.998],
							"size": [0.03906, 0.15625, 0],
							"uv": {
								"south": {"uv": [20, 22], "uv_size": [0.5, 0.5]}
							}
						},
						{
							"origin": [0.58594, 0.9375, -15.998],
							"size": [0.03906, 0.15625, 0],
							"uv": {
								"south": {"uv": [22, 19], "uv_size": [0.5, 0.5]}
							}
						},
						{
							"origin": [-0.625, 1.71875, -15.998],
							"size": [0.03906, 0.15625, 0],
							"uv": {
								"south": {"uv": [0, 23], "uv_size": [0.5, 0.5]}
							}
						},
						{
							"origin": [0.58594, 1.71875, -15.998],
							"size": [0.03906, 0.15625, 0],
							"uv": {
								"south": {"uv": [22, 22], "uv_size": [0.5, 0.5]}
							}
						}
					]
				}
			]
		}
	]
}