{
	"format_version": "1.12.0",
	"minecraft:geometry": [
		{
			"description": {
				"identifier": "geometry.unknown",
				"texture_width": 32,
				"texture_height": 32,
				"visible_bounds_width": 4,
				"visible_bounds_height": 1.5,
				"visible_bounds_offset": [0, 0.25, 0]
			},
			"bones": [
				{
					"name": "scope_body",
					"pivot": [0, 0, 0],
					"cubes": [
						{
							"origin": [0.375, -0.125, -2.5],
							"size": [0.125, 0.125, 2.25],
							"uv": {
								"north": {"uv": [9, 1], "uv_size": [0.5, 0.5]},
								"south": {"uv": [2, 9], "uv_size": [0.5, 0.5]},
								"west": {"uv": [5, 1], "uv_size": [2, 0.5]},
								"down": {"uv": [3, 7], "uv_size": [0.5, -2]}
							}
						},
						{
							"origin": [0.25, -0.09911, -2.5],
							"size": [0.1875, 0.125, 2.25],
							"pivot": [0.375, -0.03661, -1.125],
							"rotation": [0, 0, 45],
							"uv": {
								"north": {"uv": [5, 11], "uv_size": [0.5, 0.5]},
								"south": {"uv": [11, 5], "uv_size": [0.5, 0.5]},
								"down": {"uv": [6, 7], "uv_size": [0.5, -2]}
							}
						},
						{
							"origin": [-0.5, -0.125, -2.5],
							"size": [0.125, 0.125, 2.25],
							"uv": {
								"north": {"uv": [7, 11], "uv_size": [0.5, 0.5]},
								"east": {"uv": [7, 1], "uv_size": [2, 0.5]},
								"south": {"uv": [11, 7], "uv_size": [0.5, 0.5]},
								"down": {"uv": [1, 9], "uv_size": [0.5, -2]}
							}
						},
						{
							"origin": [-0.4375, -0.09911, -2.5],
							"size": [0.1875, 0.125, 2.25],
							"pivot": [-0.375, -0.03661, -1.125],
							"rotation": [0, 0, -45],
							"uv": {
								"north": {"uv": [6, 11], "uv_size": [0.5, 0.5]},
								"south": {"uv": [11, 6], "uv_size": [0.5, 0.5]},
								"down": {"uv": [0, 9], "uv_size": [0.5, -2]}
							}
						},
						{
							"origin": [-0.25, 0, -0.5],
							"size": [0.75, 0.25, 0.5],
							"uv": {
								"north": {"uv": [5, 7], "uv_size": [1, 0.5]},
								"south": {"uv": [6, 7], "uv_size": [1, 0.5]},
								"west": {"uv": [9, 2], "uv_size": [0.5, 0.5]},
								"up": {"uv": [7, 6], "uv_size": [1, 0.5]},
								"down": {"uv": [7, 7.5], "uv_size": [1, -0.5]}
							}
						},
						{
							"origin": [-0.25, 0.0625, -1.0625],
							"size": [0.5, 0.3125, 1.125],
							"uv": {
								"east": {"uv": [8, 4], "uv_size": [1, 0.5]},
								"south": {"uv": [12, 0], "uv_size": [0.5, 0.5]},
								"west": {"uv": [5, 8], "uv_size": [1, 0.5]},
								"up": {"uv": [8, 5], "uv_size": [0.5, 1]},
								"down": {"uv": [6, 9], "uv_size": [0.5, -1]}
							}
						},
						{
							"origin": [-0.25, -0.16657, -1.16739],
							"size": [0.5, 0.3125, 0.25],
							"pivot": [0, -0.01032, -1.41739],
							"rotation": [30, 0, 0],
							"uv": {
								"east": {"uv": [1, 12], "uv_size": [0.5, 0.5]},
								"west": {"uv": [12, 1], "uv_size": [0.5, 0.5]},
								"up": {"uv": [2, 12], "uv_size": [0.5, 0.5]}
							}
						},
						{
							"origin": [-0.75, 0, -2.5],
							"size": [1.25, 0.25, 2],
							"uv": {
								"north": {"uv": [7, 2], "uv_size": [1.5, 0.5]},
								"east": {"uv": [4, 5], "uv_size": [2, 0.5]},
								"west": {"uv": [4, 6], "uv_size": [2, 0.5]},
								"up": {"uv": [0, 0], "uv_size": [1.5, 2]},
								"down": {"uv": [0, 4], "uv_size": [1.5, -2]}
							}
						},
						{
							"origin": [-0.625, 0, -3],
							"size": [0.25, 0.125, 0.5],
							"uv": {
								"north": {"uv": [19, 2], "uv_size": [0.5, 0.5]},
								"west": {"uv": [3, 19], "uv_size": [0.5, 0.5]},
								"up": {"uv": [19, 3], "uv_size": [0.5, 0.5]},
								"down": {"uv": [4, 19.5], "uv_size": [0.5, -0.5]}
							}
						},
						{
							"origin": [0.375, 0, -3],
							"size": [0.25, 0.125, 0.5],
							"uv": {
								"north": {"uv": [19, 4], "uv_size": [0.5, 0.5]},
								"east": {"uv": [5, 19], "uv_size": [0.5, 0.5]},
								"up": {"uv": [19, 5], "uv_size": [0.5, 0.5]},
								"down": {"uv": [6, 19.5], "uv_size": [0.5, -0.5]}
							}
						},
						{
							"origin": [-0.6875, 0.15625, -0.875],
							"size": [0.125, 0.125, 0.125],
							"pivot": [-0.625, 0.21875, -0.8125],
							"rotation": [0, -45, 0],
							"uv": {
								"north": {"uv": [16, 18], "uv_size": [0.5, 0.5]},
								"east": {"uv": [18, 16], "uv_size": [0.5, 0.5]},
								"south": {"uv": [17, 18], "uv_size": [0.5, 0.5]},
								"west": {"uv": [18, 17], "uv_size": [0.5, 0.5]},
								"up": {"uv": [18, 18], "uv_size": [0.5, 0.5]}
							}
						},
						{
							"origin": [-0.6875, 0.15625, -1.5],
							"size": [0.125, 0.125, 0.125],
							"pivot": [-0.625, 0.21875, -1.4375],
							"rotation": [0, -45, 0],
							"uv": {
								"north": {"uv": [0, 19], "uv_size": [0.5, 0.5]},
								"east": {"uv": [19, 0], "uv_size": [0.5, 0.5]},
								"south": {"uv": [1, 19], "uv_size": [0.5, 0.5]},
								"west": {"uv": [19, 1], "uv_size": [0.5, 0.5]},
								"up": {"uv": [2, 19], "uv_size": [0.5, 0.5]}
							}
						},
						{
							"origin": [-0.75, 0, -3],
							"size": [0.125, 0.25, 0.5],
							"uv": {
								"north": {"uv": [12, 6], "uv_size": [0.5, 0.5]},
								"east": {"uv": [7, 12], "uv_size": [0.5, 0.5]},
								"west": {"uv": [12, 7], "uv_size": [0.5, 0.5]},
								"up": {"uv": [8, 12], "uv_size": [0.5, 0.5]},
								"down": {"uv": [12, 8.5], "uv_size": [0.5, -0.5]}
							}
						},
						{
							"origin": [0.625, 0, -3],
							"size": [0.125, 0.25, 0.5],
							"uv": {
								"north": {"uv": [13, 9], "uv_size": [0.5, 0.5]},
								"east": {"uv": [10, 13], "uv_size": [0.5, 0.5]},
								"west": {"uv": [13, 10], "uv_size": [0.5, 0.5]},
								"up": {"uv": [11, 13], "uv_size": [0.5, 0.5]},
								"down": {"uv": [13, 11.5], "uv_size": [0.5, -0.5]}
							}
						},
						{
							"origin": [-0.75, 0.25, -3],
							"size": [0.125, 0.26517, 0.375],
							"uv": {
								"north": {"uv": [9, 12], "uv_size": [0.5, 0.5]},
								"east": {"uv": [12, 9], "uv_size": [0.5, 0.5]},
								"south": {"uv": [10, 12], "uv_size": [0.5, 0.5]},
								"west": {"uv": [12, 10], "uv_size": [0.5, 0.5]}
							}
						},
						{
							"origin": [0.625, 0.25, -3],
							"size": [0.125, 0.26517, 0.375],
							"uv": {
								"north": {"uv": [13, 7], "uv_size": [0.5, 0.5]},
								"east": {"uv": [8, 13], "uv_size": [0.5, 0.5]},
								"south": {"uv": [13, 8], "uv_size": [0.5, 0.5]},
								"west": {"uv": [9, 13], "uv_size": [0.5, 0.5]}
							}
						},
						{
							"origin": [0.5, 0, -2.5],
							"size": [0.25, 0.5, 2.5],
							"uv": {
								"north": {"uv": [9, 4], "uv_size": [0.5, 0.5]},
								"east": {"uv": [4, 4], "uv_size": [2.5, 0.5]},
								"south": {"uv": [5, 9], "uv_size": [0.5, 0.5]},
								"west": {"uv": [5, 0], "uv_size": [2.5, 0.5]},
								"up": {"uv": [1, 4], "uv_size": [0.5, 2.5]},
								"down": {"uv": [2, 7.5], "uv_size": [0.5, -2.5]}
							}
						},
						{
							"origin": [0.5, 0.5, -1.5],
							"size": [0.5, 0.25, 1.5],
							"uv": {
								"east": {"uv": [3, 7], "uv_size": [1.5, 0.5]},
								"south": {"uv": [9, 5], "uv_size": [0.5, 0.5]},
								"west": {"uv": [7, 3], "uv_size": [1.5, 0.5]},
								"up": {"uv": [7, 4], "uv_size": [0.5, 1.5]}
							}
						},
						{
							"origin": [0.75, 0.5, -1.75],
							"size": [0.25, 0.25, 0.25],
							"uv": {
								"east": {"uv": [9, 8], "uv_size": [0.5, 0.5]},
								"west": {"uv": [9, 9], "uv_size": [0.5, 0.5]},
								"up": {"uv": [0, 10], "uv_size": [0.5, 0.5]}
							}
						},
						{
							"origin": [0.96875, 0.5625, -1.6875],
							"size": [0.0625, 0.125, 0.125],
							"pivot": [1, 0.625, -1.625],
							"rotation": [-45, 0, 0],
							"uv": {
								"north": {"uv": [3, 10], "uv_size": [0.5, 0.5]},
								"south": {"uv": [10, 3], "uv_size": [0.5, 0.5]},
								"west": {"uv": [4, 10], "uv_size": [0.5, 0.5]},
								"up": {"uv": [10, 4], "uv_size": [0.5, 0.5]},
								"down": {"uv": [5, 10.5], "uv_size": [0.5, -0.5]}
							}
						},
						{
							"origin": [0.96875, 0.25, -1.9375],
							"size": [0.0625, 0.125, 0.125],
							"pivot": [1, 0.3125, -1.875],
							"rotation": [-45, 0, 0],
							"uv": {
								"north": {"uv": [10, 5], "uv_size": [0.5, 0.5]},
								"south": {"uv": [6, 10], "uv_size": [0.5, 0.5]},
								"west": {"uv": [10, 6], "uv_size": [0.5, 0.5]},
								"up": {"uv": [7, 10], "uv_size": [0.5, 0.5]},
								"down": {"uv": [10, 7.5], "uv_size": [0.5, -0.5]}
							}
						},
						{
							"origin": [0.75, 0.125, -3],
							"size": [0.25, 0.375, 3],
							"uv": {
								"north": {"uv": [9, 7], "uv_size": [0.5, 0.5]},
								"east": {"uv": [2, 0], "uv_size": [3, 0.5]},
								"south": {"uv": [8, 9], "uv_size": [0.5, 0.5]},
								"west": {"uv": [2, 1], "uv_size": [3, 0.5]},
								"up": {"uv": [2, 2], "uv_size": [0.5, 3]},
								"down": {"uv": [3, 5], "uv_size": [0.5, -3]}
							}
						},
						{
							"origin": [-0.15533, 0.25, -1],
							"size": [0.31066, 0.25, 0.75],
							"pivot": [0, 0, -0.625],
							"rotation": [0, -45, 0],
							"uv": {
								"north": {"uv": [8, 11], "uv_size": [0.5, 0.5]},
								"south": {"uv": [11, 8], "uv_size": [0.5, 0.5]},
								"up": {"uv": [8, 0], "uv_size": [0.5, 1]}
							}
						},
						{
							"origin": [-0.15533, 0.25, -1],
							"size": [0.31066, 0.25, 0.75],
							"uv": {
								"north": {"uv": [9, 11], "uv_size": [0.5, 0.5]},
								"south": {"uv": [11, 9], "uv_size": [0.5, 0.5]},
								"up": {"uv": [2, 8], "uv_size": [0.5, 1]}
							}
						},
						{
							"origin": [-0.375, 0.25, -0.78033],
							"size": [0.75, 0.25, 0.31066],
							"pivot": [0, 0, -0.625],
							"rotation": [0, -45, 0],
							"uv": {
								"east": {"uv": [10, 11], "uv_size": [0.5, 0.5]},
								"west": {"uv": [11, 10], "uv_size": [0.5, 0.5]},
								"up": {"uv": [3, 8], "uv_size": [1, 0.5]}
							}
						},
						{
							"origin": [-0.375, 0.25, -0.78033],
							"size": [0.75, 0.25, 0.31066],
							"uv": {
								"east": {"uv": [11, 11], "uv_size": [0.5, 0.5]},
								"west": {"uv": [0, 12], "uv_size": [0.5, 0.5]},
								"up": {"uv": [4, 8], "uv_size": [1, 0.5]}
							}
						},
						{
							"origin": [0.78125, 0.28125, -0.39062],
							"size": [0.25, 0.25, 0.25],
							"pivot": [0.90625, 0.40625, -0.26562],
							"rotation": [-45, 0, 0],
							"uv": {
								"north": {"uv": [8, 10], "uv_size": [0.5, 0.5]},
								"south": {"uv": [10, 8], "uv_size": [0.5, 0.5]},
								"west": {"uv": [9, 10], "uv_size": [0.5, 0.5]},
								"up": {"uv": [10, 9], "uv_size": [0.5, 0.5]},
								"down": {"uv": [10, 10.5], "uv_size": [0.5, -0.5]}
							}
						},
						{
							"origin": [0.46875, 0.59375, -0.20312],
							"size": [0.25, 0.125, 0.125],
							"pivot": [0.59375, 0.65625, -0.20312],
							"rotation": [-45, 0, 0],
							"uv": {
								"north": {"uv": [0, 11], "uv_size": [0.5, 0.5]},
								"east": {"uv": [11, 0], "uv_size": [0.5, 0.5]},
								"south": {"uv": [1, 11], "uv_size": [0.5, 0.5]},
								"up": {"uv": [11, 1], "uv_size": [0.5, 0.5]},
								"down": {"uv": [2, 11.5], "uv_size": [0.5, -0.5]}
							}
						},
						{
							"origin": [0.46875, 0.40625, -1.45312],
							"size": [0.25, 0.125, 0.125],
							"pivot": [0.59375, 0.46875, -1.45312],
							"rotation": [-45, 0, 0],
							"uv": {
								"north": {"uv": [11, 2], "uv_size": [0.5, 0.5]},
								"east": {"uv": [3, 11], "uv_size": [0.5, 0.5]},
								"south": {"uv": [11, 3], "uv_size": [0.5, 0.5]},
								"up": {"uv": [4, 11], "uv_size": [0.5, 0.5]},
								"down": {"uv": [11, 4.5], "uv_size": [0.5, -0.5]}
							}
						},
						{
							"origin": [0.75, 0, -2.75],
							"size": [0.1875, 0.125, 2.75],
							"uv": {
								"north": {"uv": [2, 10], "uv_size": [0.5, 0.5]},
								"east": {"uv": [4, 2], "uv_size": [3, 0.5]},
								"south": {"uv": [10, 2], "uv_size": [0.5, 0.5]},
								"west": {"uv": [4, 3], "uv_size": [3, 0.5]},
								"down": {"uv": [0, 7], "uv_size": [0.5, -3]}
							}
						},
						{
							"origin": [0.499, 0.00628, -1.56694],
							"size": [0.25, 0.25, 0.375],
							"pivot": [0.625, 0.13128, -1.94194],
							"rotation": [45, 0, 0],
							"uv": {
								"east": {"uv": [6, 9], "uv_size": [0.5, 0.5]},
								"west": {"uv": [9, 6], "uv_size": [0.5, 0.5]},
								"up": {"uv": [7, 9], "uv_size": [0.5, 0.5]}
							}
						},
						{
							"origin": [0.51463, 0.03753, -1.50444],
							"size": [0.25, 0.25, 0.25],
							"pivot": [0.625, 0.13128, -1.94194],
							"rotation": [45, 0, 0],
							"uv": {
								"north": {"uv": [5, 17], "uv_size": [0.5, 0.5]},
								"east": {"uv": [17, 5], "uv_size": [0.5, 0.5]},
								"south": {"uv": [6, 17], "uv_size": [0.5, 0.5]},
								"west": {"uv": [17, 6], "uv_size": [0.5, 0.5]},
								"up": {"uv": [7, 17], "uv_size": [0.5, 0.5]}
							}
						},
						{
							"origin": [0.57713, 0.54721, -1.79706],
							"size": [0.125, 0.25, 0.125],
							"pivot": [0.63963, 0.67221, -1.73456],
							"rotation": [71.7511, 17.38772, 42.18626],
							"uv": {
								"north": {"uv": [17, 7], "uv_size": [0.5, 0.5]},
								"east": {"uv": [8, 17], "uv_size": [0.5, 0.5]},
								"south": {"uv": [17, 8], "uv_size": [0.5, 0.5]},
								"west": {"uv": [9, 17], "uv_size": [0.5, 0.5]}
							}
						},
						{
							"origin": [0.33037, 0.20792, -1.92138],
							"size": [0.125, 0.375, 0.125],
							"pivot": [0.39287, 0.45792, -1.85888],
							"rotation": [41.7511, 17.38772, 42.18626],
							"uv": {
								"north": {"uv": [17, 15], "uv_size": [0.5, 0.5]},
								"east": {"uv": [16, 17], "uv_size": [0.5, 0.5]},
								"south": {"uv": [17, 16], "uv_size": [0.5, 0.5]},
								"west": {"uv": [17, 17], "uv_size": [0.5, 0.5]}
							}
						},
						{
							"origin": [0.20371, 0.01483, -1.74451],
							"size": [0.125, 0.25, 0.125],
							"pivot": [0.26621, 0.26483, -1.74451],
							"rotation": [96.7511, 17.38772, 42.18626],
							"uv": {
								"north": {"uv": [0, 18], "uv_size": [0.5, 0.5]},
								"east": {"uv": [18, 0], "uv_size": [0.5, 0.5]},
								"south": {"uv": [1, 18], "uv_size": [0.5, 0.5]},
								"west": {"uv": [18, 1], "uv_size": [0.5, 0.5]}
							}
						},
						{
							"origin": [0.30016, -0.0058, -1.59577],
							"size": [0.125, 0.25, 0.125],
							"pivot": [0.42516, 0.2442, -1.53327],
							"rotation": [98.70569, -42.16773, 34.29131],
							"uv": {
								"north": {"uv": [2, 18], "uv_size": [0.5, 0.5]},
								"east": {"uv": [18, 2], "uv_size": [0.5, 0.5]},
								"south": {"uv": [3, 18], "uv_size": [0.5, 0.5]},
								"west": {"uv": [18, 3], "uv_size": [0.5, 0.5]}
							}
						},
						{
							"origin": [0.24871, 0.19248, -1.52408],
							"size": [0.125, 0.25, 0.125],
							"pivot": [0.31121, 0.44248, -1.39908],
							"rotation": [58.70569, -42.16773, 34.29131],
							"uv": {
								"north": {"uv": [4, 18], "uv_size": [0.5, 0.5]},
								"east": {"uv": [18, 4], "uv_size": [0.5, 0.5]},
								"south": {"uv": [5, 18], "uv_size": [0.5, 0.5]},
								"west": {"uv": [18, 5], "uv_size": [0.5, 0.5]}
							}
						},
						{
							"origin": [0.02075, -0.04151, -1.28535],
							"size": [0.125, 0.375, 0.125],
							"pivot": [0.14575, 0.33349, -1.22285],
							"rotation": [7.93577, -67.12523, 93.48915],
							"uv": {
								"north": {"uv": [6, 18], "uv_size": [0.5, 0.5]},
								"east": {"uv": [18, 6], "uv_size": [0.5, 0.5]},
								"south": {"uv": [7, 18], "uv_size": [0.5, 0.5]},
								"west": {"uv": [18, 7], "uv_size": [0.5, 0.5]}
							}
						},
						{
							"origin": [-0.34707, 0.15371, -1.26522],
							"size": [0.125, 0.25, 0.125],
							"pivot": [-0.22207, 0.40371, -1.20272],
							"rotation": [-60.16552, -39.29759, 172.13007],
							"uv": {
								"north": {"uv": [8, 18], "uv_size": [0.5, 0.5]},
								"east": {"uv": [18, 8], "uv_size": [0.5, 0.5]},
								"south": {"uv": [9, 18], "uv_size": [0.5, 0.5]},
								"west": {"uv": [18, 9], "uv_size": [0.5, 0.5]}
							}
						},
						{
							"origin": [-0.37766, 0.32113, -1.51107],
							"size": [0.125, 0.25, 0.125],
							"pivot": [-0.31516, 0.57113, -1.38607],
							"rotation": [-102.66552, -39.29759, 172.13007],
							"uv": {
								"north": {"uv": [10, 18], "uv_size": [0.5, 0.5]},
								"east": {"uv": [18, 10], "uv_size": [0.5, 0.5]},
								"south": {"uv": [11, 18], "uv_size": [0.5, 0.5]},
								"west": {"uv": [18, 11], "uv_size": [0.5, 0.5]}
							}
						},
						{
							"origin": [-0.61665, 0.17984, -1.58714],
							"size": [0.125, 0.25, 0.125],
							"pivot": [-0.49165, 0.42984, -1.52464],
							"rotation": [-100.38336, 19.70675, 160.49385],
							"uv": {
								"north": {"uv": [12, 18], "uv_size": [0.5, 0.5]},
								"east": {"uv": [18, 12], "uv_size": [0.5, 0.5]},
								"south": {"uv": [13, 18], "uv_size": [0.5, 0.5]},
								"west": {"uv": [18, 13], "uv_size": [0.5, 0.5]}
							}
						},
						{
							"origin": [-0.42243, 0.24392, -1.87068],
							"size": [0.125, 0.25, 0.125],
							"pivot": [-0.35993, 0.49392, -1.74568],
							"rotation": [-135.38336, 19.70675, 160.49385],
							"uv": {
								"north": {"uv": [14, 18], "uv_size": [0.5, 0.5]},
								"east": {"uv": [18, 14], "uv_size": [0.5, 0.5]},
								"south": {"uv": [15, 18], "uv_size": [0.5, 0.5]},
								"west": {"uv": [18, 15], "uv_size": [0.5, 0.5]}
							}
						},
						{
							"origin": [0.57713, 0.79721, -1.92206],
							"size": [0.125, 0.125, 0.125],
							"pivot": [0.63963, 0.67221, -1.73456],
							"rotation": [71.7511, 17.38772, 42.18626],
							"uv": {
								"east": {"uv": [17, 9], "uv_size": [0.5, 0.5]},
								"west": {"uv": [10, 17], "uv_size": [0.5, 0.5]},
								"up": {"uv": [17, 10], "uv_size": [0.5, 0.5]},
								"down": {"uv": [11, 17.5], "uv_size": [0.5, -0.5]}
							}
						},
						{
							"origin": [0.55882, 0.64595, -1.96986],
							"size": [0.125, 0.125, 0.17678],
							"pivot": [0.62132, 0.70845, -1.85558],
							"rotation": [26.7511, 17.38772, 42.18626],
							"uv": {
								"east": {"uv": [17, 11], "uv_size": [0.5, 0.5]},
								"west": {"uv": [12, 17], "uv_size": [0.5, 0.5]},
								"up": {"uv": [17, 12], "uv_size": [0.5, 0.5]},
								"down": {"uv": [13, 17.5], "uv_size": [0.5, -0.5]}
							}
						},
						{
							"origin": [0.41251, 0.52463, -2.02998],
							"size": [0.125, 0.125, 0.17678],
							"pivot": [0.47501, 0.58713, -1.94159],
							"rotation": [101.7511, 17.38772, 42.18626],
							"uv": {
								"east": {"uv": [17, 13], "uv_size": [0.5, 0.5]},
								"west": {"uv": [14, 17], "uv_size": [0.5, 0.5]},
								"up": {"uv": [17, 14], "uv_size": [0.5, 0.5]},
								"down": {"uv": [15, 17.5], "uv_size": [0.5, -0.5]}
							}
						},
						{
							"origin": [0.749, 0.00628, -1.81694],
							"size": [0.25, 0.25, 0.375],
							"pivot": [0.875, 0.13128, -2.19194],
							"rotation": [45, 0, 0],
							"uv": {
								"east": {"uv": [10, 0], "uv_size": [0.5, 0.5]},
								"west": {"uv": [1, 10], "uv_size": [0.5, 0.5]},
								"up": {"uv": [10, 1], "uv_size": [0.5, 0.5]}
							}
						},
						{
							"origin": [-0.94194, -0.001, -0.6276],
							"size": [0.5, 0.25, 0.70711],
							"pivot": [-0.69194, 0.0625, -0.7955],
							"rotation": [0, 45, 0],
							"uv": {
								"east": {"uv": [3, 9], "uv_size": [0.5, 0.5]},
								"up": {"uv": [9, 3], "uv_size": [0.5, 0.5]},
								"down": {"uv": [4, 9.5], "uv_size": [0.5, -0.5]}
							}
						},
						{
							"origin": [-0.625, 0.51124, -2.65355],
							"size": [0.125, 0.23995, 0.125],
							"pivot": [-0.5625, 0.51124, -2.52855],
							"rotation": [6.10957, 0, 0],
							"uv": {
								"east": {"uv": [8, 14], "uv_size": [0.5, 0.5]},
								"south": {"uv": [14, 8], "uv_size": [0.5, 0.5]},
								"west": {"uv": [9, 14], "uv_size": [0.5, 0.5]}
							}
						},
						{
							"origin": [-0.75, 0.60467, -2.64555],
							"size": [0.125, 0.14652, 0.117],
							"pivot": [-0.6875, 0.51124, -2.52855],
							"rotation": [6.10957, 0, 0],
							"uv": {
								"east": {"uv": [14, 11], "uv_size": [0.5, 0.5]},
								"south": {"uv": [12, 14], "uv_size": [0.5, 0.5]},
								"down": {"uv": [14, 12.5], "uv_size": [0.5, -0.5]}
							}
						},
						{
							"origin": [-0.625, 0.58565, -2.75],
							"size": [0.125, 0.17952, 0.14973],
							"pivot": [-0.5625, 0.51517, -3],
							"rotation": [-32.5, 0, 0],
							"uv": {
								"east": {"uv": [14, 6], "uv_size": [0.5, 0.5]},
								"south": {"uv": [7, 14], "uv_size": [0.5, 0.5]},
								"west": {"uv": [14, 7], "uv_size": [0.5, 0.5]}
							}
						},
						{
							"origin": [-0.625, 0.51517, -3],
							"size": [0.125, 0.4375, 0.25],
							"pivot": [-0.5625, 0.51517, -3],
							"rotation": [-32.5, 0, 0],
							"uv": {
								"north": {"uv": [14, 4], "uv_size": [0.5, 0.5]},
								"east": {"uv": [5, 14], "uv_size": [0.5, 0.5]},
								"west": {"uv": [14, 5], "uv_size": [0.5, 0.5]},
								"up": {"uv": [6, 14], "uv_size": [0.5, 0.5]}
							}
						},
						{
							"origin": [-0.75, 0.76517, -3],
							"size": [0.125, 0.1875, 0.25],
							"pivot": [-0.6875, 0.51517, -3],
							"rotation": [-32.5, 0, 0],
							"uv": {
								"north": {"uv": [14, 9], "uv_size": [0.5, 0.5]},
								"east": {"uv": [10, 14], "uv_size": [0.5, 0.5]},
								"up": {"uv": [14, 10], "uv_size": [0.5, 0.5]},
								"down": {"uv": [11, 14.5], "uv_size": [0.5, -0.5]}
							}
						},
						{
							"origin": [-0.625, 0.35983, -3],
							"size": [0.125, 0.15533, 0.375],
							"pivot": [0, 0.4375, -2.8125],
							"rotation": [-45, 0, 0],
							"uv": {
								"east": {"uv": [12, 13], "uv_size": [0.5, 0.5]},
								"south": {"uv": [13, 12], "uv_size": [0.5, 0.5]},
								"west": {"uv": [13, 13], "uv_size": [0.5, 0.5]}
							}
						},
						{
							"origin": [-0.625, 0.35983, -3],
							"size": [0.125, 0.15533, 0.375],
							"uv": {
								"north": {"uv": [0, 14], "uv_size": [0.5, 0.5]},
								"east": {"uv": [14, 0], "uv_size": [0.5, 0.5]},
								"west": {"uv": [1, 14], "uv_size": [0.5, 0.5]}
							}
						},
						{
							"origin": [-0.625, 0.25, -2.89017],
							"size": [0.125, 0.375, 0.15533],
							"pivot": [0, 0.4375, -2.8125],
							"rotation": [-45, 0, 0],
							"uv": {
								"east": {"uv": [14, 1], "uv_size": [0.5, 0.5]},
								"west": {"uv": [2, 14], "uv_size": [0.5, 0.5]},
								"down": {"uv": [14, 2.5], "uv_size": [0.5, -0.5]}
							}
						},
						{
							"origin": [-0.625, 0.25, -2.89017],
							"size": [0.125, 0.375, 0.15533],
							"uv": {
								"east": {"uv": [3, 14], "uv_size": [0.5, 0.5]},
								"west": {"uv": [14, 3], "uv_size": [0.5, 0.5]},
								"down": {"uv": [4, 14.5], "uv_size": [0.5, -0.5]}
							}
						},
						{
							"origin": [0.625, 0.76517, -3],
							"size": [0.125, 0.1875, 0.25],
							"pivot": [0.6875, 0.51517, -3],
							"rotation": [-32.5, 0, 0],
							"uv": {
								"north": {"uv": [11, 15], "uv_size": [0.5, 0.5]},
								"west": {"uv": [15, 11], "uv_size": [0.5, 0.5]},
								"up": {"uv": [12, 15], "uv_size": [0.5, 0.5]},
								"down": {"uv": [15, 12.5], "uv_size": [0.5, -0.5]}
							}
						},
						{
							"origin": [0.625, 0.60467, -2.64555],
							"size": [0.125, 0.14652, 0.117],
							"pivot": [0.6875, 0.51124, -2.52855],
							"rotation": [6.10957, 0, 0],
							"uv": {
								"south": {"uv": [15, 9], "uv_size": [0.5, 0.5]},
								"west": {"uv": [10, 15], "uv_size": [0.5, 0.5]},
								"down": {"uv": [15, 10.5], "uv_size": [0.5, -0.5]}
							}
						},
						{
							"origin": [0.5, 0.51124, -2.65355],
							"size": [0.125, 0.23995, 0.125],
							"pivot": [0.5625, 0.51124, -2.52855],
							"rotation": [6.10957, 0, 0],
							"uv": {
								"east": {"uv": [8, 15], "uv_size": [0.5, 0.5]},
								"south": {"uv": [15, 8], "uv_size": [0.5, 0.5]},
								"west": {"uv": [9, 15], "uv_size": [0.5, 0.5]}
							}
						},
						{
							"origin": [0.5, 0.58565, -2.75],
							"size": [0.125, 0.17952, 0.14973],
							"pivot": [0.5625, 0.51517, -3],
							"rotation": [-32.5, 0, 0],
							"uv": {
								"east": {"uv": [15, 6], "uv_size": [0.5, 0.5]},
								"south": {"uv": [7, 15], "uv_size": [0.5, 0.5]},
								"west": {"uv": [15, 7], "uv_size": [0.5, 0.5]}
							}
						},
						{
							"origin": [0.5, 0.51517, -3],
							"size": [0.125, 0.4375, 0.25],
							"pivot": [0.5625, 0.51517, -3],
							"rotation": [-32.5, 0, 0],
							"uv": {
								"north": {"uv": [15, 4], "uv_size": [0.5, 0.5]},
								"east": {"uv": [5, 15], "uv_size": [0.5, 0.5]},
								"west": {"uv": [15, 5], "uv_size": [0.5, 0.5]},
								"up": {"uv": [6, 15], "uv_size": [0.5, 0.5]}
							}
						},
						{
							"origin": [0.5, 0.35983, -3],
							"size": [0.125, 0.15533, 0.375],
							"uv": {
								"north": {"uv": [3, 15], "uv_size": [0.5, 0.5]},
								"east": {"uv": [15, 3], "uv_size": [0.5, 0.5]},
								"west": {"uv": [4, 15], "uv_size": [0.5, 0.5]}
							}
						},
						{
							"origin": [0.5, 0.25, -2.89017],
							"size": [0.125, 0.375, 0.15533],
							"pivot": [0, 0.4375, -2.8125],
							"rotation": [-45, 0, 0],
							"uv": {
								"east": {"uv": [15, 1], "uv_size": [0.5, 0.5]},
								"west": {"uv": [2, 15], "uv_size": [0.5, 0.5]},
								"down": {"uv": [15, 2.5], "uv_size": [0.5, -0.5]}
							}
						},
						{
							"origin": [0.5, 0.25, -2.89017],
							"size": [0.125, 0.375, 0.15533],
							"uv": {
								"east": {"uv": [0, 15], "uv_size": [0.5, 0.5]},
								"west": {"uv": [15, 0], "uv_size": [0.5, 0.5]},
								"down": {"uv": [1, 15.5], "uv_size": [0.5, -0.5]}
							}
						},
						{
							"origin": [0.5, 0.35983, -3],
							"size": [0.125, 0.15533, 0.375],
							"pivot": [0, 0.4375, -2.8125],
							"rotation": [-45, 0, 0],
							"uv": {
								"east": {"uv": [13, 14], "uv_size": [0.5, 0.5]},
								"south": {"uv": [14, 13], "uv_size": [0.5, 0.5]},
								"west": {"uv": [14, 14], "uv_size": [0.5, 0.5]}
							}
						},
						{
							"origin": [0.624, 0.5, -2.89017],
							"size": [0.125, 0.125, 0.15533],
							"pivot": [0, 0.4375, -2.8125],
							"rotation": [-45, 0, 0],
							"uv": {
								"east": {"uv": [3, 13], "uv_size": [0.5, 0.5]},
								"west": {"uv": [13, 3], "uv_size": [0.5, 0.5]},
								"up": {"uv": [4, 13], "uv_size": [0.5, 0.5]}
							}
						},
						{
							"origin": [0.625, 0.51517, -2.89017],
							"size": [0.125, 0.10983, 0.15533],
							"uv": {
								"east": {"uv": [13, 4], "uv_size": [0.5, 0.5]},
								"west": {"uv": [5, 13], "uv_size": [0.5, 0.5]},
								"up": {"uv": [13, 5], "uv_size": [0.5, 0.5]}
							}
						},
						{
							"origin": [0.624, 0.35983, -3],
							"size": [0.125, 0.15533, 0.125],
							"pivot": [0, 0.4375, -2.8125],
							"rotation": [-45, 0, 0],
							"uv": {
								"north": {"uv": [6, 13], "uv_size": [0.5, 0.5]},
								"east": {"uv": [13, 6], "uv_size": [0.5, 0.5]},
								"west": {"uv": [7, 13], "uv_size": [0.5, 0.5]}
							}
						},
						{
							"origin": [-0.749, 0.35983, -3],
							"size": [0.125, 0.15533, 0.125],
							"pivot": [0, 0.4375, -2.8125],
							"rotation": [-45, 0, 0],
							"uv": {
								"north": {"uv": [11, 12], "uv_size": [0.5, 0.5]},
								"east": {"uv": [12, 11], "uv_size": [0.5, 0.5]},
								"west": {"uv": [12, 12], "uv_size": [0.5, 0.5]}
							}
						},
						{
							"origin": [-0.749, 0.5, -2.89017],
							"size": [0.125, 0.125, 0.15533],
							"pivot": [0, 0.4375, -2.8125],
							"rotation": [-45, 0, 0],
							"uv": {
								"east": {"uv": [0, 13], "uv_size": [0.5, 0.5]},
								"west": {"uv": [13, 0], "uv_size": [0.5, 0.5]},
								"up": {"uv": [1, 13], "uv_size": [0.5, 0.5]}
							}
						},
						{
							"origin": [-0.75, 0.51517, -2.89017],
							"size": [0.125, 0.10983, 0.15533],
							"uv": {
								"east": {"uv": [13, 1], "uv_size": [0.5, 0.5]},
								"west": {"uv": [2, 13], "uv_size": [0.5, 0.5]},
								"up": {"uv": [13, 2], "uv_size": [0.5, 0.5]}
							}
						},
						{
							"origin": [-0.18122, 0.1875, -2.4375],
							"size": [0.36244, 0.25, 0.875],
							"pivot": [0, -0.0625, -2],
							"rotation": [0, -45, 0],
							"uv": {
								"north": {"uv": [12, 2], "uv_size": [0.5, 0.5]},
								"south": {"uv": [3, 12], "uv_size": [0.5, 0.5]},
								"up": {"uv": [8, 6], "uv_size": [0.5, 1]}
							}
						},
						{
							"origin": [-0.25, 1.48776, -2.64883],
							"size": [0.5, 0.0625, 0.125],
							"pivot": [0, 0.98776, -2.5786],
							"rotation": [-32.5, 0, 0],
							"uv": {
								"north": {"uv": [0, 16], "uv_size": [0.5, 0.5]},
								"south": {"uv": [16, 0], "uv_size": [0.5, 0.5]},
								"up": {"uv": [1, 16], "uv_size": [0.5, 0.5]},
								"down": {"uv": [16, 1.5], "uv_size": [0.5, -0.5]}
							}
						},
						{
							"origin": [0.24436, 0.42526, -2.66646],
							"size": [0.43861, 0.0625, 0.125],
							"pivot": [0, 0.98776, -2.5786],
							"rotation": [-32.5661, -3.44493, 2.19785],
							"uv": {
								"north": {"uv": [16, 7], "uv_size": [0.5, 0.5]},
								"south": {"uv": [8, 16], "uv_size": [0.5, 0.5]},
								"up": {"uv": [16, 8], "uv_size": [0.5, 0.5]},
								"down": {"uv": [9, 16.5], "uv_size": [0.5, -0.5]}
							}
						},
						{
							"origin": [-0.68298, 1.48776, -2.66646],
							"size": [0.43861, 0.0625, 0.125],
							"pivot": [0, 0.98776, -2.5786],
							"rotation": [-32.5661, 3.44493, -2.19785],
							"uv": {
								"north": {"uv": [13, 15], "uv_size": [0.5, 0.5]},
								"east": {"uv": [15, 13], "uv_size": [0.5, 0.5]},
								"south": {"uv": [14, 15], "uv_size": [0.5, 0.5]},
								"up": {"uv": [15, 14], "uv_size": [0.5, 0.5]},
								"down": {"uv": [15, 15.5], "uv_size": [0.5, -0.5]}
							}
						},
						{
							"origin": [-0.68298, 0.80026, -2.66646],
							"size": [0.0625, 0.6875, 0.125],
							"pivot": [0, 0.98776, -2.5786],
							"rotation": [-32.5661, 3.44493, -2.19785],
							"uv": {
								"north": {"uv": [16, 9], "uv_size": [0.5, 0.5]},
								"east": {"uv": [10, 16], "uv_size": [0.5, 0.5]},
								"south": {"uv": [16, 10], "uv_size": [0.5, 0.5]},
								"west": {"uv": [11, 16], "uv_size": [0.5, 0.5]}
							}
						},
						{
							"origin": [-0.68298, 0.42526, -2.66646],
							"size": [0.43861, 0.0625, 0.125],
							"pivot": [0, 0.98776, -2.5786],
							"rotation": [-32.5661, 3.44493, -2.19785],
							"uv": {
								"north": {"uv": [16, 5], "uv_size": [0.5, 0.5]},
								"south": {"uv": [6, 16], "uv_size": [0.5, 0.5]},
								"up": {"uv": [16, 6], "uv_size": [0.5, 0.5]},
								"down": {"uv": [7, 16.5], "uv_size": [0.5, -0.5]}
							}
						},
						{
							"origin": [-0.5111, 0.48776, -2.66646],
							"size": [0.0625, 0.3125, 0.125],
							"pivot": [0, 0.98776, -2.5786],
							"rotation": [-32.5661, 3.44493, -2.19785],
							"uv": {
								"north": {"uv": [4, 16], "uv_size": [0.5, 0.5]},
								"south": {"uv": [16, 4], "uv_size": [0.5, 0.5]},
								"west": {"uv": [5, 16], "uv_size": [0.5, 0.5]}
							}
						},
						{
							"origin": [-0.62048, 0.80026, -2.66646],
							"size": [0.17188, 0.0625, 0.125],
							"pivot": [0, 0.98776, -2.5786],
							"rotation": [-32.5661, 3.44493, -2.19785],
							"uv": {
								"north": {"uv": [16, 11], "uv_size": [0.5, 0.5]},
								"south": {"uv": [12, 16], "uv_size": [0.5, 0.5]},
								"west": {"uv": [16, 12], "uv_size": [0.5, 0.5]},
								"up": {"uv": [13, 16], "uv_size": [0.5, 0.5]}
							}
						},
						{
							"origin": [0.62048, 0.80026, -2.66646],
							"size": [0.0625, 0.6875, 0.125],
							"pivot": [0, 0.98776, -2.5786],
							"rotation": [-32.5661, -3.44493, 2.19785],
							"uv": {
								"north": {"uv": [3, 17], "uv_size": [0.5, 0.5]},
								"east": {"uv": [17, 3], "uv_size": [0.5, 0.5]},
								"south": {"uv": [4, 17], "uv_size": [0.5, 0.5]},
								"west": {"uv": [17, 4], "uv_size": [0.5, 0.5]}
							}
						},
						{
							"origin": [0.4486, 0.80026, -2.66646],
							"size": [0.17188, 0.0625, 0.125],
							"pivot": [0, 0.98776, -2.5786],
							"rotation": [-32.5661, -3.44493, 2.19785],
							"uv": {
								"north": {"uv": [1, 17], "uv_size": [0.5, 0.5]},
								"east": {"uv": [17, 1], "uv_size": [0.5, 0.5]},
								"south": {"uv": [2, 17], "uv_size": [0.5, 0.5]},
								"up": {"uv": [17, 2], "uv_size": [0.5, 0.5]}
							}
						},
						{
							"origin": [0.4486, 0.48776, -2.66646],
							"size": [0.0625, 0.3125, 0.125],
							"pivot": [0, 0.98776, -2.5786],
							"rotation": [-32.5661, -3.44493, 2.19785],
							"uv": {
								"north": {"uv": [16, 16], "uv_size": [0.5, 0.5]},
								"east": {"uv": [0, 17], "uv_size": [0.5, 0.5]},
								"south": {"uv": [17, 0], "uv_size": [0.5, 0.5]}
							}
						},
						{
							"origin": [0.24436, 1.48776, -2.66646],
							"size": [0.43861, 0.0625, 0.125],
							"pivot": [0, 0.98776, -2.5786],
							"rotation": [-32.5661, -3.44493, 2.19785],
							"uv": {
								"north": {"uv": [16, 13], "uv_size": [0.5, 0.5]},
								"south": {"uv": [14, 16], "uv_size": [0.5, 0.5]},
								"west": {"uv": [16, 14], "uv_size": [0.5, 0.5]},
								"up": {"uv": [15, 16], "uv_size": [0.5, 0.5]},
								"down": {"uv": [16, 15.5], "uv_size": [0.5, -0.5]}
							}
						},
						{
							"origin": [-0.25, 0.42526, -2.64883],
							"size": [0.5, 0.0625, 0.125],
							"pivot": [0, 0.98776, -2.5786],
							"rotation": [-32.5, 0, 0],
							"uv": {
								"north": {"uv": [2, 16], "uv_size": [0.5, 0.5]},
								"south": {"uv": [16, 2], "uv_size": [0.5, 0.5]},
								"up": {"uv": [3, 16], "uv_size": [0.5, 0.5]},
								"down": {"uv": [16, 3.5], "uv_size": [0.5, -0.5]}
							}
						},
						{
							"origin": [-0.18122, 0.1875, -2.4375],
							"size": [0.36244, 0.25, 0.875],
							"uv": {
								"north": {"uv": [12, 3], "uv_size": [0.5, 0.5]},
								"south": {"uv": [4, 12], "uv_size": [0.5, 0.5]},
								"up": {"uv": [7, 8], "uv_size": [0.5, 1]}
							}
						},
						{
							"origin": [-0.4375, 0.1875, -2.18122],
							"size": [0.875, 0.25, 0.36244],
							"pivot": [0, -0.0625, -2],
							"rotation": [0, -45, 0],
							"uv": {
								"east": {"uv": [12, 4], "uv_size": [0.5, 0.5]},
								"west": {"uv": [5, 12], "uv_size": [0.5, 0.5]},
								"up": {"uv": [8, 7], "uv_size": [1, 0.5]}
							}
						},
						{
							"origin": [-0.4375, 0.1875, -2.18122],
							"size": [0.875, 0.25, 0.36244],
							"uv": {
								"east": {"uv": [12, 5], "uv_size": [0.5, 0.5]},
								"west": {"uv": [6, 12], "uv_size": [0.5, 0.5]},
								"up": {"uv": [8, 8], "uv_size": [1, 0.5]}
							}
						}
					]
				},
				{
					"name": "b_illuminated",
					"parent": "scope_body",
					"pivot": [0, 1.0123, -2.61712],
					"cubes": [
						{
							"origin": [-0.10937, 1.0103, -2.74212],
							"size": [0.04688, 0, 0.01563],
							"pivot": [0, 1.0123, -2.61712],
							"rotation": [57.5, 0, 0],
							"uv": {
								"down": {"uv": [7, 19.5], "uv_size": [0.5, -0.5]}
							}
						},
						{
							"origin": [-0.10937, 1.0103, -2.50775],
							"size": [0.04688, 0, 0.01563],
							"pivot": [0, 1.0123, -2.61712],
							"rotation": [57.5, 0, 0],
							"uv": {
								"down": {"uv": [19, 8.5], "uv_size": [0.5, -0.5]}
							}
						},
						{
							"origin": [0.0625, 1.0103, -2.50775],
							"size": [0.04688, 0, 0.01563],
							"pivot": [0, 1.0123, -2.61712],
							"rotation": [57.5, 0, 0],
							"uv": {
								"down": {"uv": [19, 10.5], "uv_size": [0.5, -0.5]}
							}
						},
						{
							"origin": [0.0625, 1.0103, -2.74212],
							"size": [0.04688, 0, 0.01563],
							"pivot": [0, 1.0123, -2.61712],
							"rotation": [57.5, 0, 0],
							"uv": {
								"down": {"uv": [10, 19.5], "uv_size": [0.5, -0.5]}
							}
						},
						{
							"origin": [0.10938, 1.0103, -2.74212],
							"size": [0.01563, 0, 0.0625],
							"pivot": [0, 1.0123, -2.61712],
							"rotation": [57.5, 0, 0],
							"uv": {
								"down": {"uv": [8, 19.5], "uv_size": [0.5, -0.5]}
							}
						},
						{
							"origin": [0.10938, 1.0103, -2.55462],
							"size": [0.01563, 0, 0.0625],
							"pivot": [0, 1.0123, -2.61712],
							"rotation": [57.5, 0, 0],
							"uv": {
								"down": {"uv": [19, 9.5], "uv_size": [0.5, -0.5]}
							}
						},
						{
							"origin": [-0.125, 1.0103, -2.74212],
							"size": [0.01563, 0, 0.0625],
							"pivot": [0, 1.0123, -2.61712],
							"rotation": [57.5, 0, 0],
							"uv": {
								"down": {"uv": [19, 7.5], "uv_size": [0.5, -0.5]}
							}
						},
						{
							"origin": [-0.125, 1.0103, -2.55462],
							"size": [0.01563, 0, 0.0625],
							"pivot": [0, 1.0123, -2.61712],
							"rotation": [57.5, 0, 0],
							"uv": {
								"down": {"uv": [9, 19.5], "uv_size": [0.5, -0.5]}
							}
						}
					]
				},
				{
					"name": "ammo_display",
					"parent": "scope_body",
					"pivot": [-0.56115, 0.99674, -2.5927],
					"rotation": [-32.5661, 3.4449, -2.1978]
				},
				{
					"name": "ocular",
					"pivot": [0, 1.0123, -2.61712],
					"cubes": [
						{
							"origin": [-0.25, 0.48776, -2.63321],
							"size": [0.5, 1, 0],
							"pivot": [0, 0.98776, -2.5786],
							"rotation": [-32.5, 0, 0],
							"uv": {
								"south": {"uv": [0, 9], "uv_size": [0.5, 1]}
							}
						},
						{
							"origin": [0.24436, 0.47936, -2.65329],
							"size": [0.37611, 1, 0],
							"pivot": [0, 0.97936, -2.56542],
							"rotation": [-32.5661, -3.44493, 2.19785],
							"uv": {
								"south": {"uv": [9, 0], "uv_size": [0.5, 1]}
							}
						},
						{
							"origin": [-0.62564, 0.5099, -2.61335],
							"size": [0.37611, 1, 0],
							"pivot": [-0.43758, 1.0099, -2.61335],
							"rotation": [-32.5661, 3.44493, -2.19785],
							"uv": {
								"south": {"uv": [1, 9], "uv_size": [0.5, 1]}
							}
						}
					]
				},
				{
					"name": "scope_view",
					"pivot": [0, 1.0123, 3.38288]
				},
				{
					"name": "division",
					"pivot": [0, 1.0123, -2.61712]
				},
				{
					"name": "d_illuminated",
					"parent": "division",
					"pivot": [0, 1.0123, -32],
					"cubes": [
						{
							"origin": [-0.09375, 0.91855, -32],
							"size": [0.1875, 0.1875, 0],
							"pivot": [0, 1.0123, -32],
							"rotation": [0, 0, -45],
							"uv": {
								"south": {"uv": [19, 6], "uv_size": [0.5, 0.5]}
							}
						}
					]
				}
			]
		}
	]
}