{
	"format_version": "1.12.0",
	"minecraft:geometry": [
		{
			"description": {
				"identifier": "geometry.hk416_a5",
				"texture_width": 16,
				"texture_height": 16,
				"visible_bounds_width": 2,
				"visible_bounds_height": 1.5,
				"visible_bounds_offset": [0, 0.25, 0]
			},
			"bones": [
				{
					"name": "hk416_a5_tactical_grip",
					"pivot": [0, -0.1, 5.5]
				},
				{
					"name": "grip11",
					"parent": "hk416_a5_tactical_grip",
					"pivot": [-0.36601, -1.30138, 0.15625],
					"cubes": [
						{
							"origin": [-0.5, -0.1625, -0.09375],
							"size": [1, 0.3125, 2.25],
							"uv": {
								"north": {"uv": [4, 9], "uv_size": [1, 0.5]},
								"south": {"uv": [9, 4], "uv_size": [1, 0.5]},
								"up": {"uv": [2, 4], "uv_size": [1, 2.5]}
							}
						},
						{
							"origin": [-0.72855, -0.1625, -0.04197],
							"size": [0.35355, 0.3125, 0.25],
							"pivot": [-0.5, -0.00625, 0.08303],
							"rotation": [0, 45, 0],
							"uv": {
								"north": {"uv": [8, 10], "uv_size": [0.5, 0.5]},
								"up": {"uv": [10, 8], "uv_size": [0.5, 0.5]},
								"down": {"uv": [9, 10.5], "uv_size": [0.5, -0.5]}
							}
						},
						{
							"origin": [0.375, -0.1625, -0.04197],
							"size": [0.35355, 0.3125, 0.25],
							"pivot": [0.5, -0.00625, 0.08303],
							"rotation": [0, -45, 0],
							"uv": {
								"north": {"uv": [10, 9], "uv_size": [0.5, 0.5]},
								"up": {"uv": [10, 10], "uv_size": [0.5, 0.5]},
								"down": {"uv": [0, 11.5], "uv_size": [0.5, -0.5]}
							}
						},
						{
							"origin": [-0.50444, -0.1625, 1.38664],
							"size": [0.25, 0.3125, 0.35356],
							"pivot": [0, -0.00625, 1.94286],
							"rotation": [0, 45, 0],
							"uv": {
								"east": {"uv": [11, 0], "uv_size": [0.5, 0.5]},
								"up": {"uv": [1, 11], "uv_size": [0.5, 0.5]},
								"down": {"uv": [11, 1.5], "uv_size": [0.5, -0.5]}
							}
						},
						{
							"origin": [0.20267, -0.1625, 2.1973],
							"size": [0.35355, 0.3125, 0.25],
							"pivot": [0, -0.00625, 1.94286],
							"rotation": [0, 45, 0],
							"uv": {
								"south": {"uv": [2, 11], "uv_size": [0.5, 0.5]},
								"up": {"uv": [11, 2], "uv_size": [0.5, 0.5]},
								"down": {"uv": [3, 11.5], "uv_size": [0.5, -0.5]}
							}
						},
						{
							"origin": [-0.75, -0.1625, 0.15625],
							"size": [1.5, 0.3125, 1.75],
							"uv": {
								"east": {"uv": [7, 1], "uv_size": [2, 0.5]},
								"west": {"uv": [7, 2], "uv_size": [2, 0.5]},
								"up": {"uv": [0, 4], "uv_size": [1.5, 2]},
								"down": {"uv": [4, 2], "uv_size": [1.5, -2]}
							}
						},
						{
							"origin": [-0.5, -0.4125, 0.15625],
							"size": [1, 0.25, 1.75],
							"uv": {
								"east": {"uv": [7, 3], "uv_size": [2, 0.5]},
								"west": {"uv": [7, 4], "uv_size": [2, 0.5]},
								"down": {"uv": [4, 4], "uv_size": [1, -2]}
							}
						},
						{
							"origin": [0.61289, 0.36917, 0.15625],
							"size": [0.36, 0.11, 1.75],
							"pivot": [-0.20711, 0.54917, 1.90625],
							"rotation": [0, 0, 45],
							"uv": {
								"north": {"uv": [11, 3], "uv_size": [0.5, 0.5]},
								"south": {"uv": [4, 11], "uv_size": [0.5, 0.5]},
								"west": {"uv": [7, 5], "uv_size": [2, 0.5]},
								"up": {"uv": [2, 7], "uv_size": [0.5, 2]}
							}
						},
						{
							"origin": [0.61289, 0.61917, 0.15625],
							"size": [0.36001, 0.10355, 1.75],
							"pivot": [-0.20711, 0.54917, 1.90625],
							"rotation": [0, 0, 45],
							"uv": {
								"north": {"uv": [11, 4], "uv_size": [0.5, 0.5]},
								"south": {"uv": [5, 11], "uv_size": [0.5, 0.5]},
								"west": {"uv": [7, 6], "uv_size": [2, 0.5]},
								"down": {"uv": [7, 9], "uv_size": [0.5, -2]}
							}
						},
						{
							"origin": [0.61289, 0.47854, 1.65625],
							"size": [0.36, 0.14125, 0.25],
							"pivot": [-0.20711, 0.54917, 1.90625],
							"rotation": [0, 0, 45],
							"uv": {
								"north": {"uv": [11, 5], "uv_size": [0.5, 0.5]},
								"south": {"uv": [6, 11], "uv_size": [0.5, 0.5]},
								"west": {"uv": [11, 6], "uv_size": [0.5, 0.5]}
							}
						},
						{
							"origin": [0.61289, 0.47854, 0.15625],
							"size": [0.36, 0.14125, 0.25],
							"pivot": [-0.20711, 0.54917, 1.90625],
							"rotation": [0, 0, 45],
							"uv": {
								"north": {"uv": [7, 11], "uv_size": [0.5, 0.5]},
								"south": {"uv": [11, 7], "uv_size": [0.5, 0.5]},
								"west": {"uv": [8, 11], "uv_size": [0.5, 0.5]}
							}
						},
						{
							"origin": [-0.97289, 0.47854, 1.65625],
							"size": [0.36, 0.14125, 0.25],
							"pivot": [0.20711, 0.54917, 1.90625],
							"rotation": [0, 0, -45],
							"uv": {
								"north": {"uv": [11, 8], "uv_size": [0.5, 0.5]},
								"east": {"uv": [9, 11], "uv_size": [0.5, 0.5]},
								"south": {"uv": [11, 9], "uv_size": [0.5, 0.5]}
							}
						},
						{
							"origin": [-0.9729, 0.61917, 0.15625],
							"size": [0.36001, 0.10355, 1.75],
							"pivot": [0.20711, 0.54917, 1.90625],
							"rotation": [0, 0, -45],
							"uv": {
								"north": {"uv": [10, 11], "uv_size": [0.5, 0.5]},
								"east": {"uv": [3, 8], "uv_size": [2, 0.5]},
								"south": {"uv": [11, 10], "uv_size": [0.5, 0.5]},
								"down": {"uv": [6, 10], "uv_size": [0.5, -2]}
							}
						},
						{
							"origin": [-0.97289, 0.36917, 0.15625],
							"size": [0.36, 0.11, 1.75],
							"pivot": [0.20711, 0.54917, 1.90625],
							"rotation": [0, 0, -45],
							"uv": {
								"north": {"uv": [11, 11], "uv_size": [0.5, 0.5]},
								"east": {"uv": [8, 7], "uv_size": [2, 0.5]},
								"south": {"uv": [0, 12], "uv_size": [0.5, 0.5]},
								"up": {"uv": [8, 8], "uv_size": [0.5, 2]}
							}
						},
						{
							"origin": [-0.5, -0.38779, 1.84659],
							"size": [1, 0.35355, 0.21876],
							"pivot": [0, -0.2081, 1.95597],
							"rotation": [-45, 0, 0],
							"uv": {
								"east": {"uv": [12, 0], "uv_size": [0.5, 0.5]},
								"south": {"uv": [9, 5], "uv_size": [1, 0.5]},
								"west": {"uv": [1, 12], "uv_size": [0.5, 0.5]}
							}
						},
						{
							"origin": [-0.5, -0.02167, 0.88104],
							"size": [1, 0.35355, 0.21875],
							"pivot": [0, -1.09199, 0.99042],
							"rotation": [45, 0, 0],
							"uv": {
								"north": {"uv": [9, 6], "uv_size": [1, 0.5]},
								"east": {"uv": [12, 1], "uv_size": [0.5, 0.5]},
								"west": {"uv": [2, 12], "uv_size": [0.5, 0.5]}
							}
						},
						{
							"origin": [-0.97289, 0.47854, 0.15625],
							"size": [0.36, 0.14125, 0.25],
							"pivot": [0.20711, 0.54917, 1.90625],
							"rotation": [0, 0, -45],
							"uv": {
								"north": {"uv": [12, 2], "uv_size": [0.5, 0.5]},
								"east": {"uv": [3, 12], "uv_size": [0.5, 0.5]},
								"south": {"uv": [12, 3], "uv_size": [0.5, 0.5]}
							}
						},
						{
							"origin": [-0.5, -5.19375, 0.40625],
							"size": [1, 3.875, 1.25],
							"uv": {
								"north": {"uv": [0, 0], "uv_size": [1, 4]},
								"south": {"uv": [1, 0], "uv_size": [1, 4]}
							}
						},
						{
							"origin": [-0.625, -5.19375, 0.53125],
							"size": [1.25, 3.875, 1],
							"uv": {
								"east": {"uv": [2, 0], "uv_size": [1, 4]},
								"west": {"uv": [3, 0], "uv_size": [1, 4]},
								"down": {"uv": [7, 1], "uv_size": [1.5, -1]}
							}
						},
						{
							"origin": [-0.5, -5.31875, 0.6875],
							"size": [1, 0.125, 0.6875],
							"uv": {
								"north": {"uv": [7, 9], "uv_size": [1, 0.5]},
								"east": {"uv": [4, 12], "uv_size": [0.5, 0.5]},
								"south": {"uv": [9, 8], "uv_size": [1, 0.5]},
								"west": {"uv": [12, 4], "uv_size": [0.5, 0.5]},
								"down": {"uv": [9, 9.5], "uv_size": [1, -0.5]}
							}
						},
						{
							"origin": [-0.5, -5.34201, 1.34838],
							"size": [1, 0.125, 0.3125],
							"pivot": [0, -5.27951, 1.28588],
							"rotation": [22.5, 0, 0],
							"uv": {
								"east": {"uv": [5, 12], "uv_size": [0.5, 0.5]},
								"west": {"uv": [12, 5], "uv_size": [0.5, 0.5]},
								"down": {"uv": [0, 10.5], "uv_size": [1, -0.5]}
							}
						},
						{
							"origin": [-0.5, -5.2583, 0.41827],
							"size": [1, 0.125, 0.3125],
							"pivot": [0, -5.1958, 0.57452],
							"rotation": [-22.5, 0, 0],
							"uv": {
								"north": {"uv": [10, 0], "uv_size": [1, 0.5]},
								"east": {"uv": [6, 12], "uv_size": [0.5, 0.5]},
								"west": {"uv": [12, 6], "uv_size": [0.5, 0.5]},
								"down": {"uv": [1, 10.5], "uv_size": [1, -0.5]}
							}
						},
						{
							"origin": [0.41134, -5.19375, 0.44275],
							"size": [0.177, 3.875, 0.177],
							"pivot": [0.49984, -1.69375, 0.53125],
							"rotation": [0, -45, 0],
							"uv": {
								"north": {"uv": [3, 4], "uv_size": [0.5, 4]},
								"east": {"uv": [4, 4], "uv_size": [0.5, 4]},
								"up": {"uv": [7, 12], "uv_size": [0.5, 0.5]},
								"down": {"uv": [12, 7.5], "uv_size": [0.5, -0.5]}
							}
						},
						{
							"origin": [0.05779, -5.19375, 1.2963],
							"size": [0.177, 3.875, 0.177],
							"pivot": [0.14629, -1.69375, 1.8848],
							"rotation": [0, -45, 0],
							"uv": {
								"south": {"uv": [5, 2], "uv_size": [0.5, 4]},
								"west": {"uv": [0, 6], "uv_size": [0.5, 4]},
								"up": {"uv": [8, 12], "uv_size": [0.5, 0.5]},
								"down": {"uv": [12, 8.5], "uv_size": [0.5, -0.5]}
							}
						},
						{
							"origin": [-0.5, -1.4908, 0.52121],
							"size": [1, 0.75, 0.25],
							"pivot": [0, -1.1158, 0.89621],
							"rotation": [-22.5, 0, 0],
							"uv": {
								"north": {"uv": [9, 0], "uv_size": [1, 1]},
								"east": {"uv": [10, 1], "uv_size": [0.5, 1]},
								"west": {"uv": [2, 10], "uv_size": [0.5, 1]}
							}
						},
						{
							"origin": [-0.5, -1.39513, 1.27226],
							"size": [1, 0.75, 0.25],
							"pivot": [0, -1.02013, 1.39726],
							"rotation": [22.5, 0, 0],
							"uv": {
								"east": {"uv": [10, 2], "uv_size": [0.5, 1]},
								"south": {"uv": [9, 1], "uv_size": [1, 1]},
								"west": {"uv": [3, 10], "uv_size": [0.5, 1]}
							}
						},
						{
							"origin": [-0.5, -1.31875, 0.59375],
							"size": [1, 0.9375, 0.875],
							"uv": {
								"north": {"uv": [2, 9], "uv_size": [1, 1]},
								"east": {"uv": [9, 2], "uv_size": [1, 1]},
								"south": {"uv": [3, 9], "uv_size": [1, 1]},
								"west": {"uv": [9, 3], "uv_size": [1, 1]}
							}
						},
						{
							"origin": [0.24101, -1.39513, 0.53125],
							"size": [0.25, 0.3125, 1],
							"pivot": [0.36601, -1.02013, 1.03125],
							"rotation": [0, 0, -22.5],
							"uv": {
								"north": {"uv": [9, 12], "uv_size": [0.5, 0.5]},
								"east": {"uv": [10, 3], "uv_size": [1, 0.5]},
								"south": {"uv": [12, 9], "uv_size": [0.5, 0.5]},
								"west": {"uv": [4, 10], "uv_size": [1, 0.5]},
								"up": {"uv": [10, 4], "uv_size": [0.5, 1]}
							}
						},
						{
							"origin": [-0.5, -1.0375, 0.35938],
							"size": [1, 0.375, 0.375],
							"pivot": [0, -0.56875, 0.03125],
							"rotation": [45, 0, 0],
							"uv": {
								"north": {"uv": [5, 10], "uv_size": [1, 0.5]},
								"east": {"uv": [10, 12], "uv_size": [0.5, 0.5]},
								"west": {"uv": [12, 10], "uv_size": [0.5, 0.5]}
							}
						},
						{
							"origin": [-0.5, -1.6625, 0.96875],
							"size": [1, 0.375, 0.375],
							"pivot": [0, -0.56875, 0.03125],
							"rotation": [45, 0, 0],
							"uv": {
								"east": {"uv": [11, 12], "uv_size": [0.5, 0.5]},
								"south": {"uv": [10, 5], "uv_size": [1, 0.5]},
								"west": {"uv": [12, 11], "uv_size": [0.5, 0.5]},
								"down": {"uv": [6, 10.5], "uv_size": [1, -0.5]}
							}
						},
						{
							"origin": [-0.58834, -5.19375, 0.44275],
							"size": [0.177, 3.875, 0.177],
							"pivot": [-0.49984, -1.69375, 0.53125],
							"rotation": [0, 45, 0],
							"uv": {
								"north": {"uv": [6, 0], "uv_size": [0.5, 4]},
								"west": {"uv": [1, 6], "uv_size": [0.5, 4]},
								"up": {"uv": [12, 12], "uv_size": [0.5, 0.5]},
								"down": {"uv": [0, 13.5], "uv_size": [0.5, -0.5]}
							}
						},
						{
							"origin": [-0.23479, -5.19375, 1.2963],
							"size": [0.177, 3.875, 0.177],
							"pivot": [-0.14629, -1.69375, 1.8848],
							"rotation": [0, 45, 0],
							"uv": {
								"east": {"uv": [6, 4], "uv_size": [0.5, 4]},
								"south": {"uv": [5, 6], "uv_size": [0.5, 4]},
								"up": {"uv": [13, 0], "uv_size": [0.5, 0.5]},
								"down": {"uv": [1, 13.5], "uv_size": [0.5, -0.5]}
							}
						},
						{
							"origin": [-0.49101, -1.39513, 0.53125],
							"size": [0.25, 0.3125, 1],
							"pivot": [-0.36601, -1.02013, 1.03125],
							"rotation": [0, 0, 22.5],
							"uv": {
								"north": {"uv": [13, 1], "uv_size": [0.5, 0.5]},
								"east": {"uv": [10, 6], "uv_size": [1, 0.5]},
								"south": {"uv": [2, 13], "uv_size": [0.5, 0.5]},
								"west": {"uv": [7, 10], "uv_size": [1, 0.5]},
								"up": {"uv": [10, 7], "uv_size": [0.5, 1]}
							}
						}
					]
				}
			]
		}
	]
}