{
	"format_version": "1.12.0",
	"minecraft:geometry": [
		{
			"description": {
				"identifier": "geometry.c5stock_sap",
				"texture_width": 24,
				"texture_height": 24,
				"visible_bounds_width": 4,
				"visible_bounds_height": 2.5,
				"visible_bounds_offset": [0, 0.75, 0]
			},
			"bones": [
				{
					"name": "hk416_a5_light_stock",
					"pivot": [0, -1.35, -11.75]
				},
				{
					"name": "body2",
					"parent": "hk416_a5_light_stock",
					"pivot": [0, -1.35, -11.75]
				},
				{
					"name": "buffer",
					"parent": "body2",
					"pivot": [0, -1.35, -11.75]
				},
				{
					"name": "octagon2",
					"parent": "buffer",
					"pivot": [0, -1.35, -11.75]
				},
				{
					"name": "Grip",
					"parent": "body2",
					"pivot": [-8, -1.35, -3.75]
				},
				{
					"name": "group2",
					"parent": "Grip",
					"pivot": [-7.625, -0.75735, -8.23854]
				},
				{
					"name": "PistolGrip",
					"parent": "Grip",
					"pivot": [-8, -1.35, -3.75]
				},
				{
					"name": "deco",
					"parent": "body2",
					"pivot": [-8, -1.35, -3.75]
				},
				{
					"name": "screws",
					"parent": "deco",
					"pivot": [-8, -1.35, -3.75]
				},
				{
					"name": "octagon3",
					"parent": "screws",
					"pivot": [0, -1.35, -11.75]
				},
				{
					"name": "octagon4",
					"parent": "screws",
					"pivot": [0, -1.35, -11.75]
				},
				{
					"name": "octagon5",
					"parent": "screws",
					"pivot": [0, -1.35, -11.75]
				},
				{
					"name": "switches",
					"parent": "deco",
					"pivot": [-8, -1.35, -3.75]
				},
				{
					"name": "Safety",
					"parent": "switches",
					"pivot": [0, -1.35, -11.75]
				},
				{
					"name": "MagazineCatch",
					"parent": "switches",
					"pivot": [0, -1.35, -11.75]
				},
				{
					"name": "group3",
					"parent": "MagazineCatch",
					"pivot": [8, -9.35, -19.125]
				},
				{
					"name": "group4",
					"parent": "MagazineCatch",
					"pivot": [8, -9.35, -19.125]
				},
				{
					"name": "group5",
					"parent": "switches",
					"pivot": [-7.625, 7.7125, -0.25]
				},
				{
					"name": "group6",
					"parent": "deco",
					"pivot": [-1.5625, 4.4625, -8.1875]
				},
				{
					"name": "body",
					"parent": "body2",
					"pivot": [0, -1.35, -11.75]
				},
				{
					"name": "upper",
					"parent": "body",
					"pivot": [0, -1.35, -11.75]
				},
				{
					"name": "group7",
					"parent": "upper",
					"pivot": [-1.19163, 1.38604, -4.59375]
				},
				{
					"name": "octagon6",
					"parent": "upper",
					"pivot": [0, -1.35, -11.75]
				},
				{
					"name": "octagon7",
					"parent": "upper",
					"pivot": [0, -1.35, -11.75]
				},
				{
					"name": "octagon8",
					"parent": "upper",
					"pivot": [0, -1.35, -11.75]
				},
				{
					"name": "group8",
					"parent": "upper",
					"pivot": [-6.0448, 11.78343, -11.625]
				},
				{
					"name": "octagon9",
					"parent": "upper",
					"pivot": [0, -1.35, -11.75]
				},
				{
					"name": "octagon10",
					"parent": "upper",
					"pivot": [0, -1.35, -11.75]
				},
				{
					"name": "body_rail",
					"parent": "upper",
					"pivot": [0.4552, 1.67834, -17.75]
				},
				{
					"name": "lower",
					"parent": "body",
					"pivot": [0, -1.35, -11.75]
				},
				{
					"name": "TriggerCover",
					"parent": "lower",
					"pivot": [-8, -3.5375, -7.625]
				},
				{
					"name": "group9",
					"parent": "lower",
					"pivot": [-1.10734, -3.14609, -10.92046]
				},
				{
					"name": "Trigger",
					"parent": "body",
					"pivot": [0, -1.35, -11.75]
				},
				{
					"name": "Barrel",
					"parent": "body2",
					"pivot": [0, -1.35, -11.75]
				},
				{
					"name": "GasBlock",
					"parent": "Barrel",
					"pivot": [0, -1.35, -11.75]
				},
				{
					"name": "octagon11",
					"parent": "GasBlock",
					"pivot": [0, -1.35, -11.75]
				},
				{
					"name": "octagon12",
					"parent": "GasBlock",
					"pivot": [0, -1.35, -11.75]
				},
				{
					"name": "octagon13",
					"parent": "GasBlock",
					"pivot": [0, -1.35, -11.75]
				},
				{
					"name": "octagon14",
					"parent": "Barrel",
					"pivot": [0, -1.35, -11.75]
				},
				{
					"name": "PullHandle",
					"parent": "body2",
					"pivot": [-8, 0.525, -0.75]
				},
				{
					"name": "group10",
					"parent": "PullHandle",
					"pivot": [-1.42682, 5.3375, -7.23479]
				},
				{
					"name": "handguard2",
					"parent": "body2",
					"pivot": [0, -1.35, -11.75]
				},
				{
					"name": "handguard_rail",
					"parent": "handguard2",
					"pivot": [0, -1.35, -11.75]
				},
				{
					"name": "handguard_rail2",
					"parent": "handguard_rail",
					"pivot": [0.09283, 1.01951, -19.34375]
				},
				{
					"name": "handguard_rail3",
					"parent": "handguard_rail",
					"pivot": [0.09283, 1.01951, -19.34375]
				},
				{
					"name": "handguard_rail4",
					"parent": "handguard_rail",
					"pivot": [0.09283, 1.01951, -19.34375]
				},
				{
					"name": "handguard",
					"parent": "handguard2",
					"pivot": [0, -1.35, -11.75]
				},
				{
					"name": "group12",
					"parent": "handguard",
					"pivot": [0, 10.34531, -13.0625]
				},
				{
					"name": "handstops",
					"parent": "hk416_a5_light_stock",
					"pivot": [0, -2.09404, -13.89294]
				},
				{
					"name": "silencer",
					"parent": "hk416_a5_light_stock",
					"pivot": [0, -1.35, -11.75]
				},
				{
					"name": "group13",
					"parent": "silencer",
					"pivot": [0, -3.85, -27]
				},
				{
					"name": "octagon15",
					"parent": "silencer",
					"pivot": [0, -1.35, -11.75]
				},
				{
					"name": "grip2",
					"parent": "hk416_a5_light_stock",
					"pivot": [-0.36601, -2.55138, -17.09375]
				},
				{
					"name": "foresightfold",
					"parent": "hk416_a5_light_stock",
					"pivot": [0.01831, 3.32148, -17.20705]
				},
				{
					"name": "light_stock",
					"parent": "hk416_a5_light_stock",
					"pivot": [0, -0.69375, 3.375],
					"cubes": [
						{
							"origin": [0.46352, -0.5028, 0],
							"size": [0.29687, 0.50536, 7.5625],
							"pivot": [0.51039, -0.26307, 3.0625],
							"rotation": [0, 0, 45],
							"uv": {
								"north": {"uv": [11, 18], "uv_size": [0.5, 0.5]},
								"east": {"uv": [7, 0], "uv_size": [7.5, 0.5]},
								"south": {"uv": [18, 11], "uv_size": [0.5, 0.5]},
								"west": {"uv": [7, 1], "uv_size": [7.5, 0.5]},
								"down": {"uv": [7, 9.5], "uv_size": [0.5, -7.5]}
							}
						},
						{
							"origin": [-0.875, -1.21876, 4.875],
							"size": [1.75, 0.25, 2.1875],
							"inflate": 0.001,
							"uv": {
								"east": {"uv": [14, 12], "uv_size": [2, 0.5]},
								"west": {"uv": [15, 0], "uv_size": [2, 0.5]},
								"up": {"uv": [3, 6], "uv_size": [2, 2]},
								"down": {"uv": [5, 8], "uv_size": [2, -2]}
							}
						},
						{
							"origin": [-0.81093, 0.22773, 0],
							"size": [0.3125, 0.61872, 7.5625],
							"pivot": [-0.59218, 0.40895, 7.3125],
							"rotation": [0, 0, 45],
							"uv": {
								"north": {"uv": [12, 18], "uv_size": [0.5, 0.5]},
								"east": {"uv": [8, 2], "uv_size": [7.5, 0.5]},
								"up": {"uv": [0, 8], "uv_size": [0.5, 7.5]},
								"down": {"uv": [1, 15.5], "uv_size": [0.5, -7.5]}
							}
						},
						{
							"origin": [-0.875, -1.21876, 7.0625],
							"size": [1.75, 0.96674, 0.5],
							"inflate": 0.001,
							"uv": {
								"north": {"uv": [12, 12], "uv_size": [2, 1]},
								"east": {"uv": [17, 1], "uv_size": [0.5, 1]},
								"west": {"uv": [2, 17], "uv_size": [0.5, 1]},
								"down": {"uv": [15, 1.5], "uv_size": [2, -0.5]}
							}
						},
						{
							"origin": [-0.4375, 0.43548, 0],
							"size": [0.875, 0.4375, 7.5625],
							"uv": {
								"north": {"uv": [3, 17], "uv_size": [1, 0.5]},
								"up": {"uv": [2, 0], "uv_size": [1, 7.5]}
							}
						},
						{
							"origin": [0.49843, 0.22773, 0],
							"size": [0.3125, 0.61872, 7.5625],
							"pivot": [0.59218, 0.40895, 7.3125],
							"rotation": [0, 0, -45],
							"uv": {
								"north": {"uv": [18, 12], "uv_size": [0.5, 0.5]},
								"west": {"uv": [8, 3], "uv_size": [7.5, 0.5]},
								"up": {"uv": [2, 8], "uv_size": [0.5, 7.5]},
								"down": {"uv": [3, 15.5], "uv_size": [0.5, -7.5]}
							}
						},
						{
							"origin": [-0.875, -1.29355, 4.56943],
							"size": [1.75, 1.375, 0.25],
							"pivot": [0.4375, -0.8873, 4.63193],
							"rotation": [45, 0, 0],
							"uv": {
								"north": {"uv": [8, 8], "uv_size": [2, 1.5]},
								"east": {"uv": [4, 16], "uv_size": [0.5, 1.5]},
								"south": {"uv": [6, 10], "uv_size": [2, 1.5]},
								"west": {"uv": [16, 4], "uv_size": [0.5, 1.5]}
							}
						},
						{
							"origin": [-0.5625, -1.21875, 1.75],
							"size": [1.125, 0.6875, 5.8125],
							"uv": {
								"east": {"uv": [8, 10], "uv_size": [6, 0.5]},
								"west": {"uv": [10, 8], "uv_size": [6, 0.5]},
								"up": {"uv": [3, 0], "uv_size": [1, 6]},
								"down": {"uv": [4, 6], "uv_size": [1, -6]}
							}
						},
						{
							"origin": [-0.5625, -0.84375, 0],
							"size": [0.29687, 0.59375, 1.375],
							"uv": {
								"north": {"uv": [13, 18], "uv_size": [0.5, 0.5]},
								"east": {"uv": [16, 6], "uv_size": [1.5, 0.5]},
								"west": {"uv": [16, 7], "uv_size": [1.5, 0.5]},
								"down": {"uv": [5, 17.5], "uv_size": [0.5, -1.5]}
							}
						},
						{
							"origin": [0.26562, -0.84375, 0],
							"size": [0.29688, 0.59375, 1.375],
							"uv": {
								"north": {"uv": [18, 13], "uv_size": [0.5, 0.5]},
								"east": {"uv": [16, 8], "uv_size": [1.5, 0.5]},
								"west": {"uv": [16, 10], "uv_size": [1.5, 0.5]},
								"down": {"uv": [16, 12.5], "uv_size": [0.5, -1.5]}
							}
						},
						{
							"origin": [-0.5625, -1.23563, 1.45927],
							"size": [1.125, 0.96875, 0.5],
							"pivot": [0, -0.87625, 1.58427],
							"rotation": [45, 0, 0],
							"uv": {
								"north": {"uv": [6, 8], "uv_size": [1, 1]},
								"east": {"uv": [17, 4], "uv_size": [0.5, 1]},
								"south": {"uv": [6, 9], "uv_size": [1, 1]},
								"west": {"uv": [17, 5], "uv_size": [0.5, 1]},
								"up": {"uv": [6, 17], "uv_size": [1, 0.5]},
								"down": {"uv": [7, 17.5], "uv_size": [1, -0.5]}
							}
						},
						{
							"origin": [-0.875, -1.05316, 6.69508],
							"size": [1.75, 0.52794, 0.28238],
							"pivot": [-0.4375, -1.08772, 6.75758],
							"rotation": [-45, 0, 0],
							"uv": {
								"north": {"uv": [15, 9], "uv_size": [2, 0.5]},
								"east": {"uv": [14, 18], "uv_size": [0.5, 0.5]},
								"west": {"uv": [18, 14], "uv_size": [0.5, 0.5]}
							}
						},
						{
							"origin": [-0.3125, -1.71875, 2.3125],
							"size": [0.625, 0.125, 4.4375],
							"uv": {
								"east": {"uv": [10, 9], "uv_size": [4.5, 0.5]},
								"south": {"uv": [15, 18], "uv_size": [0.5, 0.5]},
								"west": {"uv": [8, 11], "uv_size": [4.5, 0.5]},
								"up": {"uv": [6, 12], "uv_size": [0.5, 4.5]},
								"down": {"uv": [7, 16.5], "uv_size": [0.5, -4.5]}
							}
						},
						{
							"origin": [-0.3125, -1.53819, 1.68907],
							"size": [0.625, 0.125, 0.74999],
							"pivot": [0, -1.47569, 2.15782],
							"rotation": [-45, 0, 0],
							"uv": {
								"east": {"uv": [18, 15], "uv_size": [0.5, 0.5]},
								"south": {"uv": [16, 18], "uv_size": [0.5, 0.5]},
								"west": {"uv": [18, 16], "uv_size": [0.5, 0.5]},
								"up": {"uv": [17, 18], "uv_size": [0.5, 0.5]},
								"down": {"uv": [18, 17.5], "uv_size": [0.5, -0.5]}
							}
						},
						{
							"origin": [-0.3125, -0.6177, 7.1543],
							"size": [0.625, 1, 0.4375],
							"pivot": [0, -0.5552, 5.62305],
							"rotation": [-45, 0, 0],
							"uv": {
								"north": {"uv": [8, 17], "uv_size": [0.5, 1]},
								"east": {"uv": [9, 17], "uv_size": [0.5, 1]},
								"south": {"uv": [17, 9], "uv_size": [0.5, 1]},
								"west": {"uv": [10, 17], "uv_size": [0.5, 1]},
								"down": {"uv": [18, 18.5], "uv_size": [0.5, -0.5]}
							}
						},
						{
							"origin": [-0.3125, -3.90311, 6.93436],
							"size": [0.625, 2, 0.125],
							"uv": {
								"north": {"uv": [15, 13], "uv_size": [0.5, 2]},
								"east": {"uv": [15, 15], "uv_size": [0.5, 2]},
								"south": {"uv": [0, 16], "uv_size": [0.5, 2]},
								"west": {"uv": [1, 16], "uv_size": [0.5, 2]},
								"down": {"uv": [0, 19.5], "uv_size": [0.5, -0.5]}
							}
						},
						{
							"origin": [-0.3125, -4.67268, 6.84345],
							"size": [0.625, 0.8125, 0.125],
							"pivot": [0, -4.11018, 6.90595],
							"rotation": [-22.5, 0, 0],
							"uv": {
								"north": {"uv": [17, 11], "uv_size": [0.5, 1]},
								"east": {"uv": [17, 12], "uv_size": [0.5, 1]},
								"south": {"uv": [13, 17], "uv_size": [0.5, 1]},
								"west": {"uv": [17, 13], "uv_size": [0.5, 1]},
								"up": {"uv": [19, 0], "uv_size": [0.5, 0.5]},
								"down": {"uv": [1, 19.5], "uv_size": [0.5, -0.5]}
							}
						},
						{
							"origin": [-0.3125, -4.86018, 7.03095],
							"size": [0.625, 0.125, 0.90625],
							"pivot": [0, -4.11018, 6.90595],
							"rotation": [-22.5, 0, 0],
							"uv": {
								"north": {"uv": [19, 1], "uv_size": [0.5, 0.5]},
								"east": {"uv": [14, 17], "uv_size": [1, 0.5]},
								"west": {"uv": [17, 14], "uv_size": [1, 0.5]},
								"up": {"uv": [15, 17], "uv_size": [0.5, 1]},
								"down": {"uv": [17, 16], "uv_size": [0.5, -1]}
							}
						},
						{
							"origin": [-0.0625, -1.59375, 3.375],
							"size": [0.125, 0.5, 0.75],
							"uv": {
								"east": {"uv": [16, 17], "uv_size": [1, 0.5]},
								"west": {"uv": [17, 16], "uv_size": [1, 0.5]}
							}
						},
						{
							"origin": [-0.0625, -1.60892, 4.08839],
							"size": [0.125, 0.5, 0.25],
							"pivot": [0, -1.35892, 4.21339],
							"rotation": [45, 0, 0],
							"uv": {
								"east": {"uv": [2, 19], "uv_size": [0.5, 0.5]},
								"south": {"uv": [19, 2], "uv_size": [0.5, 0.5]},
								"west": {"uv": [3, 19], "uv_size": [0.5, 0.5]}
							}
						},
						{
							"origin": [-0.3125, -3.02811, 7.05936],
							"size": [0.625, 0.125, 0.625],
							"uv": {
								"east": {"uv": [19, 3], "uv_size": [0.5, 0.5]},
								"west": {"uv": [4, 19], "uv_size": [0.5, 0.5]},
								"up": {"uv": [19, 4], "uv_size": [0.5, 0.5]},
								"down": {"uv": [5, 19.5], "uv_size": [0.5, -0.5]}
							}
						},
						{
							"origin": [-0.3125, -4.27811, 6.87186],
							"size": [0.625, 0.125, 0.8125],
							"uv": {
								"east": {"uv": [17, 17], "uv_size": [1, 0.5]},
								"west": {"uv": [0, 18], "uv_size": [1, 0.5]},
								"up": {"uv": [1, 18], "uv_size": [0.5, 1]},
								"down": {"uv": [18, 2], "uv_size": [0.5, -1]}
							}
						},
						{
							"origin": [-0.0625, -3.96561, 7.05936],
							"size": [0.125, 2.3125, 0.1875],
							"uv": {
								"north": {"uv": [13, 14], "uv_size": [0.5, 2.5]},
								"east": {"uv": [14, 14], "uv_size": [0.5, 2.5]},
								"south": {"uv": [11, 15], "uv_size": [0.5, 2.5]},
								"west": {"uv": [12, 15], "uv_size": [0.5, 2.5]},
								"down": {"uv": [19, 5.5], "uv_size": [0.5, -0.5]}
							}
						},
						{
							"origin": [-0.0625, -4.76726, 6.6264],
							"size": [0.125, 0.92187, 0.1875],
							"pivot": [0, -4.98601, 6.7514],
							"rotation": [-22.5, 0, 0],
							"uv": {
								"north": {"uv": [2, 18], "uv_size": [0.5, 1]},
								"east": {"uv": [18, 2], "uv_size": [0.5, 1]},
								"south": {"uv": [3, 18], "uv_size": [0.5, 1]},
								"west": {"uv": [18, 3], "uv_size": [0.5, 1]}
							}
						},
						{
							"origin": [-0.0625, -1.62186, 4.12186],
							"size": [0.125, 0.1875, 2.90625],
							"uv": {
								"east": {"uv": [13, 11], "uv_size": [3, 0.5]},
								"west": {"uv": [12, 13], "uv_size": [3, 0.5]},
								"up": {"uv": [8, 14], "uv_size": [0.5, 3]}
							}
						},
						{
							"origin": [-0.3125, -1.59375, 5.75],
							"size": [0.625, 0.375, 0.125],
							"uv": {
								"north": {"uv": [6, 19], "uv_size": [0.5, 0.5]},
								"east": {"uv": [19, 6], "uv_size": [0.5, 0.5]},
								"south": {"uv": [7, 19], "uv_size": [0.5, 0.5]},
								"west": {"uv": [19, 7], "uv_size": [0.5, 0.5]}
							}
						},
						{
							"origin": [-0.875, -0.25202, 0],
							"size": [1.75, 0.6875, 7.5625],
							"uv": {
								"north": {"uv": [2, 16], "uv_size": [2, 0.5]},
								"east": {"uv": [8, 4], "uv_size": [7.5, 0.5]},
								"west": {"uv": [8, 5], "uv_size": [7.5, 0.5]},
								"down": {"uv": [0, 7.5], "uv_size": [2, -7.5]}
							}
						},
						{
							"origin": [-0.76072, -0.50247, 0],
							"size": [0.2972, 0.50503, 7.5625],
							"pivot": [-0.51039, -0.26307, 3.0625],
							"rotation": [0, 0, -45],
							"uv": {
								"north": {"uv": [8, 19], "uv_size": [0.5, 0.5]},
								"east": {"uv": [8, 6], "uv_size": [7.5, 0.5]},
								"south": {"uv": [19, 8], "uv_size": [0.5, 0.5]},
								"west": {"uv": [8, 7], "uv_size": [7.5, 0.5]},
								"up": {"uv": [4, 8], "uv_size": [0.5, 7.5]},
								"down": {"uv": [5, 15.5], "uv_size": [0.5, -7.5]}
							}
						},
						{
							"origin": [-0.3125, -4.81028, 6.6736],
							"size": [0.625, 0.2651, 0.15573],
							"pivot": [0, -4.67773, 6.80615],
							"rotation": [22.5, 0, 0],
							"uv": {
								"north": {"uv": [9, 19], "uv_size": [0.5, 0.5]},
								"east": {"uv": [19, 9], "uv_size": [0.5, 0.5]},
								"south": {"uv": [10, 19], "uv_size": [0.5, 0.5]},
								"west": {"uv": [19, 10], "uv_size": [0.5, 0.5]},
								"up": {"uv": [11, 19], "uv_size": [0.5, 0.5]},
								"down": {"uv": [19, 11.5], "uv_size": [0.5, -0.5]}
							}
						},
						{
							"origin": [-0.12944, -1.60938, 2.875],
							"size": [0.25888, 0.39063, 0.625],
							"pivot": [0, -0.60938, 3.1875],
							"rotation": [0, -45, 0],
							"uv": {
								"north": {"uv": [12, 19], "uv_size": [0.5, 0.5]},
								"south": {"uv": [19, 12], "uv_size": [0.5, 0.5]},
								"up": {"uv": [13, 19], "uv_size": [0.5, 0.5]},
								"down": {"uv": [19, 13.5], "uv_size": [0.5, -0.5]}
							}
						},
						{
							"origin": [-0.12944, -1.60938, 2.875],
							"size": [0.25888, 0.39063, 0.625],
							"uv": {
								"north": {"uv": [14, 19], "uv_size": [0.5, 0.5]},
								"south": {"uv": [19, 14], "uv_size": [0.5, 0.5]}
							}
						},
						{
							"origin": [-0.3125, -1.60938, 3.05806],
							"size": [0.625, 0.39063, 0.25888],
							"pivot": [0, -0.60938, 3.1875],
							"rotation": [0, -45, 0],
							"uv": {
								"east": {"uv": [15, 19], "uv_size": [0.5, 0.5]},
								"west": {"uv": [19, 15], "uv_size": [0.5, 0.5]},
								"up": {"uv": [16, 19], "uv_size": [0.5, 0.5]},
								"down": {"uv": [19, 16.5], "uv_size": [0.5, -0.5]}
							}
						},
						{
							"origin": [-0.3125, -1.60938, 3.05806],
							"size": [0.625, 0.39063, 0.25888],
							"uv": {
								"east": {"uv": [17, 19], "uv_size": [0.5, 0.5]},
								"west": {"uv": [19, 17], "uv_size": [0.5, 0.5]}
							}
						},
						{
							"origin": [-0.21875, -1.93751, 2.96875],
							"size": [0.4375, 0.75, 0.4375],
							"uv": {
								"north": {"uv": [4, 18], "uv_size": [0.5, 1]},
								"east": {"uv": [18, 4], "uv_size": [0.5, 1]},
								"south": {"uv": [5, 18], "uv_size": [0.5, 1]},
								"west": {"uv": [18, 5], "uv_size": [0.5, 1]},
								"down": {"uv": [18, 19.5], "uv_size": [0.5, -0.5]}
							}
						}
					]
				},
				{
					"name": "group14",
					"parent": "light_stock",
					"pivot": [0.01562, 3.85575, 4.96735],
					"cubes": [
						{
							"origin": [-0.875, -0.06452, 7.5625],
							"size": [1.75, 0.5, 0.5],
							"uv": {
								"east": {"uv": [19, 18], "uv_size": [0.5, 0.5]},
								"south": {"uv": [16, 2], "uv_size": [2, 0.5]},
								"west": {"uv": [19, 19], "uv_size": [0.5, 0.5]}
							}
						},
						{
							"origin": [-0.4375, 0.43548, 7.5625],
							"size": [0.875, 0.4375, 0.5],
							"uv": {
								"south": {"uv": [6, 18], "uv_size": [1, 0.5]},
								"up": {"uv": [18, 6], "uv_size": [1, 0.5]}
							}
						},
						{
							"origin": [0.49843, 0.22773, 7.5625],
							"size": [0.3125, 0.61872, 0.5],
							"pivot": [0.59218, 0.40895, 7.8125],
							"rotation": [0, 0, -45],
							"uv": {
								"south": {"uv": [0, 20], "uv_size": [0.5, 0.5]},
								"west": {"uv": [20, 0], "uv_size": [0.5, 0.5]},
								"up": {"uv": [1, 20], "uv_size": [0.5, 0.5]},
								"down": {"uv": [20, 1.5], "uv_size": [0.5, -0.5]}
							}
						},
						{
							"origin": [-0.81093, 0.22773, 7.5625],
							"size": [0.3125, 0.61872, 0.5],
							"pivot": [-0.59218, 0.40895, 7.8125],
							"rotation": [0, 0, 45],
							"uv": {
								"east": {"uv": [2, 20], "uv_size": [0.5, 0.5]},
								"south": {"uv": [20, 2], "uv_size": [0.5, 0.5]},
								"up": {"uv": [3, 20], "uv_size": [0.5, 0.5]},
								"down": {"uv": [20, 3.5], "uv_size": [0.5, -0.5]}
							}
						},
						{
							"origin": [-0.875, -3.26563, 7.5625],
							"size": [1.75, 3.20111, 0.5],
							"uv": {
								"north": {"uv": [5, 0], "uv_size": [2, 3]},
								"east": {"uv": [9, 14], "uv_size": [0.5, 3]},
								"south": {"uv": [5, 3], "uv_size": [2, 3]},
								"west": {"uv": [10, 14], "uv_size": [0.5, 3]},
								"down": {"uv": [16, 3.5], "uv_size": [2, -0.5]}
							}
						},
						{
							"origin": [0.41591, -3.94793, 7.5625],
							"size": [0.33641, 0.80945, 0.5],
							"pivot": [0.49403, -3.51043, 7.8125],
							"rotation": [0, 0, 22.5],
							"uv": {
								"north": {"uv": [7, 18], "uv_size": [0.5, 1]},
								"south": {"uv": [18, 7], "uv_size": [0.5, 1]},
								"west": {"uv": [8, 18], "uv_size": [0.5, 1]},
								"up": {"uv": [4, 20], "uv_size": [0.5, 0.5]}
							}
						},
						{
							"origin": [-0.625, -4.01563, 7.5625],
							"size": [1.25, 0.75, 0.5],
							"uv": {
								"north": {"uv": [14, 10], "uv_size": [1.5, 1]},
								"east": {"uv": [18, 8], "uv_size": [0.5, 1]},
								"south": {"uv": [11, 14], "uv_size": [1.5, 1]},
								"west": {"uv": [9, 18], "uv_size": [0.5, 1]}
							}
						},
						{
							"origin": [-0.75232, -3.94793, 7.5625],
							"size": [0.33641, 0.80945, 0.5],
							"pivot": [-0.49403, -3.51043, 7.8125],
							"rotation": [0, 0, -22.5],
							"uv": {
								"north": {"uv": [18, 9], "uv_size": [0.5, 1]},
								"east": {"uv": [10, 18], "uv_size": [0.5, 1]},
								"south": {"uv": [18, 10], "uv_size": [0.5, 1]},
								"up": {"uv": [20, 4], "uv_size": [0.5, 0.5]}
							}
						},
						{
							"origin": [-0.625, -5.15363, 7.34235],
							"size": [1.25, 1.28125, 0.5],
							"pivot": [0.01562, -4.49738, 7.59235],
							"rotation": [-22.5, 0, 0],
							"uv": {
								"north": {"uv": [8, 12], "uv_size": [1.5, 1.5]},
								"east": {"uv": [16, 13], "uv_size": [0.5, 1.5]},
								"south": {"uv": [10, 12], "uv_size": [1.5, 1.5]},
								"west": {"uv": [16, 15], "uv_size": [0.5, 1.5]},
								"down": {"uv": [17, 0.5], "uv_size": [1.5, -0.5]}
							}
						}
					]
				},
				{
					"name": "comp",
					"parent": "hk416_a5_light_stock",
					"pivot": [0, -1.85, -24.6875]
				},
				{
					"name": "group15",
					"parent": "comp",
					"pivot": [0, -1.85, -24.4375]
				},
				{
					"name": "defaultmuzzle",
					"parent": "hk416_a5_light_stock",
					"pivot": [0, -1.35, -11.75]
				},
				{
					"name": "brake",
					"parent": "hk416_a5_light_stock",
					"pivot": [0, -1.85, -24.6875]
				},
				{
					"name": "tacstock",
					"parent": "hk416_a5_light_stock",
					"pivot": [-0.125, -0.41894, 1.59387]
				},
				{
					"name": "clip",
					"parent": "tacstock",
					"pivot": [0, -1.05911, 2.57685]
				},
				{
					"name": "group16",
					"parent": "tacstock",
					"pivot": [0.31276, -4.65232, 7.25]
				},
				{
					"name": "octagon16",
					"parent": "tacstock",
					"pivot": [0, -1.35, -11.75]
				},
				{
					"name": "octagon17",
					"parent": "tacstock",
					"pivot": [0, -1.35, -11.75]
				},
				{
					"name": "heavy_stock",
					"parent": "hk416_a5_light_stock",
					"pivot": [-0.125, -0.41894, 1.59387]
				},
				{
					"name": "group17",
					"parent": "heavy_stock",
					"pivot": [-0.31276, -11.65232, 7.5]
				},
				{
					"name": "cheek",
					"parent": "heavy_stock",
					"pivot": [0, -1.35, -11.75]
				},
				{
					"name": "knob",
					"parent": "cheek",
					"pivot": [0, -1.35, -11.75]
				},
				{
					"name": "group18",
					"parent": "cheek",
					"pivot": [-1.0625, -6.9125, 0.75]
				},
				{
					"name": "mb",
					"parent": "hk416_a5_light_stock",
					"pivot": [0, -1.35, -11.75]
				},
				{
					"name": "magazine",
					"parent": "mb",
					"pivot": [3.0625, -5.57677, -15.73397]
				},
				{
					"name": "extdmb",
					"parent": "hk416_a5_light_stock",
					"pivot": [0, -1.35, -11.75]
				},
				{
					"name": "extend_magazine",
					"parent": "extdmb",
					"pivot": [0, -5.57677, -15.73397]
				},
				{
					"name": "556x45",
					"parent": "hk416_a5_light_stock",
					"pivot": [8, -9.35, -19.75]
				},
				{
					"name": "bolt",
					"parent": "hk416_a5_light_stock",
					"pivot": [0, -1.35, -11.75]
				},
				{
					"name": "sights",
					"parent": "hk416_a5_light_stock",
					"pivot": [0, -1.35, -11.75]
				},
				{
					"name": "rear_sight2",
					"parent": "sights",
					"pivot": [0.5, -9.35, -19.75]
				},
				{
					"name": "group",
					"parent": "rear_sight2",
					"pivot": [0.5, -9.35, -20]
				},
				{
					"name": "rearsight",
					"parent": "rear_sight2",
					"pivot": [0, -1.35, -11.75]
				},
				{
					"name": "octagon18",
					"parent": "rearsight",
					"pivot": [0, -1.35, -11.75]
				},
				{
					"name": "octagon",
					"parent": "rear_sight2",
					"pivot": [0, -1.35, -11.75]
				},
				{
					"name": "foresight",
					"parent": "sights",
					"pivot": [0.01831, 3.32148, -17.20705]
				}
			]
		}
	]
}