{
	"format_version": "1.12.0",
	"minecraft:geometry": [
		{
			"description": {
				"identifier": "geometry.2024-7-31",
				"texture_width": 32,
				"texture_height": 32,
				"visible_bounds_width": 5,
				"visible_bounds_height": 1.5,
				"visible_bounds_offset": [0, 0.25, 0]
			},
			"bones": [
				{
					"name": "bayonet",
					"pivot": [0.0625, -0.48437, -0.5],
					"rotation": [0, 180, 0],
					"cubes": [
						{
							"origin": [-8.10214, -8.49716, 3.71202],
							"size": [0.75, 0.26279, 0.18485],
							"pivot": [0.0625, -8.98437, -1.25],
							"rotation": [-90, 0, 120],
							"uv": {
								"north": {"uv": [19, 2], "uv_size": [1, 0.5]},
								"east": {"uv": [21, 1], "uv_size": [0.5, 0.5]},
								"south": {"uv": [19, 3], "uv_size": [1, 0.5]},
								"west": {"uv": [2, 21], "uv_size": [0.5, 0.5]},
								"up": {"uv": [19, 8], "uv_size": [1, 0.5]},
								"down": {"uv": [19, 9.5], "uv_size": [1, -0.5]}
							}
						},
						{
							"origin": [-0.3125, -8.49716, 8.21202],
							"size": [0.75, 0.26279, 0.1822],
							"pivot": [0.0625, -8.98437, -1.25],
							"rotation": [-90, 0, 180],
							"uv": {
								"north": {"uv": [10, 19], "uv_size": [1, 0.5]},
								"east": {"uv": [21, 2], "uv_size": [0.5, 0.5]},
								"south": {"uv": [19, 10], "uv_size": [1, 0.5]},
								"west": {"uv": [3, 21], "uv_size": [0.5, 0.5]},
								"up": {"uv": [11, 19], "uv_size": [1, 0.5]},
								"down": {"uv": [12, 19.5], "uv_size": [1, -0.5]}
							}
						},
						{
							"origin": [7.48173, -8.49716, 3.71202],
							"size": [0.74541, 0.26279, 0.18485],
							"pivot": [0.0625, -8.98437, -1.25],
							"rotation": [-90, 0, -120],
							"uv": {
								"north": {"uv": [23, 22], "uv_size": [0.5, 0.5]},
								"east": {"uv": [23, 23], "uv_size": [0.5, 0.5]},
								"south": {"uv": [0, 24], "uv_size": [0.5, 0.5]},
								"west": {"uv": [24, 0], "uv_size": [0.5, 0.5]},
								"up": {"uv": [1, 24], "uv_size": [0.5, 0.5]},
								"down": {"uv": [24, 1.5], "uv_size": [0.5, -0.5]}
							}
						},
						{
							"origin": [7.48173, -8.49716, -5.28798],
							"size": [0.74541, 0.26279, 0.19015],
							"pivot": [0.0625, -8.98437, -1.25],
							"rotation": [-90, 0, -60],
							"uv": {
								"north": {"uv": [23, 19], "uv_size": [0.5, 0.5]},
								"east": {"uv": [20, 23], "uv_size": [0.5, 0.5]},
								"south": {"uv": [23, 20], "uv_size": [0.5, 0.5]},
								"west": {"uv": [21, 23], "uv_size": [0.5, 0.5]},
								"up": {"uv": [23, 21], "uv_size": [0.5, 0.5]},
								"down": {"uv": [22, 23.5], "uv_size": [0.5, -0.5]}
							}
						},
						{
							"origin": [-8.10673, -8.49716, -5.28798],
							"size": [0.75459, 0.26279, 0.19015],
							"pivot": [0.0625, -8.98437, -1.25],
							"rotation": [-90, 0, 60],
							"uv": {
								"north": {"uv": [19, 12], "uv_size": [1, 0.5]},
								"east": {"uv": [21, 11], "uv_size": [0.5, 0.5]},
								"south": {"uv": [13, 19], "uv_size": [1, 0.5]},
								"west": {"uv": [12, 21], "uv_size": [0.5, 0.5]},
								"up": {"uv": [19, 13], "uv_size": [1, 0.5]},
								"down": {"uv": [14, 19.5], "uv_size": [1, -0.5]}
							}
						},
						{
							"origin": [-0.42187, 0.44034, -0.85048],
							"size": [0.96875, 0.26279, 0.5053],
							"pivot": [0.0625, -0.04687, -1.25],
							"rotation": [-90, 0, 0],
							"uv": {
								"north": {"uv": [19, 15], "uv_size": [1, 0.5]},
								"east": {"uv": [21, 12], "uv_size": [0.5, 0.5]},
								"south": {"uv": [16, 19], "uv_size": [1, 0.5]},
								"west": {"uv": [13, 21], "uv_size": [0.5, 0.5]},
								"up": {"uv": [19, 16], "uv_size": [1, 0.5]},
								"down": {"uv": [17, 19.5], "uv_size": [1, -0.5]}
							}
						},
						{
							"origin": [-2.31245, -2.51442, -3.14845],
							"size": [0.26479, 1.0962, 0.96875],
							"pivot": [0.0625, -1.52098, -2.66408],
							"rotation": [0, 90, 0],
							"uv": {
								"north": {"uv": [19, 17], "uv_size": [0.5, 1]},
								"east": {"uv": [8, 16], "uv_size": [1, 1]},
								"south": {"uv": [18, 19], "uv_size": [0.5, 1]},
								"west": {"uv": [9, 16], "uv_size": [1, 1]},
								"up": {"uv": [19, 18], "uv_size": [0.5, 1]},
								"down": {"uv": [19, 20], "uv_size": [0.5, -1]}
							}
						},
						{
							"origin": [-0.25162, -1.56119, -1.18117],
							"size": [0.24264, 0.60429, 0.96675],
							"inflate": 0.001,
							"pivot": [0.0625, -1.25505, -0.6978],
							"rotation": [90, 67.5, 90],
							"uv": {
								"north": {"uv": [21, 0], "uv_size": [0.5, 0.5]},
								"east": {"uv": [17, 18], "uv_size": [1, 0.5]},
								"south": {"uv": [1, 21], "uv_size": [0.5, 0.5]},
								"west": {"uv": [18, 18], "uv_size": [1, 0.5]},
								"up": {"uv": [19, 0], "uv_size": [0.5, 1]},
								"down": {"uv": [19, 2], "uv_size": [0.5, -1]}
							}
						},
						{
							"origin": [-0.43959, -2.95441, -1.18117],
							"size": [0.28461, 0.62035, 0.96675],
							"inflate": 0.001,
							"pivot": [0.0625, -2.18642, -0.6978],
							"rotation": [-90, 67.5, -90],
							"uv": {
								"north": {"uv": [21, 13], "uv_size": [0.5, 0.5]},
								"east": {"uv": [0, 20], "uv_size": [1, 0.5]},
								"south": {"uv": [14, 21], "uv_size": [0.5, 0.5]},
								"west": {"uv": [20, 0], "uv_size": [1, 0.5]},
								"up": {"uv": [1, 20], "uv_size": [0.5, 1]},
								"down": {"uv": [20, 2], "uv_size": [0.5, -1]}
							}
						},
						{
							"origin": [-0.35937, -3.98437, -1.38963],
							"size": [0.30671, 1.00366, 0.96675],
							"inflate": 0.001,
							"pivot": [0.0625, -3.23437, -0.90625],
							"rotation": [0, 90, 0],
							"uv": {
								"north": {"uv": [2, 20], "uv_size": [0.5, 1]},
								"east": {"uv": [10, 16], "uv_size": [1, 1]},
								"south": {"uv": [20, 2], "uv_size": [0.5, 1]},
								"west": {"uv": [16, 10], "uv_size": [1, 1]},
								"up": {"uv": [3, 20], "uv_size": [0.5, 1]},
								"down": {"uv": [20, 4], "uv_size": [0.5, -1]}
							}
						},
						{
							"origin": [-0.1875, -2.73538, -1.20312],
							"size": [0.4385, 1.251, 0.78125],
							"uv": {
								"north": {"uv": [18, 0], "uv_size": [0.5, 1.5]},
								"east": {"uv": [14, 8], "uv_size": [1, 1.5]},
								"south": {"uv": [18, 2], "uv_size": [0.5, 1.5]},
								"west": {"uv": [14, 13], "uv_size": [1, 1.5]},
								"up": {"uv": [20, 4], "uv_size": [0.5, 1]},
								"down": {"uv": [20, 6], "uv_size": [0.5, -1]}
							}
						},
						{
							"origin": [-0.1875, -2.49674, -1.84449],
							"size": [0.4385, 1.01236, 0.57925],
							"uv": {
								"north": {"uv": [20, 6], "uv_size": [0.5, 1]},
								"east": {"uv": [20, 7], "uv_size": [0.5, 1]},
								"south": {"uv": [8, 20], "uv_size": [0.5, 1]},
								"west": {"uv": [20, 8], "uv_size": [0.5, 1]},
								"up": {"uv": [21, 14], "uv_size": [0.5, 0.5]},
								"down": {"uv": [15, 21.5], "uv_size": [0.5, -0.5]}
							}
						},
						{
							"origin": [-0.17188, -2.43424, -2.3445],
							"size": [0.40725, 0.93424, 1.45425],
							"uv": {
								"north": {"uv": [9, 20], "uv_size": [0.5, 1]},
								"east": {"uv": [14, 11], "uv_size": [1.5, 1]},
								"south": {"uv": [20, 9], "uv_size": [0.5, 1]},
								"west": {"uv": [8, 15], "uv_size": [1.5, 1]},
								"up": {"uv": [8, 18], "uv_size": [0.5, 1.5]},
								"down": {"uv": [18, 9.5], "uv_size": [0.5, -1.5]}
							}
						},
						{
							"origin": [-0.1875, -2.41861, -2.2195],
							"size": [0.4385, 0.37174, 0.37613],
							"uv": {
								"north": {"uv": [21, 15], "uv_size": [0.5, 0.5]},
								"east": {"uv": [16, 21], "uv_size": [0.5, 0.5]},
								"south": {"uv": [21, 16], "uv_size": [0.5, 0.5]},
								"west": {"uv": [17, 21], "uv_size": [0.5, 0.5]},
								"up": {"uv": [21, 17], "uv_size": [0.5, 0.5]},
								"down": {"uv": [18, 21.5], "uv_size": [0.5, -0.5]}
							}
						},
						{
							"origin": [-0.1875, -2.5907, -2.45392],
							"size": [0.4385, 0.1885, 1.28125],
							"pivot": [0.03175, -1.73488, -1.8125],
							"rotation": [-7.5, 0, 0],
							"uv": {
								"north": {"uv": [21, 18], "uv_size": [0.5, 0.5]},
								"east": {"uv": [11, 18], "uv_size": [1.5, 0.5]},
								"south": {"uv": [19, 21], "uv_size": [0.5, 0.5]},
								"west": {"uv": [18, 11], "uv_size": [1.5, 0.5]},
								"up": {"uv": [9, 18], "uv_size": [0.5, 1.5]},
								"down": {"uv": [18, 13.5], "uv_size": [0.5, -1.5]}
							}
						},
						{
							"origin": [-0.17188, -2.55945, -3.01642],
							"size": [0.40725, 0.78225, 1.96875],
							"pivot": [0.03175, -1.73488, -1.8125],
							"rotation": [-7.5, 0, 0],
							"uv": {
								"north": {"uv": [10, 20], "uv_size": [0.5, 1]},
								"east": {"uv": [8, 8], "uv_size": [2, 1]},
								"south": {"uv": [20, 10], "uv_size": [0.5, 1]},
								"west": {"uv": [8, 9], "uv_size": [2, 1]},
								"up": {"uv": [11, 16], "uv_size": [0.5, 2]},
								"down": {"uv": [16, 13], "uv_size": [0.5, -2]}
							}
						},
						{
							"origin": [-0.1875, -1.7546, -2.41067],
							"size": [0.4385, 0.31206, 0.97727],
							"pivot": [0.03175, -1.80543, -2.10006],
							"rotation": [-135, 0, 0],
							"uv": {
								"north": {"uv": [21, 19], "uv_size": [0.5, 0.5]},
								"east": {"uv": [11, 20], "uv_size": [1, 0.5]},
								"south": {"uv": [20, 21], "uv_size": [0.5, 0.5]},
								"west": {"uv": [20, 11], "uv_size": [1, 0.5]},
								"up": {"uv": [12, 20], "uv_size": [0.5, 1]},
								"down": {"uv": [20, 13], "uv_size": [0.5, -1]}
							}
						},
						{
							"origin": [-0.1875, -1.62143, -2.282],
							"size": [0.4385, 0.13705, 0.26485],
							"uv": {
								"north": {"uv": [21, 20], "uv_size": [0.5, 0.5]},
								"east": {"uv": [21, 21], "uv_size": [0.5, 0.5]},
								"south": {"uv": [0, 22], "uv_size": [0.5, 0.5]},
								"west": {"uv": [22, 0], "uv_size": [0.5, 0.5]},
								"up": {"uv": [1, 22], "uv_size": [0.5, 0.5]},
								"down": {"uv": [22, 1.5], "uv_size": [0.5, -0.5]}
							}
						},
						{
							"origin": [-0.1875, -2.06396, -2.28881],
							"size": [0.4385, 0.18706, 1.16477],
							"pivot": [0.03175, -1.80543, -2.10006],
							"rotation": [-135, 0, 0],
							"uv": {
								"north": {"uv": [2, 22], "uv_size": [0.5, 0.5]},
								"east": {"uv": [13, 20], "uv_size": [1, 0.5]},
								"south": {"uv": [22, 2], "uv_size": [0.5, 0.5]},
								"west": {"uv": [20, 13], "uv_size": [1, 0.5]},
								"up": {"uv": [14, 20], "uv_size": [0.5, 1]},
								"down": {"uv": [20, 15], "uv_size": [0.5, -1]}
							}
						},
						{
							"origin": [-0.1875, -2.26709, -1.97631],
							"size": [0.4385, 0.20268, 0.41477],
							"pivot": [0.03175, -1.80543, -2.10006],
							"rotation": [-135, 0, 0],
							"uv": {
								"north": {"uv": [3, 22], "uv_size": [0.5, 0.5]},
								"east": {"uv": [22, 3], "uv_size": [0.5, 0.5]},
								"south": {"uv": [4, 22], "uv_size": [0.5, 0.5]},
								"west": {"uv": [22, 4], "uv_size": [0.5, 0.5]},
								"up": {"uv": [5, 22], "uv_size": [0.5, 0.5]},
								"down": {"uv": [22, 5.5], "uv_size": [0.5, -0.5]}
							}
						},
						{
							"origin": [-0.1875, -3.25721, -0.15806],
							"size": [0.4385, 0.18706, 0.35227],
							"pivot": [0.03175, -1.80543, -2.10006],
							"rotation": [-135, 0, 0],
							"uv": {
								"north": {"uv": [6, 22], "uv_size": [0.5, 0.5]},
								"east": {"uv": [22, 6], "uv_size": [0.5, 0.5]},
								"south": {"uv": [7, 22], "uv_size": [0.5, 0.5]},
								"west": {"uv": [22, 7], "uv_size": [0.5, 0.5]},
								"up": {"uv": [8, 22], "uv_size": [0.5, 0.5]},
								"down": {"uv": [22, 8.5], "uv_size": [0.5, -0.5]}
							}
						},
						{
							"origin": [-0.1875, -2.79893, -5.99117],
							"size": [0.4385, 0.14248, 0.76482],
							"pivot": [0.03175, -2.20383, -5.09739],
							"rotation": [-45, 0, 0],
							"uv": {
								"north": {"uv": [9, 22], "uv_size": [0.5, 0.5]},
								"east": {"uv": [15, 20], "uv_size": [1, 0.5]},
								"south": {"uv": [22, 9], "uv_size": [0.5, 0.5]},
								"west": {"uv": [20, 15], "uv_size": [1, 0.5]},
								"up": {"uv": [16, 20], "uv_size": [0.5, 1]},
								"down": {"uv": [20, 17], "uv_size": [0.5, -1]}
							}
						},
						{
							"origin": [-0.1875, -0.34524, -8.02411],
							"size": [0.4385, 0.14248, 0.40545],
							"pivot": [0.03175, 1.23508, -5.09739],
							"rotation": [45, 0, 0],
							"uv": {
								"north": {"uv": [10, 22], "uv_size": [0.5, 0.5]},
								"east": {"uv": [22, 10], "uv_size": [0.5, 0.5]},
								"south": {"uv": [11, 22], "uv_size": [0.5, 0.5]},
								"west": {"uv": [22, 11], "uv_size": [0.5, 0.5]},
								"up": {"uv": [12, 22], "uv_size": [0.5, 0.5]},
								"down": {"uv": [22, 12.5], "uv_size": [0.5, -0.5]}
							}
						},
						{
							"origin": [-0.1875, -1.99262, -6.04944],
							"size": [0.4385, 0.1415, -0.10075],
							"uv": {
								"north": {"uv": [13, 22], "uv_size": [0.5, 0.5]},
								"east": {"uv": [22, 13], "uv_size": [0.5, 0.5]},
								"south": {"uv": [14, 22], "uv_size": [0.5, 0.5]},
								"west": {"uv": [22, 14], "uv_size": [0.5, 0.5]},
								"up": {"uv": [15, 22], "uv_size": [0.5, 0.5]},
								"down": {"uv": [22, 15.5], "uv_size": [0.5, -0.5]}
							}
						},
						{
							"origin": [-0.1875, -2.53343, -5.60937],
							"size": [0.4385, 0.15921, 0.99272],
							"uv": {
								"north": {"uv": [16, 22], "uv_size": [0.5, 0.5]},
								"east": {"uv": [17, 20], "uv_size": [1, 0.5]},
								"south": {"uv": [22, 16], "uv_size": [0.5, 0.5]},
								"west": {"uv": [20, 17], "uv_size": [1, 0.5]},
								"up": {"uv": [18, 20], "uv_size": [0.5, 1]},
								"down": {"uv": [20, 19], "uv_size": [0.5, -1]}
							}
						},
						{
							"origin": [-0.1875, -1.72093, -5.86349],
							"size": [0.4385, 0.23656, 3.5815],
							"uv": {
								"north": {"uv": [17, 22], "uv_size": [0.5, 0.5]},
								"east": {"uv": [12, 10], "uv_size": [3.5, 0.5]},
								"south": {"uv": [22, 17], "uv_size": [0.5, 0.5]},
								"west": {"uv": [12, 12], "uv_size": [3.5, 0.5]},
								"up": {"uv": [12, 13], "uv_size": [0.5, 3.5]},
								"down": {"uv": [13, 16.5], "uv_size": [0.5, -3.5]}
							}
						},
						{
							"origin": [-0.1875, -2.44504, -4.551],
							"size": [0.4385, 0.27317, 1.71023],
							"uv": {
								"north": {"uv": [18, 22], "uv_size": [0.5, 0.5]},
								"east": {"uv": [13, 18], "uv_size": [1.5, 0.5]},
								"south": {"uv": [22, 18], "uv_size": [0.5, 0.5]},
								"west": {"uv": [18, 14], "uv_size": [1.5, 0.5]},
								"up": {"uv": [15, 18], "uv_size": [0.5, 1.5]},
								"down": {"uv": [18, 17.5], "uv_size": [0.5, -1.5]}
							}
						},
						{
							"origin": [-0.1875, -2.17188, -4.6135],
							"size": [0.4385, 0.45313, 1.96023],
							"uv": {
								"north": {"uv": [19, 22], "uv_size": [0.5, 0.5]},
								"east": {"uv": [16, 13], "uv_size": [2, 0.5]},
								"south": {"uv": [22, 19], "uv_size": [0.5, 0.5]},
								"west": {"uv": [16, 14], "uv_size": [2, 0.5]},
								"up": {"uv": [15, 16], "uv_size": [0.5, 2]},
								"down": {"uv": [16, 17], "uv_size": [0.5, -2]}
							}
						},
						{
							"origin": [-0.1875, -1.60492, -4.64696],
							"size": [0.4385, 0.32661, 0.8485],
							"pivot": [0.03175, -1.80549, -4.2866],
							"rotation": [122.5, 0, 0],
							"uv": {
								"north": {"uv": [20, 22], "uv_size": [0.5, 0.5]},
								"east": {"uv": [19, 20], "uv_size": [1, 0.5]},
								"south": {"uv": [22, 20], "uv_size": [0.5, 0.5]},
								"west": {"uv": [20, 19], "uv_size": [1, 0.5]},
								"up": {"uv": [20, 20], "uv_size": [0.5, 1]},
								"down": {"uv": [0, 22], "uv_size": [0.5, -1]}
							}
						},
						{
							"origin": [-0.1875, -1.90885, 15.53947],
							"size": [0.4385, 0.28129, 2.05832],
							"pivot": [0.03175, -1.48566, 17.42659],
							"rotation": [5, 0, 0],
							"uv": {
								"north": {"uv": [21, 22], "uv_size": [0.5, 0.5]},
								"east": {"uv": [8, 17], "uv_size": [2, 0.5]},
								"south": {"uv": [22, 21], "uv_size": [0.5, 0.5]},
								"west": {"uv": [17, 10], "uv_size": [2, 0.5]},
								"up": {"uv": [10, 17], "uv_size": [0.5, 2]},
								"down": {"uv": [17, 13], "uv_size": [0.5, -2]}
							}
						},
						{
							"origin": [-0.1875, -2.07172, -0.42187],
							"size": [0.4385, 0.28022, 16.0054],
							"uv": {
								"north": {"uv": [22, 22], "uv_size": [0.5, 0.5]},
								"east": {"uv": [2, 2], "uv_size": [16, 0.5]},
								"south": {"uv": [0, 23], "uv_size": [0.5, 0.5]},
								"west": {"uv": [2, 3], "uv_size": [16, 0.5]},
								"up": {"uv": [2, 4], "uv_size": [0.5, 16]},
								"down": {"uv": [3, 20], "uv_size": [0.5, -16]}
							}
						},
						{
							"origin": [-0.1875, -1.89232, -0.42187],
							"size": [0.4385, 0.28295, 18.05589],
							"uv": {
								"north": {"uv": [23, 0], "uv_size": [0.5, 0.5]},
								"east": {"uv": [0, 0], "uv_size": [18, 0.5]},
								"south": {"uv": [1, 23], "uv_size": [0.5, 0.5]},
								"west": {"uv": [0, 1], "uv_size": [18, 0.5]},
								"up": {"uv": [0, 2], "uv_size": [0.5, 18]},
								"down": {"uv": [1, 20], "uv_size": [0.5, -18]}
							}
						}
					]
				},
				{
					"name": "blade_illuminated",
					"parent": "bayonet",
					"pivot": [0.03175, -1.48488, 21.4375],
					"cubes": [
						{
							"origin": [-0.17188, -1.8577, 17.63402],
							"size": [0.40725, 0.24832, 4.02827],
							"uv": {
								"north": {"uv": [23, 1], "uv_size": [0.5, 0.5]},
								"east": {"uv": [8, 10], "uv_size": [4, 0.5]},
								"south": {"uv": [2, 23], "uv_size": [0.5, 0.5]},
								"west": {"uv": [10, 8], "uv_size": [4, 0.5]},
								"up": {"uv": [8, 11], "uv_size": [0.5, 4]},
								"down": {"uv": [9, 15], "uv_size": [0.5, -4]}
							}
						},
						{
							"origin": [-0.17188, -1.9827, 17.63402],
							"size": [0.40725, 0.125, 3.02827],
							"uv": {
								"north": {"uv": [23, 2], "uv_size": [0.5, 0.5]},
								"east": {"uv": [15, 8], "uv_size": [3, 0.5]},
								"south": {"uv": [3, 23], "uv_size": [0.5, 0.5]},
								"west": {"uv": [15, 9], "uv_size": [3, 0.5]},
								"up": {"uv": [15, 13], "uv_size": [0.5, 3]},
								"down": {"uv": [14, 18], "uv_size": [0.5, -3]}
							}
						},
						{
							"origin": [-0.17188, -2.5598, 1.80684],
							"size": [0.40725, 0.501, 13.875],
							"pivot": [0.03175, -2.18079, 15.48311],
							"rotation": [1, 0, 0],
							"uv": {
								"east": {"uv": [6, 6], "uv_size": [14, 0.5]},
								"west": {"uv": [6, 7], "uv_size": [14, 0.5]},
								"down": {"uv": [7, 22], "uv_size": [0.5, -14]}
							}
						},
						{
							"origin": [-0.17188, -2.52994, 1.37068],
							"size": [0.40725, 0.3135, 0.6875],
							"pivot": [0.03175, -2.3713, 1.61276],
							"rotation": [-45, 0, 0],
							"uv": {
								"east": {"uv": [5, 23], "uv_size": [0.5, 0.5]},
								"west": {"uv": [6, 23], "uv_size": [0.5, 0.5]},
								"down": {"uv": [7, 23.5], "uv_size": [0.5, -0.5]}
							}
						},
						{
							"origin": [-0.17188, -2.45358, 0.16199],
							"size": [0.40725, 0.3135, 0.4375],
							"pivot": [0.03175, -2.00767, 0.60139],
							"rotation": [45, 0, 0],
							"uv": {
								"east": {"uv": [8, 23], "uv_size": [0.5, 0.5]},
								"west": {"uv": [9, 23], "uv_size": [0.5, 0.5]},
								"down": {"uv": [10, 23.5], "uv_size": [0.5, -0.5]}
							}
						},
						{
							"origin": [-0.17188, -2.8574, -0.08475],
							"size": [0.40725, 0.46975, 0.5625],
							"pivot": [0.03175, -2.42319, -0.02048],
							"rotation": [22.5, 0, 0],
							"uv": {
								"east": {"uv": [11, 23], "uv_size": [0.5, 0.5]},
								"west": {"uv": [12, 23], "uv_size": [0.5, 0.5]},
								"down": {"uv": [13, 23.5], "uv_size": [0.5, -0.5]}
							}
						},
						{
							"origin": [-0.17188, -2.84893, -0.47618],
							"size": [0.40725, 0.51662, 0.5625],
							"uv": {
								"east": {"uv": [14, 23], "uv_size": [0.5, 0.5]},
								"west": {"uv": [15, 23], "uv_size": [0.5, 0.5]},
								"down": {"uv": [16, 23.5], "uv_size": [0.5, -0.5]}
							}
						},
						{
							"origin": [-0.17188, -2.33533, -0.30562],
							"size": [0.40725, 0.26302, 14.9185],
							"uv": {
								"east": {"uv": [4, 4], "uv_size": [16, 0.5]},
								"west": {"uv": [4, 5], "uv_size": [16, 0.5]},
								"down": {"uv": [5, 22], "uv_size": [0.5, -16]}
							}
						},
						{
							"origin": [-0.17188, -2.22412, 15.6397],
							"size": [0.40725, 0.48641, 4.00875],
							"pivot": [0.03175, -1.83217, 19.46788],
							"rotation": [5, 0, 0],
							"uv": {
								"north": {"uv": [23, 17], "uv_size": [0.5, 0.5]},
								"east": {"uv": [10, 9], "uv_size": [4, 0.5]},
								"south": {"uv": [18, 23], "uv_size": [0.5, 0.5]},
								"west": {"uv": [10, 11], "uv_size": [4, 0.5]},
								"up": {"uv": [10, 12], "uv_size": [0.5, 4]},
								"down": {"uv": [11, 16], "uv_size": [0.5, -4]}
							}
						},
						{
							"origin": [-0.17188, -1.89107, 19.58322],
							"size": [0.40725, 0.25022, 2.01091],
							"pivot": [0.03175, -1.48488, 21.4375],
							"rotation": [10, 0, 0],
							"uv": {
								"north": {"uv": [23, 18], "uv_size": [0.5, 0.5]},
								"east": {"uv": [12, 17], "uv_size": [2, 0.5]},
								"south": {"uv": [19, 23], "uv_size": [0.5, 0.5]},
								"west": {"uv": [17, 15], "uv_size": [2, 0.5]},
								"up": {"uv": [16, 17], "uv_size": [0.5, 2]},
								"down": {"uv": [17, 18], "uv_size": [0.5, -2]}
							}
						}
					]
				}
			]
		}
	]
}