{
	"format_version": "1.12.0",
	"minecraft:geometry": [
		{
			"description": {
				"identifier": "geometry.heracqr_claw",
				"texture_width": 16,
				"texture_height": 16,
				"visible_bounds_width": 2,
				"visible_bounds_height": 2,
				"visible_bounds_offset": [0, 0, 0]
			},
			"bones": [
				{
					"name": "group",
					"pivot": [0, 0.5625, 3.25],
					"cubes": [
						{
							"origin": [-0.4375, -2.38912, 2.80711],
							"size": [0.875, 2.1639, 0.75151],
							"uv": {
								"north": {"uv": [7, 4], "uv_size": [1, 2]},
								"east": {"uv": [7, 6], "uv_size": [1, 2]},
								"south": {"uv": [0, 8], "uv_size": [1, 2]},
								"west": {"uv": [1, 8], "uv_size": [1, 2]},
								"up": {"uv": [0, 11], "uv_size": [1, 1]},
								"down": {"uv": [1, 12], "uv_size": [1, -1]}
							}
						},
						{
							"origin": [-0.5375, -2.74744, -2.08214],
							"size": [1.075, 1.33097, 1.40433],
							"pivot": [0.5625, -2.64744, -1.17781],
							"rotation": [22.5, 0, 0],
							"uv": {
								"north": {"uv": [8, 6], "uv_size": [1, 1.5]},
								"east": {"uv": [5, 2], "uv_size": [1.5, 1.5]},
								"south": {"uv": [7, 8], "uv_size": [1, 1.5]},
								"west": {"uv": [3, 5], "uv_size": [1.5, 1.5]},
								"up": {"uv": [8, 8], "uv_size": [1, 1.5]},
								"down": {"uv": [9, 1.5], "uv_size": [1, -1.5]}
							}
						},
						{
							"origin": [-0.5375, -1.85624, -2.48437],
							"size": [1.075, 1.5, 1.5],
							"uv": {
								"north": {"uv": [9, 2], "uv_size": [1, 1.5]},
								"east": {"uv": [5, 4], "uv_size": [1.5, 1.5]},
								"south": {"uv": [3, 9], "uv_size": [1, 1.5]},
								"west": {"uv": [0, 6], "uv_size": [1.5, 1.5]},
								"up": {"uv": [4, 9], "uv_size": [1, 1.5]},
								"down": {"uv": [9, 5.5], "uv_size": [1, -1.5]}
							}
						},
						{
							"origin": [-0.5375, -1.23124, -3.40937],
							"size": [1.075, 0.45, 1.35],
							"pivot": [0, -0.48124, -1.73437],
							"rotation": [-22.5, 0, 0],
							"uv": {
								"north": {"uv": [11, 12], "uv_size": [1, 0.5]},
								"east": {"uv": [12, 2], "uv_size": [1.5, 0.5]},
								"south": {"uv": [12, 11], "uv_size": [1, 0.5]},
								"west": {"uv": [5, 12], "uv_size": [1.5, 0.5]},
								"up": {"uv": [9, 6], "uv_size": [1, 1.5]},
								"down": {"uv": [9, 9.5], "uv_size": [1, -1.5]}
							}
						},
						{
							"origin": [-0.5375, -1.83124, -3.37935],
							"size": [1.075, 0.76391, 0.61998],
							"pivot": [0, -1.08124, -1.53437],
							"rotation": [-45, 0, 0],
							"uv": {
								"north": {"uv": [11, 1], "uv_size": [1, 1]},
								"east": {"uv": [12, 12], "uv_size": [0.5, 1]},
								"south": {"uv": [11, 2], "uv_size": [1, 1]},
								"west": {"uv": [0, 13], "uv_size": [0.5, 1]},
								"up": {"uv": [13, 0], "uv_size": [1, 0.5]},
								"down": {"uv": [1, 13.5], "uv_size": [1, -0.5]}
							}
						},
						{
							"origin": [-0.5375, -1.83124, -0.40937],
							"size": [1.075, 0.75, 0.35],
							"pivot": [0, -1.08124, 1.46563],
							"rotation": [-45, 0, 0],
							"uv": {
								"north": {"uv": [3, 11], "uv_size": [1, 1]},
								"east": {"uv": [2, 13], "uv_size": [0.5, 1]},
								"south": {"uv": [4, 11], "uv_size": [1, 1]},
								"west": {"uv": [13, 3], "uv_size": [0.5, 1]},
								"up": {"uv": [13, 4], "uv_size": [1, 0.5]},
								"down": {"uv": [5, 13.5], "uv_size": [1, -0.5]}
							}
						},
						{
							"origin": [-0.5375, -0.91681, -5.17913],
							"size": [1.075, 0.75, 1.35],
							"pivot": [0, -0.54181, -4.20413],
							"rotation": [45, 0, 0],
							"uv": {
								"north": {"uv": [11, 5], "uv_size": [1, 1]},
								"east": {"uv": [0, 10], "uv_size": [1.5, 1]},
								"south": {"uv": [11, 6], "uv_size": [1, 1]},
								"west": {"uv": [10, 0], "uv_size": [1.5, 1]},
								"up": {"uv": [10, 1], "uv_size": [1, 1.5]},
								"down": {"uv": [2, 11.5], "uv_size": [1, -1.5]}
							}
						},
						{
							"origin": [-0.5375, -0.81681, -5.32913],
							"size": [1.075, 0.55, 0.75],
							"uv": {
								"north": {"uv": [6, 13], "uv_size": [1, 0.5]},
								"east": {"uv": [7, 13], "uv_size": [1, 0.5]},
								"south": {"uv": [8, 13], "uv_size": [1, 0.5]},
								"west": {"uv": [9, 13], "uv_size": [1, 0.5]},
								"up": {"uv": [11, 7], "uv_size": [1, 1]},
								"down": {"uv": [11, 9], "uv_size": [1, -1]}
							}
						},
						{
							"origin": [-0.5375, -0.56681, -5.32913],
							"size": [1.075, 0.8, 2.5],
							"uv": {
								"north": {"uv": [11, 9], "uv_size": [1, 1]},
								"east": {"uv": [4, 0], "uv_size": [2.5, 1]},
								"south": {"uv": [10, 11], "uv_size": [1, 1]},
								"west": {"uv": [4, 1], "uv_size": [2.5, 1]},
								"up": {"uv": [4, 2], "uv_size": [1, 2.5]},
								"down": {"uv": [2, 7.5], "uv_size": [1, -2.5]}
							}
						},
						{
							"origin": [-0.5375, -0.56681, 0.1398],
							"size": [1.075, 0.8114, 4.03107],
							"uv": {
								"north": {"uv": [11, 10], "uv_size": [1, 1]},
								"east": {"uv": [0, 0], "uv_size": [4, 1]},
								"south": {"uv": [11, 11], "uv_size": [1, 1]},
								"west": {"uv": [0, 1], "uv_size": [4, 1]},
								"up": {"uv": [0, 2], "uv_size": [1, 4]},
								"down": {"uv": [1, 6], "uv_size": [1, -4]}
							}
						},
						{
							"origin": [-0.5375, -0.56681, -2.82913],
							"size": [1.075, 0.4, 3],
							"uv": {
								"north": {"uv": [10, 13], "uv_size": [1, 0.5]},
								"east": {"uv": [10, 3], "uv_size": [3, 0.5]},
								"south": {"uv": [11, 13], "uv_size": [1, 0.5]},
								"west": {"uv": [10, 4], "uv_size": [3, 0.5]},
								"up": {"uv": [2, 2], "uv_size": [1, 3]},
								"down": {"uv": [3, 5], "uv_size": [1, -3]}
							}
						},
						{
							"origin": [-0.5375, -1.47413, -5.34281],
							"size": [1.075, 0.89638, 0.38669],
							"pivot": [0, -0.66289, -4.73504],
							"rotation": [22.5, 0, 0],
							"uv": {
								"north": {"uv": [0, 12], "uv_size": [1, 1]},
								"east": {"uv": [13, 11], "uv_size": [0.5, 1]},
								"south": {"uv": [12, 0], "uv_size": [1, 1]},
								"west": {"uv": [12, 13], "uv_size": [0.5, 1]},
								"up": {"uv": [13, 12], "uv_size": [1, 0.5]},
								"down": {"uv": [13, 13.5], "uv_size": [1, -0.5]}
							}
						},
						{
							"origin": [-0.5375, -3.72303, -1.06333],
							"size": [1.075, 1.56391, 1.36287],
							"pivot": [0.5625, -3.72303, -0.40046],
							"rotation": [45, 0, 0],
							"uv": {
								"north": {"uv": [5, 10], "uv_size": [1, 1.5]},
								"east": {"uv": [5, 6], "uv_size": [1.5, 1.5]},
								"south": {"uv": [10, 5], "uv_size": [1, 1.5]},
								"west": {"uv": [7, 0], "uv_size": [1.5, 1.5]},
								"up": {"uv": [6, 10], "uv_size": [1, 1.5]},
								"down": {"uv": [7, 11.5], "uv_size": [1, -1.5]}
							}
						},
						{
							"origin": [-0.5375, -4.82079, -0.83457],
							"size": [1.075, 1.30152, 1.3139],
							"pivot": [0.5625, -4.41927, 0.72933],
							"rotation": [-22.5, 0, 0],
							"uv": {
								"north": {"uv": [10, 7], "uv_size": [1, 1.5]},
								"east": {"uv": [7, 2], "uv_size": [1.5, 1.5]},
								"south": {"uv": [8, 10], "uv_size": [1, 1.5]},
								"west": {"uv": [3, 7], "uv_size": [1.5, 1.5]},
								"up": {"uv": [9, 10], "uv_size": [1, 1.5]},
								"down": {"uv": [10, 10.5], "uv_size": [1, -1.5]}
							}
						},
						{
							"origin": [-0.4375, -3.91922, -0.13538],
							"size": [0.875, 0.65151, 2.1639],
							"uv": {
								"north": {"uv": [0, 14], "uv_size": [1, 0.5]},
								"east": {"uv": [1, 12], "uv_size": [2, 0.5]},
								"south": {"uv": [14, 0], "uv_size": [1, 0.5]},
								"west": {"uv": [12, 1], "uv_size": [2, 0.5]},
								"up": {"uv": [2, 8], "uv_size": [1, 2]},
								"down": {"uv": [8, 6], "uv_size": [1, -2]}
							}
						},
						{
							"origin": [-0.4375, -3.86153, 3.03924],
							"size": [0.875, 2.16389, 0.55152],
							"pivot": [0, -2.00459, 2.74],
							"rotation": [-45, 0, 0],
							"uv": {
								"north": {"uv": [5, 8], "uv_size": [1, 2]},
								"east": {"uv": [3, 12], "uv_size": [0.5, 2]},
								"south": {"uv": [6, 8], "uv_size": [1, 2]},
								"west": {"uv": [4, 12], "uv_size": [0.5, 2]},
								"up": {"uv": [1, 14], "uv_size": [1, 0.5]},
								"down": {"uv": [14, 1.5], "uv_size": [1, -0.5]}
							}
						},
						{
							"origin": [-0.3375, -5.00229, 3.43924],
							"size": [0.675, 1.15465, 0.10725],
							"pivot": [0, -2.00459, 2.74],
							"rotation": [-45, 0, 0],
							"uv": {
								"north": {"uv": [2, 14], "uv_size": [0.5, 1]},
								"east": {"uv": [14, 2], "uv_size": [0.5, 1]},
								"south": {"uv": [3, 14], "uv_size": [0.5, 1]},
								"west": {"uv": [14, 3], "uv_size": [0.5, 1]},
								"up": {"uv": [14, 14], "uv_size": [0.5, 0.5]},
								"down": {"uv": [0, 15.5], "uv_size": [0.5, -0.5]}
							}
						},
						{
							"origin": [-0.3375, -4.69455, 0.3447],
							"size": [0.675, 0.13331, 0.84588],
							"uv": {
								"north": {"uv": [15, 0], "uv_size": [0.5, 0.5]},
								"east": {"uv": [4, 14], "uv_size": [1, 0.5]},
								"south": {"uv": [1, 15], "uv_size": [0.5, 0.5]},
								"west": {"uv": [14, 4], "uv_size": [1, 0.5]},
								"up": {"uv": [5, 14], "uv_size": [0.5, 1]},
								"down": {"uv": [14, 6], "uv_size": [0.5, -1]}
							}
						},
						{
							"origin": [-0.7, -0.825, -4.6875],
							"size": [1.4, 0.375, 0.375],
							"pivot": [0, 1.1625, -4.5],
							"rotation": [45, 0, 0],
							"uv": {
								"north": {"uv": [12, 5], "uv_size": [1.5, 0.5]},
								"east": {"uv": [15, 1], "uv_size": [0.5, 0.5]},
								"south": {"uv": [12, 6], "uv_size": [1.5, 0.5]},
								"west": {"uv": [2, 15], "uv_size": [0.5, 0.5]},
								"up": {"uv": [7, 12], "uv_size": [1.5, 0.5]},
								"down": {"uv": [12, 7.5], "uv_size": [1.5, -0.5]}
							}
						},
						{
							"origin": [-0.7, -0.825, -1.1875],
							"size": [1.4, 0.375, 0.375],
							"pivot": [0, 1.1625, -1],
							"rotation": [45, 0, 0],
							"uv": {
								"north": {"uv": [12, 8], "uv_size": [1.5, 0.5]},
								"east": {"uv": [15, 2], "uv_size": [0.5, 0.5]},
								"south": {"uv": [9, 12], "uv_size": [1.5, 0.5]},
								"west": {"uv": [3, 15], "uv_size": [0.5, 0.5]},
								"up": {"uv": [12, 9], "uv_size": [1.5, 0.5]},
								"down": {"uv": [12, 10.5], "uv_size": [1.5, -0.5]}
							}
						},
						{
							"origin": [-0.6, -1.525, -1.5],
							"size": [1.2, 0.25, 0.25],
							"pivot": [0, -1.4, -1.375],
							"rotation": [45, 0, 0],
							"uv": {
								"north": {"uv": [6, 14], "uv_size": [1, 0.5]},
								"east": {"uv": [15, 3], "uv_size": [0.5, 0.5]},
								"south": {"uv": [14, 6], "uv_size": [1, 0.5]},
								"west": {"uv": [4, 15], "uv_size": [0.5, 0.5]},
								"up": {"uv": [7, 14], "uv_size": [1, 0.5]},
								"down": {"uv": [14, 7.5], "uv_size": [1, -0.5]}
							}
						},
						{
							"origin": [-0.4875, -3.6, 1.75],
							"size": [0.975, 0.1875, 0.1875],
							"pivot": [0, -3.475, 1.875],
							"rotation": [45, 0, 0],
							"uv": {
								"north": {"uv": [8, 14], "uv_size": [1, 0.5]},
								"east": {"uv": [15, 4], "uv_size": [0.5, 0.5]},
								"south": {"uv": [14, 8], "uv_size": [1, 0.5]},
								"west": {"uv": [5, 15], "uv_size": [0.5, 0.5]},
								"up": {"uv": [9, 14], "uv_size": [1, 0.5]},
								"down": {"uv": [14, 9.5], "uv_size": [1, -0.5]}
							}
						},
						{
							"origin": [-0.4875, -3.6, 3.45],
							"size": [0.975, 0.1875, 0.1875],
							"pivot": [0, -3.475, 1.875],
							"rotation": [45, 0, 0],
							"uv": {
								"north": {"uv": [10, 14], "uv_size": [1, 0.5]},
								"east": {"uv": [15, 5], "uv_size": [0.5, 0.5]},
								"south": {"uv": [14, 10], "uv_size": [1, 0.5]},
								"west": {"uv": [6, 15], "uv_size": [0.5, 0.5]},
								"up": {"uv": [11, 14], "uv_size": [1, 0.5]},
								"down": {"uv": [14, 11.5], "uv_size": [1, -0.5]}
							}
						},
						{
							"origin": [-0.6, -3.275, -0.75],
							"size": [1.2, 0.25, 0.25],
							"pivot": [0, -3.15, -0.625],
							"rotation": [45, 0, 0],
							"uv": {
								"north": {"uv": [12, 14], "uv_size": [1, 0.5]},
								"east": {"uv": [15, 6], "uv_size": [0.5, 0.5]},
								"south": {"uv": [14, 12], "uv_size": [1, 0.5]},
								"west": {"uv": [7, 15], "uv_size": [0.5, 0.5]},
								"up": {"uv": [13, 14], "uv_size": [1, 0.5]},
								"down": {"uv": [14, 13.5], "uv_size": [1, -0.5]}
							}
						}
					]
				}
			]
		}
	]
}