{
	"format_version": "1.12.0",
	"minecraft:geometry": [
		{
			"description": {
				"identifier": "geometry.scar_mk20 - Converted",
				"texture_width": 256,
				"texture_height": 128,
				"visible_bounds_width": 28,
				"visible_bounds_height": 7,
				"visible_bounds_offset": [0, 1.5, 0]
			},
			"bones": [
				{
					"name": "scope_body",
					"pivot": [0, -2, -2.5]
				},
				{
					"name": "base",
					"parent": "scope_body",
					"pivot": [0, 0.4375, 3.75],
					"cubes": [
						{
							"origin": [-0.62562, -0.17052, -2.16384],
							"size": [1.375, 0.3125, 0.3125],
							"pivot": [0.06188, -0.04552, -2.03884],
							"rotation": [45, 0, 0],
							"uv": {
								"north": {"uv": [31, 13], "uv_size": [1.5, 0.5]},
								"east": {"uv": [15, 34], "uv_size": [0.5, 0.5]},
								"south": {"uv": [31, 14], "uv_size": [1.5, 0.5]},
								"west": {"uv": [34, 15], "uv_size": [0.5, 0.5]},
								"up": {"uv": [15, 31], "uv_size": [1.5, 0.5]},
								"down": {"uv": [31, 15.5], "uv_size": [1.5, -0.5]}
							}
						},
						{
							"origin": [-0.62562, -0.17052, -3.66384],
							"size": [1.375, 0.3125, 0.3125],
							"pivot": [0.06188, -0.04552, -3.53884],
							"rotation": [45, 0, 0],
							"uv": {
								"north": {"uv": [31, 17], "uv_size": [1.5, 0.5]},
								"east": {"uv": [16, 34], "uv_size": [0.5, 0.5]},
								"south": {"uv": [31, 18], "uv_size": [1.5, 0.5]},
								"west": {"uv": [34, 16], "uv_size": [0.5, 0.5]},
								"up": {"uv": [31, 19], "uv_size": [1.5, 0.5]},
								"down": {"uv": [20, 31.5], "uv_size": [1.5, -0.5]}
							}
						},
						{
							"origin": [-0.62562, -0.17052, -0.66384],
							"size": [1.375, 0.3125, 0.3125],
							"pivot": [0.06188, -0.04552, -0.53884],
							"rotation": [45, 0, 0],
							"uv": {
								"north": {"uv": [31, 20], "uv_size": [1.5, 0.5]},
								"east": {"uv": [17, 34], "uv_size": [0.5, 0.5]},
								"south": {"uv": [31, 22], "uv_size": [1.5, 0.5]},
								"west": {"uv": [34, 17], "uv_size": [0.5, 0.5]},
								"up": {"uv": [31, 23], "uv_size": [1.5, 0.5]},
								"down": {"uv": [31, 24.5], "uv_size": [1.5, -0.5]}
							}
						},
						{
							"origin": [-0.31312, 0.2594, -3.85134],
							"size": [0.75, 0.13258, 3.75],
							"uv": {
								"north": {"uv": [32, 27], "uv_size": [1, 0.5]},
								"east": {"uv": [19, 34], "uv_size": [0.5, 0.5]},
								"south": {"uv": [28, 32], "uv_size": [1, 0.5]},
								"west": {"uv": [34, 19], "uv_size": [0.5, 0.5]}
							}
						},
						{
							"origin": [-0.56312, -0.10802, -3.85134],
							"size": [1.25, 0.375, 3.75],
							"uv": {
								"north": {"uv": [31, 29], "uv_size": [1.5, 0.5]},
								"east": {"uv": [17, 13], "uv_size": [4, 0.5]},
								"south": {"uv": [30, 31], "uv_size": [1.5, 0.5]},
								"west": {"uv": [16, 17], "uv_size": [4, 0.5]},
								"up": {"uv": [4, 0], "uv_size": [1.5, 4]},
								"down": {"uv": [4, 8], "uv_size": [1.5, -4]}
							}
						},
						{
							"origin": [0.47284, -0.15823, -3.85134],
							"size": [0.1875, 0.17678, 3.75],
							"pivot": [0.09784, -0.06448, -3.60134],
							"rotation": [0, 0, -45],
							"uv": {
								"north": {"uv": [22, 34], "uv_size": [0.5, 0.5]},
								"south": {"uv": [34, 22], "uv_size": [0.5, 0.5]},
								"west": {"uv": [0, 18], "uv_size": [4, 0.5]}
							}
						},
						{
							"origin": [-0.53659, -0.15823, -3.85134],
							"size": [0.1875, 0.17678, 3.75],
							"pivot": [0.02592, -0.06448, -3.60134],
							"rotation": [0, 0, 45],
							"uv": {
								"north": {"uv": [23, 34], "uv_size": [0.5, 0.5]},
								"east": {"uv": [18, 10], "uv_size": [4, 0.5]},
								"south": {"uv": [34, 23], "uv_size": [0.5, 0.5]}
							}
						},
						{
							"origin": [0.3851, -0.23302, -3.85134],
							"size": [0.25, 0.25, 3.75],
							"pivot": [0.5101, -0.10802, 0.14866],
							"rotation": [0, 0, 45],
							"uv": {
								"north": {"uv": [24, 34], "uv_size": [0.5, 0.5]},
								"south": {"uv": [34, 24], "uv_size": [0.5, 0.5]},
								"west": {"uv": [16, 18], "uv_size": [4, 0.5]},
								"down": {"uv": [4, 22], "uv_size": [0.5, -4]}
							}
						},
						{
							"origin": [-0.51134, -0.23302, -3.85134],
							"size": [0.25, 0.25, 3.75],
							"pivot": [-0.38634, -0.10802, 0.14866],
							"rotation": [0, 0, -45],
							"uv": {
								"north": {"uv": [25, 34], "uv_size": [0.5, 0.5]},
								"east": {"uv": [0, 19], "uv_size": [4, 0.5]},
								"south": {"uv": [34, 25], "uv_size": [0.5, 0.5]},
								"down": {"uv": [5, 23], "uv_size": [0.5, -4]}
							}
						}
					]
				},
				{
					"name": "range_finder",
					"parent": "scope_body",
					"pivot": [0.125, -2, -2.5]
				},
				{
					"name": "bone",
					"parent": "range_finder",
					"pivot": [0.125, -2.25, -2.5],
					"cubes": [
						{
							"origin": [1.31188, 0.44198, -3.31384],
							"size": [0.75, 2, 3],
							"uv": {
								"north": {"uv": [6, 19], "uv_size": [1, 2]},
								"east": {"uv": [0, 5], "uv_size": [3, 2]},
								"south": {"uv": [7, 19], "uv_size": [1, 2]},
								"west": {"uv": [6, 0], "uv_size": [3, 2]},
								"up": {"uv": [0, 9], "uv_size": [1, 3]},
								"down": {"uv": [9, 3], "uv_size": [1, -3]}
							}
						},
						{
							"origin": [1.03007, 2.19553, -3.31384],
							"size": [0.17678, 0.1, 3],
							"pivot": [1.08259, 2.49553, -2.31384],
							"rotation": [0, 0, -45],
							"uv": {
								"north": {"uv": [35, 28], "uv_size": [0.5, 0.5]},
								"east": {"uv": [21, 11], "uv_size": [3, 0.5]},
								"south": {"uv": [29, 35], "uv_size": [0.5, 0.5]},
								"west": {"uv": [21, 12], "uv_size": [3, 0.5]},
								"up": {"uv": [7, 21], "uv_size": [0.5, 3]},
								"down": {"uv": [8, 24], "uv_size": [0.5, -3]}
							}
						},
						{
							"origin": [1.83436, 2.39271, -3.31384],
							"size": [0.17678, 0.1, 3],
							"pivot": [1.88687, 2.19271, -2.31384],
							"rotation": [0, 0, 45],
							"uv": {
								"north": {"uv": [35, 21], "uv_size": [0.5, 0.5]},
								"east": {"uv": [21, 0], "uv_size": [3, 0.5]},
								"south": {"uv": [22, 35], "uv_size": [0.5, 0.5]},
								"west": {"uv": [21, 1], "uv_size": [3, 0.5]},
								"up": {"uv": [21, 2], "uv_size": [0.5, 3]},
								"down": {"uv": [6, 24], "uv_size": [0.5, -3]}
							}
						},
						{
							"origin": [1.31188, 2.37948, -0.31384],
							"size": [0.75, 0.0625, 0.38349],
							"uv": {
								"north": {"uv": [26, 34], "uv_size": [0.5, 0.5]},
								"east": {"uv": [34, 26], "uv_size": [0.5, 0.5]},
								"south": {"uv": [27, 34], "uv_size": [0.5, 0.5]},
								"west": {"uv": [34, 27], "uv_size": [0.5, 0.5]},
								"up": {"uv": [28, 34], "uv_size": [0.5, 0.5]},
								"down": {"uv": [34, 28.5], "uv_size": [0.5, -0.5]}
							}
						},
						{
							"origin": [1.03007, 2.25134, -0.31384],
							"size": [0.17678, 0.04419, 0.38349],
							"pivot": [1.08259, 2.49553, -2.31384],
							"rotation": [0, 0, -45],
							"uv": {
								"north": {"uv": [35, 22], "uv_size": [0.5, 0.5]},
								"east": {"uv": [23, 35], "uv_size": [0.5, 0.5]},
								"south": {"uv": [35, 23], "uv_size": [0.5, 0.5]},
								"west": {"uv": [24, 35], "uv_size": [0.5, 0.5]},
								"up": {"uv": [35, 24], "uv_size": [0.5, 0.5]},
								"down": {"uv": [25, 35.5], "uv_size": [0.5, -0.5]}
							}
						},
						{
							"origin": [1.83436, 2.44852, -0.31384],
							"size": [0.17678, 0.04419, 0.38349],
							"pivot": [1.88687, 2.19271, -2.31384],
							"rotation": [0, 0, 45],
							"uv": {
								"north": {"uv": [35, 25], "uv_size": [0.5, 0.5]},
								"east": {"uv": [26, 35], "uv_size": [0.5, 0.5]},
								"south": {"uv": [35, 26], "uv_size": [0.5, 0.5]},
								"west": {"uv": [27, 35], "uv_size": [0.5, 0.5]},
								"up": {"uv": [35, 27], "uv_size": [0.5, 0.5]},
								"down": {"uv": [28, 35.5], "uv_size": [0.5, -0.5]}
							}
						},
						{
							"origin": [1.18688, 0.56698, -3.31384],
							"size": [1, 1.75, 3],
							"uv": {
								"north": {"uv": [8, 19], "uv_size": [1, 2]},
								"east": {"uv": [6, 2], "uv_size": [3, 2]},
								"south": {"uv": [16, 19], "uv_size": [1, 2]},
								"west": {"uv": [6, 4], "uv_size": [3, 2]},
								"up": {"uv": [1, 9], "uv_size": [1, 3]},
								"down": {"uv": [2, 12], "uv_size": [1, -3]}
							}
						},
						{
							"origin": [0.70251, 1.75448, -3.18884],
							"size": [1.5, 0.5, 1.5],
							"uv": {
								"east": {"uv": [0, 128], "uv_size": [213, 0]},
								"west": {"uv": [0, 64], "uv_size": [213, 64]}
							}
						},
						{
							"origin": [1.18688, 1.50448, -2.12634],
							"size": [1.0625, 0.0625, 1.6875],
							"uv": {
								"north": {"uv": [3, 33], "uv_size": [1, 0.5]},
								"east": {"uv": [32, 0], "uv_size": [1.5, 0.5]},
								"south": {"uv": [33, 3], "uv_size": [1, 0.5]},
								"west": {"uv": [1, 32], "uv_size": [1.5, 0.5]},
								"up": {"uv": [19, 19], "uv_size": [1, 1.5]},
								"down": {"uv": [0, 21.5], "uv_size": [1, -1.5]}
							}
						},
						{
							"origin": [1.18688, 0.75448, -2.25134],
							"size": [1.0625, 0.6875, 0.0625],
							"uv": {
								"north": {"uv": [4, 33], "uv_size": [1, 0.5]},
								"east": {"uv": [29, 34], "uv_size": [0.5, 0.5]},
								"south": {"uv": [5, 33], "uv_size": [1, 0.5]},
								"west": {"uv": [34, 29], "uv_size": [0.5, 0.5]},
								"up": {"uv": [6, 33], "uv_size": [1, 0.5]},
								"down": {"uv": [33, 6.5], "uv_size": [1, -0.5]}
							}
						},
						{
							"origin": [1.18688, 1.43218, -2.29017],
							"size": [1.0625, 0.17678, 0.0625],
							"pivot": [1.71813, 1.3902, -2.25892],
							"rotation": [-45, 0, 0],
							"uv": {
								"north": {"uv": [7, 33], "uv_size": [1, 0.5]},
								"east": {"uv": [30, 34], "uv_size": [0.5, 0.5]},
								"south": {"uv": [8, 33], "uv_size": [1, 0.5]},
								"west": {"uv": [34, 30], "uv_size": [0.5, 0.5]},
								"up": {"uv": [9, 33], "uv_size": [1, 0.5]},
								"down": {"uv": [10, 33.5], "uv_size": [1, -0.5]}
							}
						},
						{
							"origin": [1.43688, 0.81698, -2.12634],
							"size": [0.76563, 0.625, 1.625],
							"uv": {
								"north": {"uv": [11, 33], "uv_size": [1, 0.5]},
								"east": {"uv": [32, 1], "uv_size": [1.5, 0.5]},
								"south": {"uv": [33, 11], "uv_size": [1, 0.5]},
								"west": {"uv": [3, 32], "uv_size": [1.5, 0.5]},
								"up": {"uv": [20, 0], "uv_size": [1, 1.5]},
								"down": {"uv": [1, 21.5], "uv_size": [1, -1.5]}
							}
						},
						{
							"origin": [1.39, 0.8326, -1.06384],
							"size": [0.85938, 0.59375, 0.04688],
							"uv": {
								"north": {"uv": [12, 33], "uv_size": [1, 0.5]},
								"east": {"uv": [31, 34], "uv_size": [0.5, 0.5]},
								"south": {"uv": [13, 33], "uv_size": [1, 0.5]},
								"west": {"uv": [34, 31], "uv_size": [0.5, 0.5]},
								"up": {"uv": [33, 13], "uv_size": [1, 0.5]},
								"down": {"uv": [14, 33.5], "uv_size": [1, -0.5]}
							}
						},
						{
							"origin": [0.93688, 0.50448, -3.18884],
							"size": [0.5, 1.8125, 2.75],
							"uv": {
								"north": {"uv": [8, 27], "uv_size": [0.5, 2]},
								"east": {"uv": [6, 6], "uv_size": [3, 2]},
								"south": {"uv": [27, 11], "uv_size": [0.5, 2]},
								"west": {"uv": [0, 7], "uv_size": [3, 2]},
								"up": {"uv": [2, 20], "uv_size": [0.5, 3]},
								"down": {"uv": [20, 5], "uv_size": [0.5, -3]}
							}
						},
						{
							"origin": [2.12438, 2.16173, -0.31384],
							"size": [0.0625, 0.15525, 0.38349],
							"uv": {
								"north": {"uv": [35, 2], "uv_size": [0.5, 0.5]},
								"east": {"uv": [3, 35], "uv_size": [0.5, 0.5]},
								"south": {"uv": [35, 3], "uv_size": [0.5, 0.5]},
								"west": {"uv": [4, 35], "uv_size": [0.5, 0.5]},
								"up": {"uv": [35, 4], "uv_size": [0.5, 0.5]},
								"down": {"uv": [5, 35.5], "uv_size": [0.5, -0.5]}
							}
						},
						{
							"origin": [1.18688, 1.46882, -0.60085],
							"size": [0.0625, 0.15525, 0.38349],
							"inflate": -0.001,
							"uv": {
								"north": {"uv": [35, 5], "uv_size": [0.5, 0.5]},
								"east": {"uv": [6, 35], "uv_size": [0.5, 0.5]},
								"south": {"uv": [35, 6], "uv_size": [0.5, 0.5]},
								"west": {"uv": [7, 35], "uv_size": [0.5, 0.5]},
								"up": {"uv": [35, 7], "uv_size": [0.5, 0.5]},
								"down": {"uv": [8, 35.5], "uv_size": [0.5, -0.5]}
							}
						},
						{
							"origin": [2.12438, 1.46882, -0.60085],
							"size": [0.0625, 0.15525, 0.38349],
							"inflate": -0.001,
							"uv": {
								"north": {"uv": [35, 8], "uv_size": [0.5, 0.5]},
								"east": {"uv": [9, 35], "uv_size": [0.5, 0.5]},
								"south": {"uv": [35, 9], "uv_size": [0.5, 0.5]},
								"west": {"uv": [10, 35], "uv_size": [0.5, 0.5]},
								"up": {"uv": [35, 10], "uv_size": [0.5, 0.5]},
								"down": {"uv": [11, 35.5], "uv_size": [0.5, -0.5]}
							}
						},
						{
							"origin": [2.12438, 1.85359, -0.64151],
							"size": [0.0625, 0.375, 0.75],
							"inflate": -0.001,
							"pivot": [2.12438, 1.97859, -0.14151],
							"rotation": [67.5, 0, 0],
							"uv": {
								"north": {"uv": [35, 11], "uv_size": [0.5, 0.5]},
								"east": {"uv": [33, 14], "uv_size": [1, 0.5]},
								"south": {"uv": [12, 35], "uv_size": [0.5, 0.5]},
								"west": {"uv": [15, 33], "uv_size": [1, 0.5]},
								"up": {"uv": [33, 15], "uv_size": [0.5, 1]},
								"down": {"uv": [16, 34], "uv_size": [0.5, -1]}
							}
						},
						{
							"origin": [1.18688, 2.16173, -0.31384],
							"size": [0.0625, 0.15525, 0.38349],
							"uv": {
								"north": {"uv": [35, 12], "uv_size": [0.5, 0.5]},
								"east": {"uv": [13, 35], "uv_size": [0.5, 0.5]},
								"south": {"uv": [35, 13], "uv_size": [0.5, 0.5]},
								"west": {"uv": [14, 35], "uv_size": [0.5, 0.5]},
								"up": {"uv": [35, 14], "uv_size": [0.5, 0.5]},
								"down": {"uv": [15, 35.5], "uv_size": [0.5, -0.5]}
							}
						},
						{
							"origin": [1.18688, 1.85359, -0.64151],
							"size": [0.0625, 0.375, 0.75],
							"inflate": -0.001,
							"pivot": [1.24938, 1.97859, -0.14151],
							"rotation": [67.5, 0, 0],
							"uv": {
								"north": {"uv": [35, 15], "uv_size": [0.5, 0.5]},
								"east": {"uv": [17, 33], "uv_size": [1, 0.5]},
								"south": {"uv": [16, 35], "uv_size": [0.5, 0.5]},
								"west": {"uv": [33, 17], "uv_size": [1, 0.5]},
								"up": {"uv": [18, 33], "uv_size": [0.5, 1]},
								"down": {"uv": [33, 19], "uv_size": [0.5, -1]}
							}
						},
						{
							"origin": [1.03007, 0.58843, -3.31384],
							"size": [0.17678, 0.1, 3],
							"pivot": [1.08259, 0.38843, -2.31384],
							"rotation": [0, 0, 45],
							"uv": {
								"north": {"uv": [35, 16], "uv_size": [0.5, 0.5]},
								"east": {"uv": [20, 5], "uv_size": [3, 0.5]},
								"south": {"uv": [17, 35], "uv_size": [0.5, 0.5]},
								"west": {"uv": [20, 6], "uv_size": [3, 0.5]},
								"up": {"uv": [3, 20], "uv_size": [0.5, 3]},
								"down": {"uv": [11, 23], "uv_size": [0.5, -3]}
							}
						},
						{
							"origin": [1.83436, 0.39124, -3.31384],
							"size": [0.17678, 0.1, 3],
							"pivot": [1.88687, 0.69124, -2.31384],
							"rotation": [0, 0, -45],
							"uv": {
								"north": {"uv": [35, 17], "uv_size": [0.5, 0.5]},
								"east": {"uv": [20, 14], "uv_size": [3, 0.5]},
								"south": {"uv": [18, 35], "uv_size": [0.5, 0.5]},
								"west": {"uv": [20, 15], "uv_size": [3, 0.5]},
								"up": {"uv": [12, 20], "uv_size": [0.5, 3]},
								"down": {"uv": [13, 23], "uv_size": [0.5, -3]}
							}
						}
					]
				},
				{
					"name": "bone3",
					"parent": "bone",
					"pivot": [0.90625, 1.25, 2.3125],
					"cubes": [
						{
							"origin": [0.96813, 1.09823, -1.93884],
							"size": [1.25625, 0.225, 0.225],
							"pivot": [1.64313, 1.21073, -1.82634],
							"rotation": [-45, 0, 0],
							"uv": {
								"north": {"uv": [32, 4], "uv_size": [1.5, 0.5]},
								"east": {"uv": [32, 34], "uv_size": [0.5, 0.5]},
								"south": {"uv": [32, 5], "uv_size": [1.5, 0.5]},
								"west": {"uv": [34, 32], "uv_size": [0.5, 0.5]},
								"up": {"uv": [6, 32], "uv_size": [1.5, 0.5]},
								"down": {"uv": [32, 7.5], "uv_size": [1.5, -0.5]}
							}
						},
						{
							"origin": [0.96813, 0.94823, -1.98544],
							"size": [1.25625, 0.2625, 0.3182],
							"uv": {
								"north": {"uv": [32, 8], "uv_size": [1.5, 0.5]},
								"east": {"uv": [33, 34], "uv_size": [0.5, 0.5]},
								"south": {"uv": [32, 9], "uv_size": [1.5, 0.5]},
								"west": {"uv": [34, 33], "uv_size": [0.5, 0.5]},
								"up": {"uv": [10, 32], "uv_size": [1.5, 0.5]},
								"down": {"uv": [32, 10.5], "uv_size": [1.5, -0.5]}
							}
						},
						{
							"origin": [0.96813, 1.07901, -1.54774],
							"size": [1.25625, 0.225, 0.225],
							"pivot": [1.59625, 1.1451, -1.38884],
							"rotation": [135, 0, 0],
							"uv": {
								"north": {"uv": [32, 12], "uv_size": [1.5, 0.5]},
								"east": {"uv": [34, 34], "uv_size": [0.5, 0.5]},
								"south": {"uv": [14, 32], "uv_size": [1.5, 0.5]},
								"west": {"uv": [0, 35], "uv_size": [0.5, 0.5]},
								"up": {"uv": [16, 32], "uv_size": [1.5, 0.5]},
								"down": {"uv": [32, 16.5], "uv_size": [1.5, -0.5]}
							}
						},
						{
							"origin": [0.96813, 0.94823, -1.54794],
							"size": [1.25625, 0.2625, 0.3182],
							"pivot": [1.59625, 1.1451, -1.38884],
							"rotation": [180, 0, 0],
							"uv": {
								"north": {"uv": [18, 32], "uv_size": [1.5, 0.5]},
								"east": {"uv": [35, 0], "uv_size": [0.5, 0.5]},
								"south": {"uv": [20, 32], "uv_size": [1.5, 0.5]},
								"west": {"uv": [1, 35], "uv_size": [0.5, 0.5]},
								"up": {"uv": [32, 21], "uv_size": [1.5, 0.5]},
								"down": {"uv": [22, 32.5], "uv_size": [1.5, -0.5]}
							}
						},
						{
							"origin": [0.96813, 0.96698, -0.91384],
							"size": [1.25625, 0.3625, 0.3],
							"uv": {
								"north": {"uv": [24, 32], "uv_size": [1.5, 0.5]},
								"east": {"uv": [35, 1], "uv_size": [0.5, 0.5]},
								"south": {"uv": [32, 25], "uv_size": [1.5, 0.5]},
								"west": {"uv": [2, 35], "uv_size": [0.5, 0.5]},
								"up": {"uv": [26, 32], "uv_size": [1.5, 0.5]},
								"down": {"uv": [32, 26.5], "uv_size": [1.5, -0.5]}
							}
						}
					]
				},
				{
					"name": "octagon6_illuminated",
					"parent": "bone",
					"pivot": [1.52071, 2.80355, 1.6875],
					"cubes": [
						{
							"origin": [1.31188, 0.62948, -2.31384],
							"size": [0.75, 1.625, 2.01563],
							"uv": {
								"north": {"uv": [20, 17], "uv_size": [1, 1.5]},
								"east": {"uv": [9, 3], "uv_size": [2, 1.5]},
								"south": {"uv": [20, 19], "uv_size": [1, 1.5]},
								"west": {"uv": [9, 5], "uv_size": [2, 1.5]},
								"up": {"uv": [17, 19], "uv_size": [1, 2]},
								"down": {"uv": [18, 21], "uv_size": [1, -2]}
							}
						},
						{
							"origin": [1.37438, 0.56698, -2.31384],
							"size": [0.625, 1.75, 2.01563],
							"uv": {
								"north": {"uv": [27, 19], "uv_size": [0.5, 2]},
								"east": {"uv": [5, 8], "uv_size": [2, 2]},
								"south": {"uv": [20, 27], "uv_size": [0.5, 2]},
								"west": {"uv": [7, 8], "uv_size": [2, 2]},
								"up": {"uv": [21, 27], "uv_size": [0.5, 2]},
								"down": {"uv": [22, 29], "uv_size": [0.5, -2]}
							}
						},
						{
							"origin": [1.18096, 0.71343, -2.29822],
							"size": [0.08839, 0.1, 2],
							"pivot": [1.14509, 0.51343, -2.29822],
							"rotation": [0, 0, 45],
							"uv": {
								"north": {"uv": [35, 18], "uv_size": [0.5, 0.5]},
								"east": {"uv": [27, 13], "uv_size": [2, 0.5]},
								"south": {"uv": [19, 35], "uv_size": [0.5, 0.5]},
								"west": {"uv": [23, 27], "uv_size": [2, 0.5]},
								"up": {"uv": [27, 23], "uv_size": [0.5, 2]},
								"down": {"uv": [25, 29], "uv_size": [0.5, -2]}
							}
						},
						{
							"origin": [1.77186, 0.51624, -2.29822],
							"size": [0.08839, 0.1, 2],
							"pivot": [1.82437, 0.81624, -2.29822],
							"rotation": [0, 0, -45],
							"uv": {
								"north": {"uv": [35, 19], "uv_size": [0.5, 0.5]},
								"east": {"uv": [27, 25], "uv_size": [2, 0.5]},
								"south": {"uv": [20, 35], "uv_size": [0.5, 0.5]},
								"west": {"uv": [27, 26], "uv_size": [2, 0.5]},
								"up": {"uv": [27, 27], "uv_size": [0.5, 2]},
								"down": {"uv": [0, 30], "uv_size": [0.5, -2]}
							}
						},
						{
							"origin": [1.79775, 2.33021, -2.29822],
							"size": [0.08839, 0.1, 2],
							"pivot": [1.76187, 2.13021, -2.29822],
							"rotation": [0, 0, 45],
							"uv": {
								"north": {"uv": [35, 20], "uv_size": [0.5, 0.5]},
								"east": {"uv": [28, 3], "uv_size": [2, 0.5]},
								"south": {"uv": [21, 35], "uv_size": [0.5, 0.5]},
								"west": {"uv": [28, 4], "uv_size": [2, 0.5]},
								"up": {"uv": [1, 28], "uv_size": [0.5, 2]},
								"down": {"uv": [4, 30], "uv_size": [0.5, -2]}
							}
						},
						{
							"origin": [1.18096, 2.07053, -2.30671],
							"size": [0.08839, 0.1, 2.00849],
							"pivot": [1.14509, 2.37053, -2.30671],
							"rotation": [0, 0, -45],
							"uv": {
								"north": {"uv": [35, 29], "uv_size": [0.5, 0.5]},
								"east": {"uv": [6, 28], "uv_size": [2, 0.5]},
								"south": {"uv": [30, 35], "uv_size": [0.5, 0.5]},
								"west": {"uv": [9, 28], "uv_size": [2, 0.5]},
								"up": {"uv": [28, 10], "uv_size": [0.5, 2]},
								"down": {"uv": [14, 30], "uv_size": [0.5, -2]}
							}
						},
						{
							"origin": [1.43761, 1.70448, -3.32947],
							"size": [0.49853, 0.475, 1.95313],
							"uv": {
								"north": {"uv": [6, 36], "uv_size": [0.5, 0.5]},
								"east": {"uv": [29, 29], "uv_size": [2, 0.5]},
								"south": {"uv": [36, 6], "uv_size": [0.5, 0.5]},
								"west": {"uv": [0, 30], "uv_size": [2, 0.5]},
								"up": {"uv": [30, 1], "uv_size": [0.5, 2]},
								"down": {"uv": [30, 5], "uv_size": [0.5, -2]}
							}
						},
						{
							"origin": [1.43761, 0.70448, -3.32947],
							"size": [0.49853, 0.475, 1.95313],
							"uv": {
								"north": {"uv": [35, 34], "uv_size": [0.5, 0.5]},
								"east": {"uv": [5, 29], "uv_size": [2, 0.5]},
								"south": {"uv": [35, 35], "uv_size": [0.5, 0.5]},
								"west": {"uv": [29, 5], "uv_size": [2, 0.5]},
								"up": {"uv": [3, 29], "uv_size": [0.5, 2]},
								"down": {"uv": [29, 8], "uv_size": [0.5, -2]}
							}
						}
					]
				},
				{
					"name": "octagon4",
					"parent": "range_finder",
					"pivot": [1.625, 1.75, 0.9375],
					"cubes": [
						{
							"origin": [1.5885, 0.64198, -3.37634],
							"size": [0.16014, 0.1, 2],
							"pivot": [1.62438, 0.94198, -2.37634],
							"rotation": [0, 0, 45],
							"uv": {
								"north": {"uv": [35, 30], "uv_size": [0.5, 0.5]},
								"east": {"uv": [28, 12], "uv_size": [2, 0.5]},
								"south": {"uv": [31, 35], "uv_size": [0.5, 0.5]},
								"west": {"uv": [28, 16], "uv_size": [2, 0.5]},
								"up": {"uv": [28, 17], "uv_size": [0.5, 2]},
								"down": {"uv": [18, 30], "uv_size": [0.5, -2]}
							}
						},
						{
							"origin": [1.50011, 0.64198, -3.37634],
							"size": [0.37353, 0.1, 2],
							"uv": {
								"north": {"uv": [35, 31], "uv_size": [0.5, 0.5]},
								"east": {"uv": [28, 19], "uv_size": [2, 0.5]},
								"south": {"uv": [32, 35], "uv_size": [0.5, 0.5]},
								"west": {"uv": [28, 20], "uv_size": [2, 0.5]},
								"up": {"uv": [19, 28], "uv_size": [0.5, 2]},
								"down": {"uv": [23, 30], "uv_size": [0.5, -2]}
							}
						},
						{
							"origin": [1.651, 1.20448, -3.37634],
							"size": [0.16014, 0.1, 2],
							"pivot": [1.68688, 1.00448, -2.37634],
							"rotation": [0, 0, 45],
							"uv": {
								"north": {"uv": [35, 32], "uv_size": [0.5, 0.5]},
								"east": {"uv": [28, 21], "uv_size": [2, 0.5]},
								"south": {"uv": [33, 35], "uv_size": [0.5, 0.5]},
								"west": {"uv": [28, 23], "uv_size": [2, 0.5]},
								"up": {"uv": [24, 28], "uv_size": [0.5, 2]},
								"down": {"uv": [28, 29], "uv_size": [0.5, -2]}
							}
						},
						{
							"origin": [1.50011, 1.14198, -3.37634],
							"size": [0.37353, 0.1, 2],
							"uv": {
								"north": {"uv": [35, 33], "uv_size": [0.5, 0.5]},
								"east": {"uv": [28, 24], "uv_size": [2, 0.5]},
								"south": {"uv": [34, 35], "uv_size": [0.5, 0.5]},
								"west": {"uv": [29, 0], "uv_size": [2, 0.5]},
								"up": {"uv": [29, 1], "uv_size": [0.5, 2]},
								"down": {"uv": [2, 31], "uv_size": [0.5, -2]}
							}
						},
						{
							"origin": [1.94937, 0.81771, -3.37634],
							"size": [0.1, 0.16014, 2],
							"pivot": [1.74937, 0.94198, -2.37634],
							"rotation": [0, 0, 45],
							"uv": {
								"north": {"uv": [0, 36], "uv_size": [0.5, 0.5]},
								"east": {"uv": [7, 29], "uv_size": [2, 0.5]},
								"south": {"uv": [36, 0], "uv_size": [0.5, 0.5]},
								"west": {"uv": [29, 8], "uv_size": [2, 0.5]},
								"up": {"uv": [9, 29], "uv_size": [0.5, 2]},
								"down": {"uv": [29, 11], "uv_size": [0.5, -2]}
							}
						},
						{
							"origin": [1.88688, 0.75521, -3.37634],
							"size": [0.1, 0.37353, 2],
							"uv": {
								"north": {"uv": [1, 36], "uv_size": [0.5, 0.5]},
								"east": {"uv": [10, 29], "uv_size": [2, 0.5]},
								"south": {"uv": [36, 1], "uv_size": [0.5, 0.5]},
								"west": {"uv": [29, 11], "uv_size": [2, 0.5]},
								"up": {"uv": [12, 29], "uv_size": [0.5, 2]},
								"down": {"uv": [13, 31], "uv_size": [0.5, -2]}
							}
						},
						{
							"origin": [1.38687, 0.88021, -3.37634],
							"size": [0.1, 0.16014, 2],
							"pivot": [1.68687, 1.00448, -2.37634],
							"rotation": [0, 0, 45],
							"uv": {
								"north": {"uv": [2, 36], "uv_size": [0.5, 0.5]},
								"east": {"uv": [29, 13], "uv_size": [2, 0.5]},
								"south": {"uv": [36, 2], "uv_size": [0.5, 0.5]},
								"west": {"uv": [29, 14], "uv_size": [2, 0.5]},
								"up": {"uv": [15, 29], "uv_size": [0.5, 2]},
								"down": {"uv": [16, 31], "uv_size": [0.5, -2]}
							}
						},
						{
							"origin": [1.38688, 0.75521, -3.37634],
							"size": [0.1, 0.37353, 2],
							"uv": {
								"north": {"uv": [3, 36], "uv_size": [0.5, 0.5]},
								"east": {"uv": [29, 15], "uv_size": [2, 0.5]},
								"south": {"uv": [36, 3], "uv_size": [0.5, 0.5]},
								"west": {"uv": [29, 17], "uv_size": [2, 0.5]},
								"up": {"uv": [17, 29], "uv_size": [0.5, 2]},
								"down": {"uv": [20, 31], "uv_size": [0.5, -2]}
							}
						}
					]
				},
				{
					"name": "octagon6",
					"parent": "range_finder",
					"pivot": [1.625, 2.75, 0.9375],
					"cubes": [
						{
							"origin": [1.5885, 1.64198, -3.37634],
							"size": [0.16014, 0.1, 2],
							"pivot": [1.62438, 1.94198, -2.37634],
							"rotation": [0, 0, 45],
							"uv": {
								"north": {"uv": [4, 36], "uv_size": [0.5, 0.5]},
								"east": {"uv": [29, 18], "uv_size": [2, 0.5]},
								"south": {"uv": [36, 4], "uv_size": [0.5, 0.5]},
								"west": {"uv": [21, 29], "uv_size": [2, 0.5]},
								"up": {"uv": [25, 29], "uv_size": [0.5, 2]},
								"down": {"uv": [29, 27], "uv_size": [0.5, -2]}
							}
						},
						{
							"origin": [1.50011, 1.64198, -3.37634],
							"size": [0.37353, 0.1, 2],
							"uv": {
								"north": {"uv": [5, 36], "uv_size": [0.5, 0.5]},
								"east": {"uv": [29, 22], "uv_size": [2, 0.5]},
								"south": {"uv": [36, 5], "uv_size": [0.5, 0.5]},
								"west": {"uv": [26, 29], "uv_size": [2, 0.5]},
								"up": {"uv": [29, 27], "uv_size": [0.5, 2]},
								"down": {"uv": [28, 31], "uv_size": [0.5, -2]}
							}
						},
						{
							"origin": [1.651, 2.20448, -3.37634],
							"size": [0.16014, 0.1, 2],
							"pivot": [1.68688, 2.00448, -2.37634],
							"rotation": [0, 0, 45],
							"uv": {
								"north": {"uv": [7, 36], "uv_size": [0.5, 0.5]},
								"east": {"uv": [4, 30], "uv_size": [2, 0.5]},
								"south": {"uv": [36, 7], "uv_size": [0.5, 0.5]},
								"west": {"uv": [6, 30], "uv_size": [2, 0.5]},
								"up": {"uv": [30, 6], "uv_size": [0.5, 2]},
								"down": {"uv": [8, 32], "uv_size": [0.5, -2]}
							}
						},
						{
							"origin": [1.50011, 2.14198, -3.37634],
							"size": [0.37353, 0.1, 2],
							"uv": {
								"north": {"uv": [8, 36], "uv_size": [0.5, 0.5]},
								"east": {"uv": [30, 9], "uv_size": [2, 0.5]},
								"south": {"uv": [36, 8], "uv_size": [0.5, 0.5]},
								"west": {"uv": [10, 30], "uv_size": [2, 0.5]},
								"up": {"uv": [14, 30], "uv_size": [0.5, 2]},
								"down": {"uv": [18, 32], "uv_size": [0.5, -2]}
							}
						},
						{
							"origin": [1.94937, 1.81771, -3.37634],
							"size": [0.1, 0.16014, 2],
							"pivot": [1.74937, 1.94198, -2.37634],
							"rotation": [0, 0, 45],
							"uv": {
								"north": {"uv": [9, 36], "uv_size": [0.5, 0.5]},
								"east": {"uv": [30, 10], "uv_size": [2, 0.5]},
								"south": {"uv": [36, 9], "uv_size": [0.5, 0.5]},
								"west": {"uv": [30, 12], "uv_size": [2, 0.5]},
								"up": {"uv": [19, 30], "uv_size": [0.5, 2]},
								"down": {"uv": [30, 21], "uv_size": [0.5, -2]}
							}
						},
						{
							"origin": [1.88688, 1.75521, -3.37634],
							"size": [0.1, 0.37353, 2],
							"uv": {
								"north": {"uv": [10, 36], "uv_size": [0.5, 0.5]},
								"east": {"uv": [30, 16], "uv_size": [2, 0.5]},
								"south": {"uv": [36, 10], "uv_size": [0.5, 0.5]},
								"west": {"uv": [21, 30], "uv_size": [2, 0.5]},
								"up": {"uv": [23, 30], "uv_size": [0.5, 2]},
								"down": {"uv": [30, 25], "uv_size": [0.5, -2]}
							}
						},
						{
							"origin": [1.38687, 1.88021, -3.37634],
							"size": [0.1, 0.16014, 2],
							"pivot": [1.68687, 2.00448, -2.37634],
							"rotation": [0, 0, 45],
							"uv": {
								"north": {"uv": [11, 36], "uv_size": [0.5, 0.5]},
								"east": {"uv": [30, 21], "uv_size": [2, 0.5]},
								"south": {"uv": [36, 11], "uv_size": [0.5, 0.5]},
								"west": {"uv": [30, 25], "uv_size": [2, 0.5]},
								"up": {"uv": [24, 30], "uv_size": [0.5, 2]},
								"down": {"uv": [26, 32], "uv_size": [0.5, -2]}
							}
						},
						{
							"origin": [1.38688, 1.75521, -3.37634],
							"size": [0.1, 0.37353, 2],
							"uv": {
								"north": {"uv": [12, 36], "uv_size": [0.5, 0.5]},
								"east": {"uv": [30, 26], "uv_size": [2, 0.5]},
								"south": {"uv": [36, 12], "uv_size": [0.5, 0.5]},
								"west": {"uv": [30, 27], "uv_size": [2, 0.5]},
								"up": {"uv": [27, 30], "uv_size": [0.5, 2]},
								"down": {"uv": [29, 32], "uv_size": [0.5, -2]}
							}
						}
					]
				},
				{
					"name": "octagon7",
					"parent": "range_finder",
					"pivot": [1.625, 2.3125, 8.25],
					"cubes": [
						{
							"origin": [1.56261, 2.00448, -1.36384],
							"size": [0.24853, 0.5625, 0.6],
							"pivot": [1.68688, 1.50448, -1.06384],
							"rotation": [0, -45, 0],
							"uv": {
								"north": {"uv": [13, 36], "uv_size": [0.5, 0.5]},
								"east": {"uv": [36, 13], "uv_size": [0.5, 0.5]},
								"south": {"uv": [14, 36], "uv_size": [0.5, 0.5]},
								"west": {"uv": [36, 14], "uv_size": [0.5, 0.5]},
								"up": {"uv": [15, 36], "uv_size": [0.5, 0.5]},
								"down": {"uv": [36, 15.5], "uv_size": [0.5, -0.5]}
							}
						},
						{
							"origin": [1.56261, 2.00448, -1.36384],
							"size": [0.24853, 0.5625, 0.6],
							"uv": {
								"north": {"uv": [16, 36], "uv_size": [0.5, 0.5]},
								"east": {"uv": [36, 16], "uv_size": [0.5, 0.5]},
								"south": {"uv": [17, 36], "uv_size": [0.5, 0.5]},
								"west": {"uv": [36, 17], "uv_size": [0.5, 0.5]},
								"up": {"uv": [18, 36], "uv_size": [0.5, 0.5]},
								"down": {"uv": [36, 18.5], "uv_size": [0.5, -0.5]}
							}
						},
						{
							"origin": [1.38688, 2.00448, -1.1881],
							"size": [0.6, 0.5625, 0.24853],
							"pivot": [1.68688, 1.50448, -1.06384],
							"rotation": [0, -45, 0],
							"uv": {
								"north": {"uv": [19, 36], "uv_size": [0.5, 0.5]},
								"east": {"uv": [36, 19], "uv_size": [0.5, 0.5]},
								"south": {"uv": [20, 36], "uv_size": [0.5, 0.5]},
								"west": {"uv": [36, 20], "uv_size": [0.5, 0.5]},
								"up": {"uv": [21, 36], "uv_size": [0.5, 0.5]},
								"down": {"uv": [36, 21.5], "uv_size": [0.5, -0.5]}
							}
						},
						{
							"origin": [1.38688, 2.00448, -1.1881],
							"size": [0.6, 0.5625, 0.24853],
							"uv": {
								"north": {"uv": [22, 36], "uv_size": [0.5, 0.5]},
								"east": {"uv": [36, 22], "uv_size": [0.5, 0.5]},
								"south": {"uv": [23, 36], "uv_size": [0.5, 0.5]},
								"west": {"uv": [36, 23], "uv_size": [0.5, 0.5]},
								"up": {"uv": [24, 36], "uv_size": [0.5, 0.5]},
								"down": {"uv": [36, 24.5], "uv_size": [0.5, -0.5]}
							}
						},
						{
							"origin": [1.5575, 2.00448, -1.17248],
							"size": [0.2575, 0.625, 0.2575],
							"pivot": [1.69625, 2.28573, -1.05373],
							"rotation": [0, -45, 0],
							"uv": {
								"north": {"uv": [25, 36], "uv_size": [0.5, 0.5]},
								"east": {"uv": [36, 25], "uv_size": [0.5, 0.5]},
								"south": {"uv": [26, 36], "uv_size": [0.5, 0.5]},
								"west": {"uv": [36, 26], "uv_size": [0.5, 0.5]},
								"up": {"uv": [27, 36], "uv_size": [0.5, 0.5]},
								"down": {"uv": [36, 27.5], "uv_size": [0.5, -0.5]}
							}
						},
						{
							"origin": [1.55336, 2.09823, -1.05748],
							"size": [0.2575, 0.51563, 0.41375],
							"uv": {
								"north": {"uv": [28, 36], "uv_size": [0.5, 0.5]},
								"east": {"uv": [36, 28], "uv_size": [0.5, 0.5]},
								"south": {"uv": [29, 36], "uv_size": [0.5, 0.5]},
								"west": {"uv": [36, 29], "uv_size": [0.5, 0.5]},
								"up": {"uv": [30, 36], "uv_size": [0.5, 0.5]},
								"down": {"uv": [36, 30.5], "uv_size": [0.5, -0.5]}
							}
						}
					]
				},
				{
					"name": "body",
					"parent": "scope_body",
					"pivot": [0, -2, -2.5]
				},
				{
					"name": "bone4",
					"parent": "body",
					"pivot": [0, 2.5, -2.25],
					"cubes": [
						{
							"origin": [-0.34267, 0.67955, -6.35796],
							"size": [0.81876, 0.14993, 0.07813],
							"uv": {
								"north": {"uv": [19, 33], "uv_size": [1, 0.5]},
								"east": {"uv": [31, 36], "uv_size": [0.5, 0.5]},
								"south": {"uv": [33, 19], "uv_size": [1, 0.5]},
								"west": {"uv": [36, 31], "uv_size": [0.5, 0.5]},
								"up": {"uv": [20, 33], "uv_size": [1, 0.5]},
								"down": {"uv": [33, 20.5], "uv_size": [1, -0.5]}
							}
						},
						{
							"origin": [-0.37248, 0.69003, -6.35796],
							"size": [0.8642, 0.13945, 0.07813],
							"pivot": [0.06188, 1.69198, -5.56384],
							"rotation": [0, 0, 45],
							"uv": {
								"north": {"uv": [21, 33], "uv_size": [1, 0.5]},
								"east": {"uv": [32, 36], "uv_size": [0.5, 0.5]},
								"south": {"uv": [22, 33], "uv_size": [1, 0.5]},
								"west": {"uv": [36, 32], "uv_size": [0.5, 0.5]},
								"up": {"uv": [33, 22], "uv_size": [1, 0.5]},
								"down": {"uv": [23, 33.5], "uv_size": [1, -0.5]}
							}
						},
						{
							"origin": [0.92438, 1.28532, -6.73303],
							"size": [0.13292, 0.83948, 0.0625],
							"pivot": [0.06188, 1.72621, -5.54553],
							"rotation": [0, 0, -45],
							"uv": {
								"north": {"uv": [33, 23], "uv_size": [0.5, 1]},
								"east": {"uv": [24, 33], "uv_size": [0.5, 1]},
								"south": {"uv": [33, 24], "uv_size": [0.5, 1]},
								"west": {"uv": [25, 33], "uv_size": [0.5, 1]},
								"up": {"uv": [33, 36], "uv_size": [0.5, 0.5]},
								"down": {"uv": [36, 33.5], "uv_size": [0.5, -0.5]}
							}
						},
						{
							"origin": [-0.36015, 2.50411, -6.73303],
							"size": [0.83624, 0.20781, 0.0625],
							"uv": {
								"north": {"uv": [1, 34], "uv_size": [1, 0.5]},
								"east": {"uv": [37, 17], "uv_size": [0.5, 0.5]},
								"south": {"uv": [34, 1], "uv_size": [1, 0.5]},
								"west": {"uv": [18, 37], "uv_size": [0.5, 0.5]},
								"up": {"uv": [2, 34], "uv_size": [1, 0.5]},
								"down": {"uv": [34, 2.5], "uv_size": [1, -0.5]}
							}
						},
						{
							"origin": [0.92438, 2.062, -6.73303],
							"size": [0.15312, 0.05633, 0.0625],
							"uv": {
								"north": {"uv": [34, 36], "uv_size": [0.5, 0.5]},
								"east": {"uv": [36, 34], "uv_size": [0.5, 0.5]},
								"south": {"uv": [35, 36], "uv_size": [0.5, 0.5]},
								"west": {"uv": [36, 35], "uv_size": [0.5, 0.5]},
								"up": {"uv": [36, 36], "uv_size": [0.5, 0.5]},
								"down": {"uv": [0, 37.5], "uv_size": [0.5, -0.5]}
							}
						},
						{
							"origin": [0.92438, 1.49506, -6.70531],
							"size": [0.15313, 0.57843, 0.0625],
							"pivot": [0.99313, 2.03427, -6.70531],
							"rotation": [45, 0, 0],
							"uv": {
								"north": {"uv": [37, 0], "uv_size": [0.5, 0.5]},
								"east": {"uv": [1, 37], "uv_size": [0.5, 0.5]},
								"south": {"uv": [37, 1], "uv_size": [0.5, 0.5]},
								"west": {"uv": [2, 37], "uv_size": [0.5, 0.5]},
								"up": {"uv": [37, 2], "uv_size": [0.5, 0.5]},
								"down": {"uv": [3, 37.5], "uv_size": [0.5, -0.5]}
							}
						},
						{
							"origin": [0.92438, 1.29063, -6.35796],
							"size": [0.15313, 0.40655, 0.07813],
							"uv": {
								"north": {"uv": [37, 3], "uv_size": [0.5, 0.5]},
								"east": {"uv": [4, 37], "uv_size": [0.5, 0.5]},
								"south": {"uv": [37, 4], "uv_size": [0.5, 0.5]},
								"west": {"uv": [5, 37], "uv_size": [0.5, 0.5]},
								"up": {"uv": [37, 5], "uv_size": [0.5, 0.5]},
								"down": {"uv": [6, 37.5], "uv_size": [0.5, -0.5]}
							}
						},
						{
							"origin": [-0.36796, 0.69003, -6.35796],
							"size": [0.8642, 0.13945, 0.07813],
							"pivot": [0.06188, 1.69198, -5.56384],
							"rotation": [0, 0, -45],
							"uv": {
								"north": {"uv": [26, 33], "uv_size": [1, 0.5]},
								"east": {"uv": [37, 6], "uv_size": [0.5, 0.5]},
								"south": {"uv": [27, 33], "uv_size": [1, 0.5]},
								"west": {"uv": [7, 37], "uv_size": [0.5, 0.5]},
								"up": {"uv": [33, 27], "uv_size": [1, 0.5]},
								"down": {"uv": [28, 33.5], "uv_size": [1, -0.5]}
							}
						},
						{
							"origin": [-0.95375, 1.29063, -6.35796],
							"size": [0.15312, 0.40655, 0.07813],
							"uv": {
								"north": {"uv": [37, 7], "uv_size": [0.5, 0.5]},
								"east": {"uv": [8, 37], "uv_size": [0.5, 0.5]},
								"south": {"uv": [37, 8], "uv_size": [0.5, 0.5]},
								"west": {"uv": [9, 37], "uv_size": [0.5, 0.5]},
								"up": {"uv": [37, 9], "uv_size": [0.5, 0.5]},
								"down": {"uv": [10, 37.5], "uv_size": [0.5, -0.5]}
							}
						},
						{
							"origin": [-0.95375, 1.49506, -6.70531],
							"size": [0.15312, 0.57843, 0.0625],
							"pivot": [-0.86938, 2.03427, -6.70531],
							"rotation": [45, 0, 0],
							"uv": {
								"north": {"uv": [37, 10], "uv_size": [0.5, 0.5]},
								"east": {"uv": [11, 37], "uv_size": [0.5, 0.5]},
								"south": {"uv": [37, 11], "uv_size": [0.5, 0.5]},
								"west": {"uv": [12, 37], "uv_size": [0.5, 0.5]},
								"up": {"uv": [37, 12], "uv_size": [0.5, 0.5]},
								"down": {"uv": [13, 37.5], "uv_size": [0.5, -0.5]}
							}
						},
						{
							"origin": [-0.95375, 2.062, -6.73303],
							"size": [0.15312, 0.05633, 0.0625],
							"uv": {
								"north": {"uv": [37, 13], "uv_size": [0.5, 0.5]},
								"east": {"uv": [14, 37], "uv_size": [0.5, 0.5]},
								"south": {"uv": [37, 14], "uv_size": [0.5, 0.5]},
								"west": {"uv": [15, 37], "uv_size": [0.5, 0.5]},
								"up": {"uv": [37, 15], "uv_size": [0.5, 0.5]},
								"down": {"uv": [16, 37.5], "uv_size": [0.5, -0.5]}
							}
						},
						{
							"origin": [-0.93355, 1.28532, -6.73303],
							"size": [0.13292, 0.83948, 0.0625],
							"pivot": [0.06187, 1.72621, -5.54553],
							"rotation": [0, 0, 45],
							"uv": {
								"north": {"uv": [33, 28], "uv_size": [0.5, 1]},
								"east": {"uv": [29, 33], "uv_size": [0.5, 1]},
								"south": {"uv": [33, 29], "uv_size": [0.5, 1]},
								"west": {"uv": [30, 33], "uv_size": [0.5, 1]},
								"up": {"uv": [37, 16], "uv_size": [0.5, 0.5]},
								"down": {"uv": [17, 37.5], "uv_size": [0.5, -0.5]}
							}
						}
					]
				},
				{
					"name": "octagon2",
					"parent": "body",
					"pivot": [0, 2.5, -2.25],
					"cubes": [
						{
							"origin": [-0.35234, 0.69198, -7.81384],
							"size": [0.82843, 0.2, 3],
							"pivot": [0.06188, 1.69198, -5.56384],
							"rotation": [0, 0, 45],
							"uv": {
								"north": {"uv": [33, 30], "uv_size": [1, 0.5]},
								"east": {"uv": [21, 13], "uv_size": [3, 0.5]},
								"south": {"uv": [31, 33], "uv_size": [1, 0.5]},
								"west": {"uv": [16, 21], "uv_size": [3, 0.5]},
								"up": {"uv": [3, 9], "uv_size": [1, 3]},
								"down": {"uv": [9, 10], "uv_size": [1, -3]}
							}
						},
						{
							"origin": [-0.35234, 0.69198, -7.81384],
							"size": [0.82843, 0.2, 3],
							"uv": {
								"north": {"uv": [33, 31], "uv_size": [1, 0.5]},
								"east": {"uv": [21, 16], "uv_size": [3, 0.5]},
								"south": {"uv": [32, 33], "uv_size": [1, 0.5]},
								"west": {"uv": [21, 17], "uv_size": [3, 0.5]},
								"up": {"uv": [10, 0], "uv_size": [1, 3]},
								"down": {"uv": [5, 13], "uv_size": [1, -3]}
							}
						},
						{
							"origin": [-0.35234, 2.49198, -7.81384],
							"size": [0.82843, 0.2, 3],
							"pivot": [0.06188, 1.69198, -5.56384],
							"rotation": [0, 0, 45],
							"uv": {
								"north": {"uv": [33, 32], "uv_size": [1, 0.5]},
								"east": {"uv": [21, 18], "uv_size": [3, 0.5]},
								"south": {"uv": [33, 33], "uv_size": [1, 0.5]},
								"west": {"uv": [19, 21], "uv_size": [3, 0.5]},
								"up": {"uv": [6, 10], "uv_size": [1, 3]},
								"down": {"uv": [7, 13], "uv_size": [1, -3]}
							}
						},
						{
							"origin": [-0.35234, 2.49198, -7.81384],
							"size": [0.82843, 0.2, 3],
							"uv": {
								"north": {"uv": [0, 34], "uv_size": [1, 0.5]},
								"east": {"uv": [21, 19], "uv_size": [3, 0.5]},
								"south": {"uv": [34, 0], "uv_size": [1, 0.5]},
								"west": {"uv": [21, 20], "uv_size": [3, 0.5]},
								"up": {"uv": [10, 7], "uv_size": [1, 3]},
								"down": {"uv": [8, 13], "uv_size": [1, -3]}
							}
						},
						{
							"origin": [0.86188, 1.27777, -7.81384],
							"size": [0.2, 0.82843, 3],
							"pivot": [0.06188, 1.69198, -5.56384],
							"rotation": [0, 0, 45],
							"uv": {
								"north": {"uv": [3, 34], "uv_size": [0.5, 1]},
								"east": {"uv": [9, 10], "uv_size": [3, 1]},
								"south": {"uv": [34, 3], "uv_size": [0.5, 1]},
								"west": {"uv": [11, 0], "uv_size": [3, 1]},
								"up": {"uv": [0, 22], "uv_size": [0.5, 3]},
								"down": {"uv": [1, 25], "uv_size": [0.5, -3]}
							}
						},
						{
							"origin": [0.86188, 1.27777, -7.81384],
							"size": [0.2, 0.82843, 3],
							"uv": {
								"north": {"uv": [4, 34], "uv_size": [0.5, 1]},
								"east": {"uv": [11, 1], "uv_size": [3, 1]},
								"south": {"uv": [34, 4], "uv_size": [0.5, 1]},
								"west": {"uv": [11, 2], "uv_size": [3, 1]},
								"up": {"uv": [22, 2], "uv_size": [0.5, 3]},
								"down": {"uv": [4, 25], "uv_size": [0.5, -3]}
							}
						},
						{
							"origin": [-0.93812, 1.27777, -7.81384],
							"size": [0.2, 0.82843, 3],
							"pivot": [0.06188, 1.69198, -5.56384],
							"rotation": [0, 0, 45],
							"uv": {
								"north": {"uv": [5, 34], "uv_size": [0.5, 1]},
								"east": {"uv": [11, 3], "uv_size": [3, 1]},
								"south": {"uv": [34, 5], "uv_size": [0.5, 1]},
								"west": {"uv": [11, 4], "uv_size": [3, 1]},
								"up": {"uv": [22, 7], "uv_size": [0.5, 3]},
								"down": {"uv": [9, 25], "uv_size": [0.5, -3]}
							}
						},
						{
							"origin": [-0.93812, 1.27777, -7.81384],
							"size": [0.2, 0.82843, 3],
							"uv": {
								"north": {"uv": [6, 34], "uv_size": [0.5, 1]},
								"east": {"uv": [11, 5], "uv_size": [3, 1]},
								"south": {"uv": [34, 6], "uv_size": [0.5, 1]},
								"west": {"uv": [11, 6], "uv_size": [3, 1]},
								"up": {"uv": [10, 22], "uv_size": [0.5, 3]},
								"down": {"uv": [14, 25], "uv_size": [0.5, -3]}
							}
						}
					]
				},
				{
					"name": "octagon",
					"parent": "body",
					"pivot": [0, 2.5, 3.25],
					"cubes": [
						{
							"origin": [-0.31092, 0.79198, -4.81384],
							"size": [0.74558, 0.2, 5.75],
							"pivot": [0.06188, 1.69198, -0.06384],
							"rotation": [0, 0, 45],
							"uv": {
								"north": {"uv": [37, 26], "uv_size": [0.5, 0.5]},
								"east": {"uv": [11, 7], "uv_size": [6, 0.5]},
								"south": {"uv": [27, 37], "uv_size": [0.5, 0.5]},
								"west": {"uv": [11, 8], "uv_size": [6, 0.5]},
								"up": {"uv": [9, 11], "uv_size": [0.5, 6]},
								"down": {"uv": [10, 17], "uv_size": [0.5, -6]}
							}
						},
						{
							"origin": [-0.31092, 0.79198, -4.81384],
							"size": [0.74558, 0.2, 5.75],
							"uv": {
								"north": {"uv": [37, 27], "uv_size": [0.5, 0.5]},
								"east": {"uv": [11, 9], "uv_size": [6, 0.5]},
								"south": {"uv": [28, 37], "uv_size": [0.5, 0.5]},
								"west": {"uv": [11, 11], "uv_size": [6, 0.5]},
								"up": {"uv": [0, 12], "uv_size": [0.5, 6]},
								"down": {"uv": [1, 18], "uv_size": [0.5, -6]}
							}
						},
						{
							"origin": [-0.31092, 2.39198, -4.81384],
							"size": [0.74558, 0.2, 5.75],
							"pivot": [0.06188, 1.69198, -0.06384],
							"rotation": [0, 0, 45],
							"uv": {
								"north": {"uv": [37, 28], "uv_size": [0.5, 0.5]},
								"east": {"uv": [12, 10], "uv_size": [6, 0.5]},
								"south": {"uv": [29, 37], "uv_size": [0.5, 0.5]},
								"west": {"uv": [11, 12], "uv_size": [6, 0.5]},
								"up": {"uv": [2, 12], "uv_size": [0.5, 6]},
								"down": {"uv": [3, 18], "uv_size": [0.5, -6]}
							}
						},
						{
							"origin": [-0.31092, 2.39198, -4.81384],
							"size": [0.74558, 0.2, 5.75],
							"uv": {
								"north": {"uv": [37, 29], "uv_size": [0.5, 0.5]},
								"east": {"uv": [11, 13], "uv_size": [6, 0.5]},
								"south": {"uv": [30, 37], "uv_size": [0.5, 0.5]},
								"west": {"uv": [14, 0], "uv_size": [6, 0.5]},
								"up": {"uv": [4, 12], "uv_size": [0.5, 6]},
								"down": {"uv": [5, 19], "uv_size": [0.5, -6]}
							}
						},
						{
							"origin": [0.76188, 1.31919, -4.81384],
							"size": [0.2, 0.74558, 5.75],
							"pivot": [0.06188, 1.69198, -0.06384],
							"rotation": [0, 0, 45],
							"uv": {
								"north": {"uv": [37, 30], "uv_size": [0.5, 0.5]},
								"east": {"uv": [14, 1], "uv_size": [6, 0.5]},
								"south": {"uv": [31, 37], "uv_size": [0.5, 0.5]},
								"west": {"uv": [14, 2], "uv_size": [6, 0.5]},
								"up": {"uv": [6, 13], "uv_size": [0.5, 6]},
								"down": {"uv": [7, 19], "uv_size": [0.5, -6]}
							}
						},
						{
							"origin": [0.76188, 1.31919, -4.81384],
							"size": [0.2, 0.74558, 5.75],
							"uv": {
								"north": {"uv": [37, 31], "uv_size": [0.5, 0.5]},
								"east": {"uv": [14, 3], "uv_size": [6, 0.5]},
								"south": {"uv": [32, 37], "uv_size": [0.5, 0.5]},
								"west": {"uv": [14, 4], "uv_size": [6, 0.5]},
								"up": {"uv": [8, 13], "uv_size": [0.5, 6]},
								"down": {"uv": [11, 20], "uv_size": [0.5, -6]}
							}
						},
						{
							"origin": [-0.83813, 1.31919, -4.81384],
							"size": [0.2, 0.74558, 5.75],
							"pivot": [0.06188, 1.69198, -0.06384],
							"rotation": [0, 0, 45],
							"uv": {
								"north": {"uv": [37, 32], "uv_size": [0.5, 0.5]},
								"east": {"uv": [14, 5], "uv_size": [6, 0.5]},
								"south": {"uv": [33, 37], "uv_size": [0.5, 0.5]},
								"west": {"uv": [14, 6], "uv_size": [6, 0.5]},
								"up": {"uv": [12, 14], "uv_size": [0.5, 6]},
								"down": {"uv": [13, 20], "uv_size": [0.5, -6]}
							}
						},
						{
							"origin": [-0.83813, 1.31919, -4.81384],
							"size": [0.2, 0.74558, 5.75],
							"uv": {
								"north": {"uv": [37, 33], "uv_size": [0.5, 0.5]},
								"east": {"uv": [14, 14], "uv_size": [6, 0.5]},
								"south": {"uv": [34, 37], "uv_size": [0.5, 0.5]},
								"west": {"uv": [14, 15], "uv_size": [6, 0.5]},
								"up": {"uv": [14, 16], "uv_size": [0.5, 6]},
								"down": {"uv": [15, 22], "uv_size": [0.5, -6]}
							}
						}
					]
				},
				{
					"name": "frame",
					"parent": "scope_body",
					"pivot": [0, -1.75, -2.5]
				},
				{
					"name": "frameR",
					"parent": "frame",
					"pivot": [0.25, 3.0625, 0.6875],
					"cubes": [
						{
							"origin": [0.92687, 2.25448, -3.39038],
							"size": [0.205, 0.39006, 3.22404],
							"uv": {
								"north": {"uv": [5, 38], "uv_size": [0.5, 0.5]},
								"east": {"uv": [24, 11], "uv_size": [3, 0.5]},
								"south": {"uv": [38, 5], "uv_size": [0.5, 0.5]},
								"west": {"uv": [24, 12], "uv_size": [3, 0.5]},
								"up": {"uv": [24, 16], "uv_size": [0.5, 3]},
								"down": {"uv": [20, 27], "uv_size": [0.5, -3]}
							}
						},
						{
							"origin": [0.92687, 1.41088, -5.39071],
							"size": [0.205, 0.5125, 2.5625],
							"pivot": [0.31188, 1.74401, -3.80196],
							"rotation": [55, 0, 0],
							"uv": {
								"north": {"uv": [6, 38], "uv_size": [0.5, 0.5]},
								"east": {"uv": [26, 14], "uv_size": [2.5, 0.5]},
								"south": {"uv": [38, 6], "uv_size": [0.5, 0.5]},
								"west": {"uv": [26, 15], "uv_size": [2.5, 0.5]},
								"up": {"uv": [16, 26], "uv_size": [0.5, 2.5]},
								"down": {"uv": [17, 28.5], "uv_size": [0.5, -2.5]}
							}
						},
						{
							"origin": [0.92687, 1.11701, -0.97128],
							"size": [0.205, 0.52592, 2.23046],
							"pivot": [0.31188, 1.45013, 0.29255],
							"rotation": [-60, 0, 0],
							"uv": {
								"north": {"uv": [7, 38], "uv_size": [0.5, 0.5]},
								"east": {"uv": [30, 28], "uv_size": [2, 0.5]},
								"south": {"uv": [38, 7], "uv_size": [0.5, 0.5]},
								"west": {"uv": [30, 30], "uv_size": [2, 0.5]},
								"up": {"uv": [0, 31], "uv_size": [0.5, 2]},
								"down": {"uv": [31, 2], "uv_size": [0.5, -2]}
							}
						},
						{
							"origin": [0.92687, 0.25573, 0.29491],
							"size": [0.205, 0.3641, 0.79096],
							"pivot": [1.13188, 0.25573, 0.29491],
							"rotation": [35, 0, 0],
							"uv": {
								"north": {"uv": [8, 38], "uv_size": [0.5, 0.5]},
								"east": {"uv": [7, 34], "uv_size": [1, 0.5]},
								"south": {"uv": [38, 8], "uv_size": [0.5, 0.5]},
								"west": {"uv": [34, 7], "uv_size": [1, 0.5]},
								"up": {"uv": [8, 34], "uv_size": [0.5, 1]},
								"down": {"uv": [34, 9], "uv_size": [0.5, -1]}
							}
						}
					]
				},
				{
					"name": "frameL",
					"parent": "frame",
					"pivot": [-0.25, 3.0625, 0.6875],
					"cubes": [
						{
							"origin": [-1.00813, 0.25573, -4.86017],
							"size": [2.14, 0.31536, 5.15508],
							"uv": {
								"north": {"uv": [1, 31], "uv_size": [2, 0.5]},
								"east": {"uv": [16, 16], "uv_size": [5, 0.5]},
								"south": {"uv": [31, 2], "uv_size": [2, 0.5]},
								"west": {"uv": [17, 7], "uv_size": [5, 0.5]},
								"up": {"uv": [0, 0], "uv_size": [2, 5]},
								"down": {"uv": [2, 5], "uv_size": [2, -5]}
							}
						},
						{
							"origin": [-1.00812, 2.25448, -3.39038],
							"size": [0.205, 0.39006, 3.22404],
							"uv": {
								"north": {"uv": [10, 38], "uv_size": [0.5, 0.5]},
								"east": {"uv": [24, 13], "uv_size": [3, 0.5]},
								"south": {"uv": [38, 10], "uv_size": [0.5, 0.5]},
								"west": {"uv": [24, 19], "uv_size": [3, 0.5]},
								"up": {"uv": [21, 24], "uv_size": [0.5, 3]},
								"down": {"uv": [22, 27], "uv_size": [0.5, -3]}
							}
						},
						{
							"origin": [-1.00812, 1.41088, -5.39071],
							"size": [0.205, 0.5125, 2.5625],
							"pivot": [-0.18812, 1.74401, -3.80196],
							"rotation": [55, 0, 0],
							"uv": {
								"north": {"uv": [11, 38], "uv_size": [0.5, 0.5]},
								"east": {"uv": [26, 22], "uv_size": [2.5, 0.5]},
								"south": {"uv": [38, 11], "uv_size": [0.5, 0.5]},
								"west": {"uv": [23, 26], "uv_size": [2.5, 0.5]},
								"up": {"uv": [26, 23], "uv_size": [0.5, 2.5]},
								"down": {"uv": [26, 28.5], "uv_size": [0.5, -2.5]}
							}
						},
						{
							"origin": [-1.00812, 1.11701, -0.97128],
							"size": [0.205, 0.52592, 2.23046],
							"pivot": [-0.18812, 1.45013, 0.29255],
							"rotation": [-60, 0, 0],
							"uv": {
								"north": {"uv": [12, 38], "uv_size": [0.5, 0.5]},
								"east": {"uv": [3, 31], "uv_size": [2, 0.5]},
								"south": {"uv": [38, 12], "uv_size": [0.5, 0.5]},
								"west": {"uv": [31, 3], "uv_size": [2, 0.5]},
								"up": {"uv": [31, 4], "uv_size": [0.5, 2]},
								"down": {"uv": [5, 33], "uv_size": [0.5, -2]}
							}
						},
						{
							"origin": [-1.00812, 0.25573, 0.29491],
							"size": [0.205, 0.3641, 0.79096],
							"pivot": [-1.00812, 0.25573, 0.29491],
							"rotation": [35, 0, 0],
							"uv": {
								"north": {"uv": [13, 38], "uv_size": [0.5, 0.5]},
								"east": {"uv": [9, 34], "uv_size": [1, 0.5]},
								"south": {"uv": [38, 13], "uv_size": [0.5, 0.5]},
								"west": {"uv": [34, 9], "uv_size": [1, 0.5]},
								"up": {"uv": [10, 34], "uv_size": [0.5, 1]},
								"down": {"uv": [34, 11], "uv_size": [0.5, -1]}
							}
						},
						{
							"origin": [-1.0083, 1.20443, -1.87793],
							"size": [0.20536, 0.44167, 1.8919],
							"inflate": -0.001,
							"pivot": [-0.18812, 1.39964, -0.88073],
							"rotation": [50, 0, 0],
							"uv": {
								"north": {"uv": [14, 38], "uv_size": [0.5, 0.5]},
								"east": {"uv": [6, 31], "uv_size": [2, 0.5]},
								"south": {"uv": [38, 14], "uv_size": [0.5, 0.5]},
								"west": {"uv": [31, 6], "uv_size": [2, 0.5]},
								"up": {"uv": [31, 7], "uv_size": [0.5, 2]},
								"down": {"uv": [9, 33], "uv_size": [0.5, -2]}
							}
						},
						{
							"origin": [-1.0083, 1.20443, -3.72915],
							"size": [0.20536, 0.44167, 1.8919],
							"inflate": -0.001,
							"pivot": [-0.18812, 1.39964, -2.83445],
							"rotation": [-50, 0, 0],
							"uv": {
								"north": {"uv": [15, 38], "uv_size": [0.5, 0.5]},
								"east": {"uv": [10, 31], "uv_size": [2, 0.5]},
								"south": {"uv": [38, 15], "uv_size": [0.5, 0.5]},
								"west": {"uv": [31, 11], "uv_size": [2, 0.5]},
								"up": {"uv": [12, 31], "uv_size": [0.5, 2]},
								"down": {"uv": [13, 33], "uv_size": [0.5, -2]}
							}
						},
						{
							"origin": [-1.0083, 2.43443, -2.1404],
							"size": [0.20536, 0.44167, 0.71315],
							"inflate": -0.001,
							"pivot": [-0.18812, 2.62964, -2.42445],
							"rotation": [-50, 0, 0],
							"uv": {
								"north": {"uv": [16, 38], "uv_size": [0.5, 0.5]},
								"east": {"uv": [38, 16], "uv_size": [0.5, 0.5]},
								"south": {"uv": [17, 38], "uv_size": [0.5, 0.5]},
								"west": {"uv": [38, 17], "uv_size": [0.5, 0.5]},
								"up": {"uv": [18, 38], "uv_size": [0.5, 0.5]},
								"down": {"uv": [38, 18.5], "uv_size": [0.5, -0.5]}
							}
						},
						{
							"origin": [-1.0083, 2.43443, -2.23668],
							"size": [0.20536, 0.44167, 0.71315],
							"inflate": -0.001,
							"pivot": [-0.18812, 2.62964, -1.23948],
							"rotation": [50, 0, 0],
							"uv": {
								"north": {"uv": [19, 38], "uv_size": [0.5, 0.5]},
								"east": {"uv": [38, 19], "uv_size": [0.5, 0.5]},
								"south": {"uv": [20, 38], "uv_size": [0.5, 0.5]},
								"west": {"uv": [38, 20], "uv_size": [0.5, 0.5]},
								"up": {"uv": [21, 38], "uv_size": [0.5, 0.5]},
								"down": {"uv": [38, 21.5], "uv_size": [0.5, -0.5]}
							}
						},
						{
							"origin": [-1.00848, 1.58787, -0.62795],
							"size": [0.20572, 0.30822, 0.66697],
							"inflate": -0.002,
							"uv": {
								"north": {"uv": [22, 38], "uv_size": [0.5, 0.5]},
								"east": {"uv": [38, 22], "uv_size": [0.5, 0.5]},
								"south": {"uv": [23, 38], "uv_size": [0.5, 0.5]},
								"west": {"uv": [38, 23], "uv_size": [0.5, 0.5]},
								"up": {"uv": [24, 38], "uv_size": [0.5, 0.5]},
								"down": {"uv": [38, 24.5], "uv_size": [0.5, -0.5]}
							}
						},
						{
							"origin": [-1.00848, 2.35662, -1.03795],
							"size": [0.20572, 0.30822, 0.66697],
							"inflate": -0.002,
							"pivot": [-0.18812, 2.35698, -0.93509],
							"rotation": [-60, 0, 0],
							"uv": {
								"north": {"uv": [25, 38], "uv_size": [0.5, 0.5]},
								"east": {"uv": [38, 25], "uv_size": [0.5, 0.5]},
								"south": {"uv": [26, 38], "uv_size": [0.5, 0.5]},
								"west": {"uv": [38, 26], "uv_size": [0.5, 0.5]},
								"up": {"uv": [27, 38], "uv_size": [0.5, 0.5]},
								"down": {"uv": [38, 27.5], "uv_size": [0.5, -0.5]}
							}
						},
						{
							"origin": [-1.00848, 2.35662, -3.29295],
							"size": [0.20572, 0.30822, 0.66697],
							"inflate": -0.002,
							"pivot": [-0.18812, 2.35698, -2.72884],
							"rotation": [60, 0, 0],
							"uv": {
								"north": {"uv": [28, 38], "uv_size": [0.5, 0.5]},
								"east": {"uv": [38, 28], "uv_size": [0.5, 0.5]},
								"south": {"uv": [29, 38], "uv_size": [0.5, 0.5]},
								"west": {"uv": [38, 29], "uv_size": [0.5, 0.5]},
								"up": {"uv": [30, 38], "uv_size": [0.5, 0.5]},
								"down": {"uv": [38, 30.5], "uv_size": [0.5, -0.5]}
							}
						},
						{
							"origin": [-1.00848, 1.58787, -3.70295],
							"size": [0.20572, 0.30822, 0.66697],
							"inflate": -0.002,
							"uv": {
								"north": {"uv": [31, 38], "uv_size": [0.5, 0.5]},
								"east": {"uv": [38, 31], "uv_size": [0.5, 0.5]},
								"south": {"uv": [32, 38], "uv_size": [0.5, 0.5]},
								"west": {"uv": [38, 32], "uv_size": [0.5, 0.5]},
								"up": {"uv": [33, 38], "uv_size": [0.5, 0.5]},
								"down": {"uv": [38, 33.5], "uv_size": [0.5, -0.5]}
							}
						},
						{
							"origin": [-1.00848, 0.30662, -4.52295],
							"size": [0.20572, 0.30822, 0.66697],
							"inflate": -0.002,
							"pivot": [-0.18812, 0.61448, -3.95884],
							"rotation": [-60, 0, 0],
							"uv": {
								"north": {"uv": [34, 38], "uv_size": [0.5, 0.5]},
								"east": {"uv": [38, 34], "uv_size": [0.5, 0.5]},
								"south": {"uv": [35, 38], "uv_size": [0.5, 0.5]},
								"west": {"uv": [38, 35], "uv_size": [0.5, 0.5]},
								"up": {"uv": [36, 38], "uv_size": [0.5, 0.5]},
								"down": {"uv": [38, 36.5], "uv_size": [0.5, -0.5]}
							}
						},
						{
							"origin": [-1.00848, 0.30662, -2.7292],
							"size": [0.20572, 0.30822, 0.46197],
							"inflate": -0.002,
							"pivot": [-0.18812, 0.61448, -2.62634],
							"rotation": [60, 0, 0],
							"uv": {
								"north": {"uv": [37, 38], "uv_size": [0.5, 0.5]},
								"east": {"uv": [38, 37], "uv_size": [0.5, 0.5]},
								"south": {"uv": [38, 38], "uv_size": [0.5, 0.5]},
								"west": {"uv": [0, 39], "uv_size": [0.5, 0.5]},
								"up": {"uv": [39, 0], "uv_size": [0.5, 0.5]},
								"down": {"uv": [1, 39.5], "uv_size": [0.5, -0.5]}
							}
						},
						{
							"origin": [-1.00848, 0.25537, -1.72641],
							"size": [0.20572, 0.36482, 0.79168],
							"inflate": -0.002,
							"pivot": [-1.00812, 0.25573, -0.93509],
							"rotation": [-35, 0, 0],
							"uv": {
								"north": {"uv": [39, 1], "uv_size": [0.5, 0.5]},
								"east": {"uv": [11, 34], "uv_size": [1, 0.5]},
								"south": {"uv": [2, 39], "uv_size": [0.5, 0.5]},
								"west": {"uv": [34, 11], "uv_size": [1, 0.5]},
								"up": {"uv": [12, 34], "uv_size": [0.5, 1]},
								"down": {"uv": [34, 13], "uv_size": [0.5, -1]}
							}
						},
						{
							"origin": [-1.00848, 0.51162, -2.3192],
							"size": [0.20572, 0.33417, 1.0193],
							"inflate": -0.002,
							"uv": {
								"north": {"uv": [39, 2], "uv_size": [0.5, 0.5]},
								"east": {"uv": [13, 34], "uv_size": [1, 0.5]},
								"south": {"uv": [3, 39], "uv_size": [0.5, 0.5]},
								"west": {"uv": [34, 13], "uv_size": [1, 0.5]},
								"up": {"uv": [14, 34], "uv_size": [0.5, 1]},
								"down": {"uv": [34, 15], "uv_size": [0.5, -1]}
							}
						},
						{
							"origin": [-1.00848, 1.74015, -1.93334],
							"size": [0.20572, 0.54064, 0.20275],
							"inflate": -0.002,
							"uv": {
								"north": {"uv": [39, 3], "uv_size": [0.5, 0.5]},
								"east": {"uv": [4, 39], "uv_size": [0.5, 0.5]},
								"south": {"uv": [39, 4], "uv_size": [0.5, 0.5]},
								"west": {"uv": [5, 39], "uv_size": [0.5, 0.5]},
								"up": {"uv": [39, 5], "uv_size": [0.5, 0.5]},
								"down": {"uv": [6, 39.5], "uv_size": [0.5, -0.5]}
							}
						}
					]
				},
				{
					"name": "octagon8",
					"parent": "scope_body",
					"pivot": [0, 2.5, 5.25],
					"cubes": [
						{
							"origin": [-0.2695, 0.89198, 0.93616],
							"size": [0.66274, 0.1, 1.75],
							"pivot": [0.06188, 1.69198, 1.93616],
							"rotation": [0, 0, 45],
							"uv": {
								"north": {"uv": [37, 18], "uv_size": [0.5, 0.5]},
								"east": {"uv": [22, 10], "uv_size": [3, 0.5]},
								"south": {"uv": [19, 37], "uv_size": [0.5, 0.5]},
								"west": {"uv": [15, 22], "uv_size": [3, 0.5]},
								"up": {"uv": [18, 22], "uv_size": [0.5, 3]},
								"down": {"uv": [19, 25], "uv_size": [0.5, -3]}
							}
						},
						{
							"origin": [-0.2695, 0.89198, 0.93616],
							"size": [0.66274, 0.1, 1.75],
							"uv": {
								"north": {"uv": [37, 19], "uv_size": [0.5, 0.5]},
								"east": {"uv": [20, 22], "uv_size": [3, 0.5]},
								"south": {"uv": [20, 37], "uv_size": [0.5, 0.5]},
								"west": {"uv": [22, 21], "uv_size": [3, 0.5]},
								"up": {"uv": [2, 23], "uv_size": [0.5, 3]},
								"down": {"uv": [23, 5], "uv_size": [0.5, -3]}
							}
						},
						{
							"origin": [-0.2695, 2.39198, 0.93616],
							"size": [0.66274, 0.1, 1.75],
							"pivot": [0.06188, 1.69198, 1.93616],
							"rotation": [0, 0, 45],
							"uv": {
								"north": {"uv": [37, 20], "uv_size": [0.5, 0.5]},
								"east": {"uv": [23, 5], "uv_size": [3, 0.5]},
								"south": {"uv": [21, 37], "uv_size": [0.5, 0.5]},
								"west": {"uv": [23, 6], "uv_size": [3, 0.5]},
								"up": {"uv": [3, 23], "uv_size": [0.5, 3]},
								"down": {"uv": [5, 26], "uv_size": [0.5, -3]}
							}
						},
						{
							"origin": [-0.2695, 2.39198, 0.93616],
							"size": [0.66274, 0.1, 1.75],
							"uv": {
								"north": {"uv": [37, 21], "uv_size": [0.5, 0.5]},
								"east": {"uv": [23, 7], "uv_size": [3, 0.5]},
								"south": {"uv": [22, 37], "uv_size": [0.5, 0.5]},
								"west": {"uv": [23, 8], "uv_size": [3, 0.5]},
								"up": {"uv": [11, 23], "uv_size": [0.5, 3]},
								"down": {"uv": [12, 26], "uv_size": [0.5, -3]}
							}
						},
						{
							"origin": [0.76188, 1.36061, 0.93616],
							"size": [0.1, 0.66274, 1.75],
							"pivot": [0.06188, 1.69198, 1.93616],
							"rotation": [0, 0, 45],
							"uv": {
								"north": {"uv": [37, 22], "uv_size": [0.5, 0.5]},
								"east": {"uv": [23, 9], "uv_size": [3, 0.5]},
								"south": {"uv": [23, 37], "uv_size": [0.5, 0.5]},
								"west": {"uv": [23, 14], "uv_size": [3, 0.5]},
								"up": {"uv": [13, 23], "uv_size": [0.5, 3]},
								"down": {"uv": [15, 26], "uv_size": [0.5, -3]}
							}
						},
						{
							"origin": [0.76188, 1.36061, 0.93616],
							"size": [0.1, 0.66274, 1.75],
							"uv": {
								"north": {"uv": [37, 23], "uv_size": [0.5, 0.5]},
								"east": {"uv": [23, 15], "uv_size": [3, 0.5]},
								"south": {"uv": [24, 37], "uv_size": [0.5, 0.5]},
								"west": {"uv": [20, 23], "uv_size": [3, 0.5]},
								"up": {"uv": [16, 23], "uv_size": [0.5, 3]},
								"down": {"uv": [17, 26], "uv_size": [0.5, -3]}
							}
						},
						{
							"origin": [-0.73812, 1.36061, 0.93616],
							"size": [0.1, 0.66274, 1.75],
							"pivot": [0.06188, 1.69198, 1.93616],
							"rotation": [0, 0, 45],
							"uv": {
								"north": {"uv": [37, 24], "uv_size": [0.5, 0.5]},
								"east": {"uv": [23, 22], "uv_size": [3, 0.5]},
								"south": {"uv": [25, 37], "uv_size": [0.5, 0.5]},
								"west": {"uv": [23, 23], "uv_size": [3, 0.5]},
								"up": {"uv": [24, 0], "uv_size": [0.5, 3]},
								"down": {"uv": [6, 27], "uv_size": [0.5, -3]}
							}
						},
						{
							"origin": [-0.73812, 1.36061, 0.93616],
							"size": [0.1, 0.66274, 1.75],
							"uv": {
								"north": {"uv": [37, 25], "uv_size": [0.5, 0.5]},
								"east": {"uv": [24, 3], "uv_size": [3, 0.5]},
								"south": {"uv": [26, 37], "uv_size": [0.5, 0.5]},
								"west": {"uv": [24, 4], "uv_size": [3, 0.5]},
								"up": {"uv": [7, 24], "uv_size": [0.5, 3]},
								"down": {"uv": [8, 27], "uv_size": [0.5, -3]}
							}
						}
					]
				},
				{
					"name": "octagon9",
					"parent": "scope_body",
					"pivot": [0.06187, 2.19198, 4.99866],
					"cubes": [
						{
							"origin": [-0.31092, 0.79198, 1.31116],
							"size": [0.74558, 0.1375, 1.375],
							"pivot": [0.06188, 1.69198, 2.68616],
							"rotation": [0, 0, 45],
							"uv": {
								"north": {"uv": [37, 34], "uv_size": [0.5, 0.5]},
								"east": {"uv": [24, 20], "uv_size": [2.5, 0.5]},
								"south": {"uv": [35, 37], "uv_size": [0.5, 0.5]},
								"west": {"uv": [23, 24], "uv_size": [2.5, 0.5]},
								"up": {"uv": [0, 25], "uv_size": [0.5, 2.5]},
								"down": {"uv": [25, 2.5], "uv_size": [0.5, -2.5]}
							}
						},
						{
							"origin": [-0.31092, 0.79198, 1.31116],
							"size": [0.74558, 0.1375, 1.375],
							"uv": {
								"north": {"uv": [37, 35], "uv_size": [0.5, 0.5]},
								"east": {"uv": [25, 10], "uv_size": [2.5, 0.5]},
								"south": {"uv": [36, 37], "uv_size": [0.5, 0.5]},
								"west": {"uv": [25, 16], "uv_size": [2.5, 0.5]},
								"up": {"uv": [1, 25], "uv_size": [0.5, 2.5]},
								"down": {"uv": [4, 27.5], "uv_size": [0.5, -2.5]}
							}
						},
						{
							"origin": [-0.31092, 2.45448, 1.31116],
							"size": [0.74558, 0.1375, 1.375],
							"pivot": [0.06188, 1.69198, 2.68616],
							"rotation": [0, 0, 45],
							"uv": {
								"north": {"uv": [37, 36], "uv_size": [0.5, 0.5]},
								"east": {"uv": [25, 17], "uv_size": [2.5, 0.5]},
								"south": {"uv": [37, 37], "uv_size": [0.5, 0.5]},
								"west": {"uv": [25, 18], "uv_size": [2.5, 0.5]},
								"up": {"uv": [9, 25], "uv_size": [0.5, 2.5]},
								"down": {"uv": [10, 27.5], "uv_size": [0.5, -2.5]}
							}
						},
						{
							"origin": [-0.31092, 2.45448, 1.31116],
							"size": [0.74558, 0.1375, 1.375],
							"uv": {
								"north": {"uv": [0, 38], "uv_size": [0.5, 0.5]},
								"east": {"uv": [25, 21], "uv_size": [2.5, 0.5]},
								"south": {"uv": [38, 0], "uv_size": [0.5, 0.5]},
								"west": {"uv": [23, 25], "uv_size": [2.5, 0.5]},
								"up": {"uv": [14, 25], "uv_size": [0.5, 2.5]},
								"down": {"uv": [18, 27.5], "uv_size": [0.5, -2.5]}
							}
						},
						{
							"origin": [0.82438, 1.31919, 1.31116],
							"size": [0.1375, 0.74558, 1.375],
							"pivot": [0.06188, 1.69198, 2.68616],
							"rotation": [0, 0, 45],
							"uv": {
								"north": {"uv": [1, 38], "uv_size": [0.5, 0.5]},
								"east": {"uv": [26, 0], "uv_size": [2.5, 0.5]},
								"south": {"uv": [38, 1], "uv_size": [0.5, 0.5]},
								"west": {"uv": [26, 1], "uv_size": [2.5, 0.5]},
								"up": {"uv": [19, 25], "uv_size": [0.5, 2.5]},
								"down": {"uv": [2, 28.5], "uv_size": [0.5, -2.5]}
							}
						},
						{
							"origin": [0.82438, 1.31919, 1.31116],
							"size": [0.1375, 0.74558, 1.375],
							"uv": {
								"north": {"uv": [2, 38], "uv_size": [0.5, 0.5]},
								"east": {"uv": [26, 2], "uv_size": [2.5, 0.5]},
								"south": {"uv": [38, 2], "uv_size": [0.5, 0.5]},
								"west": {"uv": [26, 5], "uv_size": [2.5, 0.5]},
								"up": {"uv": [3, 26], "uv_size": [0.5, 2.5]},
								"down": {"uv": [5, 28.5], "uv_size": [0.5, -2.5]}
							}
						},
						{
							"origin": [-0.83813, 1.31919, 1.31116],
							"size": [0.1375, 0.74558, 1.375],
							"pivot": [0.06188, 1.69198, 2.68616],
							"rotation": [0, 0, 45],
							"uv": {
								"north": {"uv": [3, 38], "uv_size": [0.5, 0.5]},
								"east": {"uv": [26, 6], "uv_size": [2.5, 0.5]},
								"south": {"uv": [38, 3], "uv_size": [0.5, 0.5]},
								"west": {"uv": [26, 7], "uv_size": [2.5, 0.5]},
								"up": {"uv": [11, 26], "uv_size": [0.5, 2.5]},
								"down": {"uv": [12, 28.5], "uv_size": [0.5, -2.5]}
							}
						},
						{
							"origin": [-0.83813, 1.31919, 1.31116],
							"size": [0.1375, 0.74558, 1.375],
							"uv": {
								"north": {"uv": [4, 38], "uv_size": [0.5, 0.5]},
								"east": {"uv": [26, 8], "uv_size": [2.5, 0.5]},
								"south": {"uv": [38, 4], "uv_size": [0.5, 0.5]},
								"west": {"uv": [26, 9], "uv_size": [2.5, 0.5]},
								"up": {"uv": [13, 26], "uv_size": [0.5, 2.5]},
								"down": {"uv": [15, 28.5], "uv_size": [0.5, -2.5]}
							}
						}
					]
				},
				{
					"name": "ocular",
					"pivot": [0.06114, 2.20448, 2.20178],
					"cubes": [
						{
							"origin": [-0.93886, 0.70448, 2.67053],
							"size": [2, 2, 0.0625],
							"uv": {
								"south": {"uv": [39, 6], "uv_size": [4, 4]}
							}
						}
					]
				},
				{
					"name": "ocular_ring",
					"pivot": [0, -0.5, -2]
				},
				{
					"name": "octagon5",
					"parent": "ocular_ring",
					"pivot": [0, 2, 5.75],
					"cubes": [
						{
							"origin": [-0.2695, 0.89198, 2.68616],
							"size": [0.66274, 0.1, 1.125],
							"pivot": [0.06188, 1.69198, 1.93616],
							"rotation": [0, 0, 45],
							"uv": {
								"north": {"uv": [37, 18], "uv_size": [0.5, 0.5]},
								"east": {"uv": [22, 10], "uv_size": [3, 0.5]},
								"south": {"uv": [19, 37], "uv_size": [0.5, 0.5]},
								"west": {"uv": [15, 22], "uv_size": [3, 0.5]},
								"up": {"uv": [18, 22], "uv_size": [0.5, 3]},
								"down": {"uv": [19, 25], "uv_size": [0.5, -3]}
							}
						},
						{
							"origin": [-0.2695, 0.89198, 2.68616],
							"size": [0.66274, 0.1, 1.125],
							"uv": {
								"north": {"uv": [37, 19], "uv_size": [0.5, 0.5]},
								"east": {"uv": [20, 22], "uv_size": [3, 0.5]},
								"south": {"uv": [20, 37], "uv_size": [0.5, 0.5]},
								"west": {"uv": [22, 21], "uv_size": [3, 0.5]},
								"up": {"uv": [2, 23], "uv_size": [0.5, 3]},
								"down": {"uv": [23, 5], "uv_size": [0.5, -3]}
							}
						},
						{
							"origin": [-0.2695, 2.39198, 2.68616],
							"size": [0.66274, 0.1, 1.125],
							"pivot": [0.06188, 1.69198, 1.93616],
							"rotation": [0, 0, 45],
							"uv": {
								"north": {"uv": [37, 20], "uv_size": [0.5, 0.5]},
								"east": {"uv": [23, 5], "uv_size": [3, 0.5]},
								"south": {"uv": [21, 37], "uv_size": [0.5, 0.5]},
								"west": {"uv": [23, 6], "uv_size": [3, 0.5]},
								"up": {"uv": [3, 23], "uv_size": [0.5, 3]},
								"down": {"uv": [5, 26], "uv_size": [0.5, -3]}
							}
						},
						{
							"origin": [-0.2695, 2.39198, 2.68616],
							"size": [0.66274, 0.1, 1.125],
							"uv": {
								"north": {"uv": [37, 21], "uv_size": [0.5, 0.5]},
								"east": {"uv": [23, 7], "uv_size": [3, 0.5]},
								"south": {"uv": [22, 37], "uv_size": [0.5, 0.5]},
								"west": {"uv": [23, 8], "uv_size": [3, 0.5]},
								"up": {"uv": [11, 23], "uv_size": [0.5, 3]},
								"down": {"uv": [12, 26], "uv_size": [0.5, -3]}
							}
						},
						{
							"origin": [0.76188, 1.36061, 2.68616],
							"size": [0.1, 0.66274, 1.125],
							"pivot": [0.06188, 1.69198, 1.93616],
							"rotation": [0, 0, 45],
							"uv": {
								"north": {"uv": [37, 22], "uv_size": [0.5, 0.5]},
								"east": {"uv": [23, 9], "uv_size": [3, 0.5]},
								"south": {"uv": [23, 37], "uv_size": [0.5, 0.5]},
								"west": {"uv": [23, 14], "uv_size": [3, 0.5]},
								"up": {"uv": [13, 23], "uv_size": [0.5, 3]},
								"down": {"uv": [15, 26], "uv_size": [0.5, -3]}
							}
						},
						{
							"origin": [0.76188, 1.36061, 2.68616],
							"size": [0.1, 0.66274, 1.125],
							"uv": {
								"north": {"uv": [37, 23], "uv_size": [0.5, 0.5]},
								"east": {"uv": [23, 15], "uv_size": [3, 0.5]},
								"south": {"uv": [24, 37], "uv_size": [0.5, 0.5]},
								"west": {"uv": [20, 23], "uv_size": [3, 0.5]},
								"up": {"uv": [16, 23], "uv_size": [0.5, 3]},
								"down": {"uv": [17, 26], "uv_size": [0.5, -3]}
							}
						},
						{
							"origin": [-0.73812, 1.36061, 2.68616],
							"size": [0.1, 0.66274, 1.125],
							"pivot": [0.06188, 1.69198, 1.93616],
							"rotation": [0, 0, 45],
							"uv": {
								"north": {"uv": [37, 24], "uv_size": [0.5, 0.5]},
								"east": {"uv": [23, 22], "uv_size": [3, 0.5]},
								"south": {"uv": [25, 37], "uv_size": [0.5, 0.5]},
								"west": {"uv": [23, 23], "uv_size": [3, 0.5]},
								"up": {"uv": [24, 0], "uv_size": [0.5, 3]},
								"down": {"uv": [6, 27], "uv_size": [0.5, -3]}
							}
						},
						{
							"origin": [-0.73812, 1.36061, 2.68616],
							"size": [0.1, 0.66274, 1.125],
							"uv": {
								"north": {"uv": [37, 25], "uv_size": [0.5, 0.5]},
								"east": {"uv": [24, 3], "uv_size": [3, 0.5]},
								"south": {"uv": [26, 37], "uv_size": [0.5, 0.5]},
								"west": {"uv": [24, 4], "uv_size": [3, 0.5]},
								"up": {"uv": [7, 24], "uv_size": [0.5, 3]},
								"down": {"uv": [8, 27], "uv_size": [0.5, -3]}
							}
						}
					]
				},
				{
					"name": "octagon3",
					"parent": "ocular_ring",
					"pivot": [0.06187, 1.69198, 6.49866],
					"cubes": [
						{
							"origin": [-0.31092, 0.79198, 2.68616],
							"size": [0.74558, 0.1375, 1],
							"pivot": [0.06188, 1.69198, 3.68616],
							"rotation": [0, 0, 45],
							"uv": {
								"north": {"uv": [37, 34], "uv_size": [0.5, 0.5]},
								"east": {"uv": [24, 20], "uv_size": [2.5, 0.5]},
								"south": {"uv": [35, 37], "uv_size": [0.5, 0.5]},
								"west": {"uv": [23, 24], "uv_size": [2.5, 0.5]},
								"up": {"uv": [0, 25], "uv_size": [0.5, 2.5]},
								"down": {"uv": [25, 2.5], "uv_size": [0.5, -2.5]}
							}
						},
						{
							"origin": [-0.31092, 0.79198, 2.68616],
							"size": [0.74558, 0.1375, 1],
							"uv": {
								"north": {"uv": [37, 35], "uv_size": [0.5, 0.5]},
								"east": {"uv": [25, 10], "uv_size": [2.5, 0.5]},
								"south": {"uv": [36, 37], "uv_size": [0.5, 0.5]},
								"west": {"uv": [25, 16], "uv_size": [2.5, 0.5]},
								"up": {"uv": [1, 25], "uv_size": [0.5, 2.5]},
								"down": {"uv": [4, 27.5], "uv_size": [0.5, -2.5]}
							}
						},
						{
							"origin": [-0.31092, 2.45448, 2.68616],
							"size": [0.74558, 0.1375, 1],
							"pivot": [0.06188, 1.69198, 3.68616],
							"rotation": [0, 0, 45],
							"uv": {
								"north": {"uv": [37, 36], "uv_size": [0.5, 0.5]},
								"east": {"uv": [25, 17], "uv_size": [2.5, 0.5]},
								"south": {"uv": [37, 37], "uv_size": [0.5, 0.5]},
								"west": {"uv": [25, 18], "uv_size": [2.5, 0.5]},
								"up": {"uv": [9, 25], "uv_size": [0.5, 2.5]},
								"down": {"uv": [10, 27.5], "uv_size": [0.5, -2.5]}
							}
						},
						{
							"origin": [-0.31092, 2.45448, 2.68616],
							"size": [0.74558, 0.1375, 1],
							"uv": {
								"north": {"uv": [0, 38], "uv_size": [0.5, 0.5]},
								"east": {"uv": [25, 21], "uv_size": [2.5, 0.5]},
								"south": {"uv": [38, 0], "uv_size": [0.5, 0.5]},
								"west": {"uv": [23, 25], "uv_size": [2.5, 0.5]},
								"up": {"uv": [14, 25], "uv_size": [0.5, 2.5]},
								"down": {"uv": [18, 27.5], "uv_size": [0.5, -2.5]}
							}
						},
						{
							"origin": [0.82438, 1.31919, 2.68616],
							"size": [0.1375, 0.74558, 1],
							"pivot": [0.06188, 1.69198, 3.68616],
							"rotation": [0, 0, 45],
							"uv": {
								"north": {"uv": [1, 38], "uv_size": [0.5, 0.5]},
								"east": {"uv": [26, 0], "uv_size": [2.5, 0.5]},
								"south": {"uv": [38, 1], "uv_size": [0.5, 0.5]},
								"west": {"uv": [26, 1], "uv_size": [2.5, 0.5]},
								"up": {"uv": [19, 25], "uv_size": [0.5, 2.5]},
								"down": {"uv": [2, 28.5], "uv_size": [0.5, -2.5]}
							}
						},
						{
							"origin": [0.82438, 1.31919, 2.68616],
							"size": [0.1375, 0.74558, 1],
							"uv": {
								"north": {"uv": [2, 38], "uv_size": [0.5, 0.5]},
								"east": {"uv": [26, 2], "uv_size": [2.5, 0.5]},
								"south": {"uv": [38, 2], "uv_size": [0.5, 0.5]},
								"west": {"uv": [26, 5], "uv_size": [2.5, 0.5]},
								"up": {"uv": [3, 26], "uv_size": [0.5, 2.5]},
								"down": {"uv": [5, 28.5], "uv_size": [0.5, -2.5]}
							}
						},
						{
							"origin": [-0.83813, 1.31919, 2.68616],
							"size": [0.1375, 0.74558, 1],
							"pivot": [0.06188, 1.69198, 3.68616],
							"rotation": [0, 0, 45],
							"uv": {
								"north": {"uv": [3, 38], "uv_size": [0.5, 0.5]},
								"east": {"uv": [26, 6], "uv_size": [2.5, 0.5]},
								"south": {"uv": [38, 3], "uv_size": [0.5, 0.5]},
								"west": {"uv": [26, 7], "uv_size": [2.5, 0.5]},
								"up": {"uv": [11, 26], "uv_size": [0.5, 2.5]},
								"down": {"uv": [12, 28.5], "uv_size": [0.5, -2.5]}
							}
						},
						{
							"origin": [-0.83813, 1.31919, 2.68616],
							"size": [0.1375, 0.74558, 1],
							"uv": {
								"north": {"uv": [4, 38], "uv_size": [0.5, 0.5]},
								"east": {"uv": [26, 8], "uv_size": [2.5, 0.5]},
								"south": {"uv": [38, 4], "uv_size": [0.5, 0.5]},
								"west": {"uv": [26, 9], "uv_size": [2.5, 0.5]},
								"up": {"uv": [13, 26], "uv_size": [0.5, 2.5]},
								"down": {"uv": [15, 28.5], "uv_size": [0.5, -2.5]}
							}
						}
					]
				},
				{
					"name": "division",
					"pivot": [1.06114, 1.20448, -34.29822]
				},
				{
					"name": "bone2_illuminated",
					"parent": "division",
					"pivot": [1.06114, 1.20448, -34.29822],
					"cubes": [
						{
							"origin": [-1.93886, -0.29552, -65],
							"size": [4, 4, 0.0625],
							"uv": {
								"south": {"uv": [64, 0], "uv_size": [64, 64]}
							}
						}
					]
				},
				{
					"name": "scope_view",
					"pivot": [0.06187, 1.69198, 6.24866]
				}
			]
		}
	]
}