{
	"format_version": "1.21.0",
	"minecraft:geometry": [
		{
			"description": {
				"identifier": "geometry.militech_cqo",
				"texture_width": 128,
				"texture_height": 128,
				"visible_bounds_width": 7,
				"visible_bounds_height": 1.5,
				"visible_bounds_offset": [0, 0.25, 0]
			},
			"bones": [
				{
					"name": "scope_body",
					"pivot": [0, 0.5, -1]
				},
				{
					"name": "screw",
					"parent": "scope_body",
					"pivot": [0, 0.6875, 0.90625],
					"cubes": [
						{
							"origin": [-0.7, 0.5625, 0.2027],
							"size": [0.5, 0.20313, 0.2071],
							"uv": {
								"east": {"uv": [23, 19], "uv_size": [0.5, 0.5]},
								"west": {"uv": [20, 23], "uv_size": [0.5, 0.5]},
								"up": {"uv": [23, 20], "uv_size": [0.5, 0.5]}
							}
						},
						{
							"origin": [-0.55355, 0.5625, 0.05625],
							"size": [0.2071, 0.20313, 0.5],
							"pivot": [-0.45, 0.6875, 0.30625],
							"rotation": [0, -45, 0],
							"uv": {
								"north": {"uv": [21, 23], "uv_size": [0.5, 0.5]},
								"south": {"uv": [23, 21], "uv_size": [0.5, 0.5]},
								"up": {"uv": [22, 23], "uv_size": [0.5, 0.5]},
								"down": {"uv": [23, 22.5], "uv_size": [0.5, -0.5]}
							}
						},
						{
							"origin": [-0.55355, 0.5625, 0.60625],
							"size": [0.2071, 0.1623, 0.15],
							"pivot": [-0.45, 0.6875, 0.30625],
							"rotation": [0, -45, 0],
							"uv": {
								"north": {"uv": [3, 24], "uv_size": [0.5, 0.5]},
								"south": {"uv": [24, 3], "uv_size": [0.5, 0.5]},
								"up": {"uv": [4, 24], "uv_size": [0.5, 0.5]},
								"down": {"uv": [24, 4.5], "uv_size": [0.5, -0.5]}
							}
						},
						{
							"origin": [-0.55355, 0.5625, -0.09375],
							"size": [0.2071, 0.1623, 0.1],
							"pivot": [-0.45, 0.6875, 0.30625],
							"rotation": [0, -45, 0],
							"uv": {
								"north": {"uv": [8, 24], "uv_size": [0.5, 0.5]},
								"south": {"uv": [24, 8], "uv_size": [0.5, 0.5]},
								"up": {"uv": [9, 24], "uv_size": [0.5, 0.5]},
								"down": {"uv": [24, 9.5], "uv_size": [0.5, -0.5]}
							}
						},
						{
							"origin": [-0.55355, 0.5625, 0.05625],
							"size": [0.2071, 0.20313, 0.5],
							"uv": {
								"north": {"uv": [23, 23], "uv_size": [0.5, 0.5]},
								"south": {"uv": [0, 24], "uv_size": [0.5, 0.5]},
								"up": {"uv": [24, 0], "uv_size": [0.5, 0.5]}
							}
						},
						{
							"origin": [-0.68891, 0.5625, 0.5916],
							"size": [0.47782, 0.1623, 0.06465],
							"uv": {
								"north": {"uv": [5, 24], "uv_size": [0.5, 0.5]},
								"south": {"uv": [24, 5], "uv_size": [0.5, 0.5]},
								"up": {"uv": [6, 24], "uv_size": [0.5, 0.5]}
							}
						},
						{
							"origin": [-0.73891, 0.5625, -0.16978],
							"size": [0.57724, 0.16227, 0.19068],
							"uv": {
								"north": {"uv": [24, 6], "uv_size": [0.5, 0.5]},
								"south": {"uv": [7, 24], "uv_size": [0.5, 0.5]},
								"up": {"uv": [24, 7], "uv_size": [0.5, 0.5]}
							}
						},
						{
							"origin": [-0.7, 0.5625, 0.2027],
							"size": [0.5, 0.20313, 0.2071],
							"pivot": [-0.45, 0.6875, 0.30625],
							"rotation": [0, -45, 0],
							"uv": {
								"east": {"uv": [1, 24], "uv_size": [0.5, 0.5]},
								"west": {"uv": [24, 1], "uv_size": [0.5, 0.5]},
								"up": {"uv": [2, 24], "uv_size": [0.5, 0.5]},
								"down": {"uv": [24, 2.5], "uv_size": [0.5, -0.5]}
							}
						},
						{
							"origin": [-0.15, 0.5625, 0.2027],
							"size": [0.15, 0.1623, 0.2071],
							"pivot": [-0.45, 0.6875, 0.30625],
							"rotation": [0, -45, 0],
							"uv": {
								"east": {"uv": [10, 24], "uv_size": [0.5, 0.5]},
								"west": {"uv": [24, 10], "uv_size": [0.5, 0.5]},
								"up": {"uv": [11, 24], "uv_size": [0.5, 0.5]},
								"down": {"uv": [24, 11.5], "uv_size": [0.5, -0.5]}
							}
						},
						{
							"origin": [-0.85, 0.5625, 0.2027],
							"size": [0.1, 0.1623, 0.2071],
							"pivot": [-0.45, 0.6875, 0.30625],
							"rotation": [0, -45, 0],
							"uv": {
								"east": {"uv": [12, 24], "uv_size": [0.5, 0.5]},
								"west": {"uv": [24, 12], "uv_size": [0.5, 0.5]},
								"up": {"uv": [13, 24], "uv_size": [0.5, 0.5]},
								"down": {"uv": [24, 13.5], "uv_size": [0.5, -0.5]}
							}
						}
					]
				},
				{
					"name": "panel",
					"parent": "scope_body",
					"pivot": [0.025, 0.51264, -2.69907],
					"cubes": [
						{
							"origin": [-0.16167, 0.66264, -0.16978],
							"size": [1, 0.06213, 1.2],
							"uv": {
								"north": {"uv": [19, 14], "uv_size": [1, 0.5]},
								"east": {"uv": [15, 19], "uv_size": [1, 0.5]},
								"south": {"uv": [19, 15], "uv_size": [1, 0.5]},
								"west": {"uv": [16, 19], "uv_size": [1, 0.5]},
								"up": {"uv": [8, 13], "uv_size": [1, 1]},
								"down": {"uv": [14, 4], "uv_size": [1, -1]}
							}
						},
						{
							"origin": [-0.83833, 0.47875, 1.68733],
							"size": [1.67666, 0.4, 0.28535],
							"pivot": [-1.4, -0.33589, 1.68733],
							"rotation": [45, 0, 0],
							"uv": {
								"north": {"uv": [15, 12], "uv_size": [1.5, 0.5]},
								"east": {"uv": [7, 22], "uv_size": [0.5, 0.5]},
								"south": {"uv": [15, 15], "uv_size": [1.5, 0.5]},
								"west": {"uv": [22, 7], "uv_size": [0.5, 0.5]},
								"up": {"uv": [0, 16], "uv_size": [1.5, 0.5]},
								"down": {"uv": [16, 0.5], "uv_size": [1.5, -0.5]}
							}
						},
						{
							"origin": [-0.83833, 0.22477, 0.98022],
							"size": [1.67666, 0.21716, 0.33284],
							"uv": {
								"north": {"uv": [16, 1], "uv_size": [1.5, 0.5]},
								"east": {"uv": [8, 22], "uv_size": [0.5, 0.5]},
								"south": {"uv": [2, 16], "uv_size": [1.5, 0.5]},
								"west": {"uv": [22, 8], "uv_size": [0.5, 0.5]},
								"up": {"uv": [16, 2], "uv_size": [1.5, 0.5]},
								"down": {"uv": [4, 16.5], "uv_size": [1.5, -0.5]}
							}
						},
						{
							"origin": [0.63833, -0.27523, -2.61978],
							"size": [0.2, 0.5, 3.93284],
							"uv": {
								"north": {"uv": [25, 15], "uv_size": [0.5, 0.5]},
								"east": {"uv": [2, 7], "uv_size": [3.5, 0.5]},
								"south": {"uv": [16, 25], "uv_size": [0.5, 0.5]},
								"west": {"uv": [7, 4], "uv_size": [3.5, 0.5]},
								"up": {"uv": [6, 7], "uv_size": [0.5, 3.5]},
								"down": {"uv": [7, 10.5], "uv_size": [0.5, -3.5]}
							}
						},
						{
							"origin": [-0.63833, -0.17523, -2.61978],
							"size": [1.27666, 0.41716, 3.93284],
							"uv": {
								"north": {"uv": [17, 14], "uv_size": [1.5, 0.5]},
								"east": {"uv": [10, 11], "uv_size": [3.5, 0.5]},
								"south": {"uv": [15, 17], "uv_size": [1.5, 0.5]},
								"west": {"uv": [12, 0], "uv_size": [3.5, 0.5]},
								"up": {"uv": [0, 0], "uv_size": [1.5, 3.5]},
								"down": {"uv": [2, 3.5], "uv_size": [1.5, -3.5]}
							}
						},
						{
							"origin": [-0.83833, -0.27523, -2.61978],
							"size": [0.2, 0.5, 3.93284],
							"uv": {
								"north": {"uv": [25, 20], "uv_size": [0.5, 0.5]},
								"east": {"uv": [9, 9], "uv_size": [3.5, 0.5]},
								"south": {"uv": [21, 25], "uv_size": [0.5, 0.5]},
								"west": {"uv": [9, 10], "uv_size": [3.5, 0.5]},
								"up": {"uv": [1, 11], "uv_size": [0.5, 3.5]},
								"down": {"uv": [6, 14.5], "uv_size": [0.5, -3.5]}
							}
						},
						{
							"origin": [-0.76167, 0.66264, 0.63022],
							"size": [0.6, 0.06213, 0.4],
							"uv": {
								"north": {"uv": [14, 24], "uv_size": [0.5, 0.5]},
								"east": {"uv": [24, 14], "uv_size": [0.5, 0.5]},
								"south": {"uv": [15, 24], "uv_size": [0.5, 0.5]},
								"west": {"uv": [24, 15], "uv_size": [0.5, 0.5]},
								"up": {"uv": [16, 24], "uv_size": [0.5, 0.5]},
								"down": {"uv": [24, 16.5], "uv_size": [0.5, -0.5]}
							}
						},
						{
							"origin": [-0.83833, 0.66264, -0.06978],
							"size": [0.09942, 0.06213, 1.1],
							"uv": {
								"north": {"uv": [23, 2], "uv_size": [0.5, 0.5]},
								"east": {"uv": [19, 2], "uv_size": [1, 0.5]},
								"south": {"uv": [3, 23], "uv_size": [0.5, 0.5]},
								"west": {"uv": [3, 19], "uv_size": [1, 0.5]},
								"up": {"uv": [19, 3], "uv_size": [0.5, 1]},
								"down": {"uv": [4, 20], "uv_size": [0.5, -1]}
							}
						},
						{
							"origin": [-0.83833, 0.22477, -1.01978],
							"size": [0.62666, 0.5, 0.95],
							"uv": {
								"north": {"uv": [17, 24], "uv_size": [0.5, 0.5]},
								"east": {"uv": [19, 16], "uv_size": [1, 0.5]},
								"south": {"uv": [24, 17], "uv_size": [0.5, 0.5]},
								"west": {"uv": [17, 19], "uv_size": [1, 0.5]},
								"up": {"uv": [19, 17], "uv_size": [0.5, 1]},
								"down": {"uv": [18, 20], "uv_size": [0.5, -1]}
							}
						}
					]
				},
				{
					"name": "main",
					"parent": "scope_body",
					"pivot": [0.93655, 1.02955, -5.66978],
					"cubes": [
						{
							"origin": [0.88833, 0.52477, -1.81978],
							"size": [0.17334, 0.2, 1],
							"uv": {
								"north": {"uv": [23, 17], "uv_size": [0.5, 0.5]},
								"east": {"uv": [19, 11], "uv_size": [1, 0.5]},
								"south": {"uv": [18, 23], "uv_size": [0.5, 0.5]},
								"west": {"uv": [12, 19], "uv_size": [1, 0.5]},
								"up": {"uv": [19, 12], "uv_size": [0.5, 1]},
								"down": {"uv": [13, 20], "uv_size": [0.5, -1]}
							}
						},
						{
							"origin": [0.88833, 0.22477, -2.66978],
							"size": [0.17334, 0.5, 0.85],
							"uv": {
								"north": {"uv": [23, 14], "uv_size": [0.5, 0.5]},
								"east": {"uv": [15, 23], "uv_size": [0.5, 0.5]},
								"south": {"uv": [23, 15], "uv_size": [0.5, 0.5]},
								"west": {"uv": [16, 23], "uv_size": [0.5, 0.5]},
								"up": {"uv": [23, 16], "uv_size": [0.5, 0.5]},
								"down": {"uv": [17, 23.5], "uv_size": [0.5, -0.5]}
							}
						},
						{
							"origin": [-0.91167, 0.22477, -2.66978],
							"size": [1.82334, 0.5, 1.85],
							"uv": {
								"north": {"uv": [13, 9], "uv_size": [2, 0.5]},
								"east": {"uv": [17, 3], "uv_size": [1.5, 0.5]},
								"south": {"uv": [10, 13], "uv_size": [2, 0.5]},
								"west": {"uv": [4, 17], "uv_size": [1.5, 0.5]},
								"up": {"uv": [1, 4], "uv_size": [2, 1.5]},
								"down": {"uv": [3, 5.5], "uv_size": [2, -1.5]}
							}
						},
						{
							"origin": [-0.91167, 0.27477, -2.61978],
							"size": [1.87334, 0.55, 1.65],
							"uv": {
								"north": {"uv": [14, 6], "uv_size": [2, 0.5]},
								"east": {"uv": [17, 4], "uv_size": [1.5, 0.5]},
								"south": {"uv": [14, 7], "uv_size": [2, 0.5]},
								"west": {"uv": [17, 5], "uv_size": [1.5, 0.5]},
								"up": {"uv": [5, 0], "uv_size": [2, 1.5]},
								"down": {"uv": [5, 3.5], "uv_size": [2, -1.5]}
							}
						},
						{
							"origin": [0.88833, 0.22477, -1.76978],
							"size": [0.17334, 0.25, 0.5],
							"uv": {
								"north": {"uv": [23, 11], "uv_size": [0.5, 0.5]},
								"east": {"uv": [12, 23], "uv_size": [0.5, 0.5]},
								"south": {"uv": [23, 12], "uv_size": [0.5, 0.5]},
								"west": {"uv": [13, 23], "uv_size": [0.5, 0.5]},
								"up": {"uv": [23, 13], "uv_size": [0.5, 0.5]},
								"down": {"uv": [14, 23.5], "uv_size": [0.5, -0.5]}
							}
						},
						{
							"origin": [-0.21167, 0.22477, -0.81978],
							"size": [1.22334, 0.2, 0.7],
							"uv": {
								"north": {"uv": [18, 7], "uv_size": [1, 0.5]},
								"east": {"uv": [21, 4], "uv_size": [0.5, 0.5]},
								"south": {"uv": [8, 18], "uv_size": [1, 0.5]},
								"west": {"uv": [5, 21], "uv_size": [0.5, 0.5]},
								"up": {"uv": [18, 8], "uv_size": [1, 0.5]},
								"down": {"uv": [9, 18.5], "uv_size": [1, -0.5]}
							}
						},
						{
							"origin": [0.88833, 0.22477, -0.96978],
							"size": [0.17334, 0.13045, 0.30307],
							"uv": {
								"north": {"uv": [1, 22], "uv_size": [0.5, 0.5]},
								"east": {"uv": [22, 1], "uv_size": [0.5, 0.5]},
								"south": {"uv": [2, 22], "uv_size": [0.5, 0.5]},
								"west": {"uv": [22, 2], "uv_size": [0.5, 0.5]},
								"up": {"uv": [3, 22], "uv_size": [0.5, 0.5]},
								"down": {"uv": [22, 3.5], "uv_size": [0.5, -0.5]}
							}
						},
						{
							"origin": [0.88833, 0.22477, -0.32285],
							"size": [0.17334, 0.13045, 0.60307],
							"uv": {
								"north": {"uv": [4, 22], "uv_size": [0.5, 0.5]},
								"east": {"uv": [22, 4], "uv_size": [0.5, 0.5]},
								"south": {"uv": [5, 22], "uv_size": [0.5, 0.5]},
								"west": {"uv": [22, 5], "uv_size": [0.5, 0.5]},
								"up": {"uv": [6, 22], "uv_size": [0.5, 0.5]},
								"down": {"uv": [22, 6.5], "uv_size": [0.5, -0.5]}
							}
						},
						{
							"origin": [0.88833, 0.22477, -0.16978],
							"size": [0.17334, 0.5, 1.25],
							"uv": {
								"north": {"uv": [0, 22], "uv_size": [0.5, 0.5]},
								"east": {"uv": [15, 10], "uv_size": [1.5, 0.5]},
								"south": {"uv": [22, 0], "uv_size": [0.5, 0.5]},
								"west": {"uv": [11, 15], "uv_size": [1.5, 0.5]},
								"up": {"uv": [13, 15], "uv_size": [0.5, 1.5]},
								"down": {"uv": [14, 16.5], "uv_size": [0.5, -1.5]}
							}
						},
						{
							"origin": [-1.05786, 0.22477, -2.66978],
							"size": [0.16953, 0.5, 3.75],
							"uv": {
								"north": {"uv": [16, 20], "uv_size": [0.5, 0.5]},
								"east": {"uv": [1, 6], "uv_size": [3.5, 0.5]},
								"south": {"uv": [20, 16], "uv_size": [0.5, 0.5]},
								"west": {"uv": [5, 6], "uv_size": [3.5, 0.5]},
								"up": {"uv": [7, 0], "uv_size": [0.5, 3.5]},
								"down": {"uv": [1, 10.5], "uv_size": [0.5, -3.5]}
							}
						},
						{
							"origin": [0.88833, 0.51411, 1.83733],
							"size": [0.17334, 0.4, 0.2],
							"pivot": [0.25, -0.33589, 1.78733],
							"rotation": [45, 0, 0],
							"uv": {
								"north": {"uv": [10, 20], "uv_size": [0.5, 0.5]},
								"east": {"uv": [20, 10], "uv_size": [0.5, 0.5]},
								"south": {"uv": [11, 20], "uv_size": [0.5, 0.5]},
								"west": {"uv": [20, 11], "uv_size": [0.5, 0.5]},
								"up": {"uv": [12, 20], "uv_size": [0.5, 0.5]},
								"down": {"uv": [20, 12.5], "uv_size": [0.5, -0.5]}
							}
						},
						{
							"origin": [-0.21167, 0.29216, -1.03373],
							"size": [1.27334, 0.4, 0.3],
							"pivot": [0.95, 0.49216, -0.85873],
							"rotation": [22.5, 0, 0],
							"uv": {
								"north": {"uv": [14, 14], "uv_size": [1.5, 0.5]},
								"east": {"uv": [21, 2], "uv_size": [0.5, 0.5]},
								"south": {"uv": [0, 15], "uv_size": [1.5, 0.5]},
								"west": {"uv": [3, 21], "uv_size": [0.5, 0.5]},
								"up": {"uv": [3, 15], "uv_size": [1.5, 0.5]},
								"down": {"uv": [15, 3.5], "uv_size": [1.5, -0.5]}
							}
						},
						{
							"origin": [-0.21167, 0.29216, -0.25583],
							"size": [1.27334, 0.4, 0.2],
							"pivot": [0.95, 0.49216, -0.13083],
							"rotation": [-22.5, 0, 0],
							"uv": {
								"north": {"uv": [15, 4], "uv_size": [1.5, 0.5]},
								"east": {"uv": [21, 3], "uv_size": [0.5, 0.5]},
								"south": {"uv": [15, 5], "uv_size": [1.5, 0.5]},
								"west": {"uv": [4, 21], "uv_size": [0.5, 0.5]},
								"up": {"uv": [6, 15], "uv_size": [1.5, 0.5]},
								"down": {"uv": [15, 8.5], "uv_size": [1.5, -0.5]}
							}
						},
						{
							"origin": [-1.06167, 0.22477, 1.08022],
							"size": [0.17334, 0.21716, 0.28284],
							"uv": {
								"north": {"uv": [20, 20], "uv_size": [0.5, 0.5]},
								"east": {"uv": [0, 21], "uv_size": [0.5, 0.5]},
								"south": {"uv": [21, 0], "uv_size": [0.5, 0.5]},
								"west": {"uv": [1, 21], "uv_size": [0.5, 0.5]},
								"up": {"uv": [21, 1], "uv_size": [0.5, 0.5]},
								"down": {"uv": [2, 21.5], "uv_size": [0.5, -0.5]}
							}
						},
						{
							"origin": [-1.06167, 0.51411, 1.78733],
							"size": [0.17334, 0.4, 0.25],
							"pivot": [-1.65, -0.33589, 1.78733],
							"rotation": [45, 0, 0],
							"uv": {
								"north": {"uv": [17, 20], "uv_size": [0.5, 0.5]},
								"east": {"uv": [20, 17], "uv_size": [0.5, 0.5]},
								"south": {"uv": [18, 20], "uv_size": [0.5, 0.5]},
								"west": {"uv": [20, 18], "uv_size": [0.5, 0.5]},
								"up": {"uv": [19, 20], "uv_size": [0.5, 0.5]},
								"down": {"uv": [20, 19.5], "uv_size": [0.5, -0.5]}
							}
						},
						{
							"origin": [-0.01167, 0.61411, 1.68733],
							"size": [0.42334, 0.2, 0.3],
							"pivot": [-1.25, -0.33589, 1.68733],
							"rotation": [45, 0, 0],
							"uv": {
								"north": {"uv": [9, 22], "uv_size": [0.5, 0.5]},
								"east": {"uv": [22, 9], "uv_size": [0.5, 0.5]},
								"south": {"uv": [10, 22], "uv_size": [0.5, 0.5]},
								"west": {"uv": [22, 10], "uv_size": [0.5, 0.5]},
								"up": {"uv": [11, 22], "uv_size": [0.5, 0.5]},
								"down": {"uv": [22, 11.5], "uv_size": [0.5, -0.5]}
							}
						},
						{
							"origin": [-0.46167, 0.66264, 1.00093],
							"size": [0.92334, 0.06213, 0.07929],
							"uv": {
								"north": {"uv": [19, 0], "uv_size": [1, 0.5]},
								"east": {"uv": [23, 1], "uv_size": [0.5, 0.5]},
								"south": {"uv": [1, 19], "uv_size": [1, 0.5]},
								"west": {"uv": [2, 23], "uv_size": [0.5, 0.5]},
								"up": {"uv": [19, 1], "uv_size": [1, 0.5]},
								"down": {"uv": [2, 19.5], "uv_size": [1, -0.5]}
							}
						},
						{
							"origin": [-0.91167, 0.66264, -0.16978],
							"size": [1.8, 0.02677, 1.18536],
							"uv": {
								"north": {"uv": [14, 2], "uv_size": [2, 0.5]},
								"east": {"uv": [19, 13], "uv_size": [1, 0.5]},
								"south": {"uv": [3, 14], "uv_size": [2, 0.5]},
								"west": {"uv": [14, 19], "uv_size": [1, 0.5]},
								"up": {"uv": [5, 4], "uv_size": [2, 1]},
								"down": {"uv": [5, 6], "uv_size": [2, -1]}
							}
						},
						{
							"origin": [-0.91167, 0.66264, -0.81978],
							"size": [0.65, 0.02677, 0.68536],
							"uv": {
								"north": {"uv": [18, 24], "uv_size": [0.5, 0.5]},
								"east": {"uv": [24, 18], "uv_size": [0.5, 0.5]},
								"south": {"uv": [19, 24], "uv_size": [0.5, 0.5]},
								"west": {"uv": [24, 19], "uv_size": [0.5, 0.5]},
								"up": {"uv": [20, 24], "uv_size": [0.5, 0.5]},
								"down": {"uv": [24, 20.5], "uv_size": [0.5, -0.5]}
							}
						},
						{
							"origin": [0.61167, 0.76411, 1.68733],
							"size": [0.1, 0.1, 0.3],
							"pivot": [-0.8, -0.33589, 1.68733],
							"rotation": [45, 0, 0],
							"uv": {
								"north": {"uv": [15, 22], "uv_size": [0.5, 0.5]},
								"east": {"uv": [22, 15], "uv_size": [0.5, 0.5]},
								"south": {"uv": [16, 22], "uv_size": [0.5, 0.5]},
								"west": {"uv": [22, 16], "uv_size": [0.5, 0.5]},
								"up": {"uv": [17, 22], "uv_size": [0.5, 0.5]},
								"down": {"uv": [22, 17.5], "uv_size": [0.5, -0.5]}
							}
						},
						{
							"origin": [0.61167, 0.61411, 1.68733],
							"size": [0.1, 0.1, 0.3],
							"pivot": [-0.8, -0.33589, 1.68733],
							"rotation": [45, 0, 0],
							"uv": {
								"north": {"uv": [18, 22], "uv_size": [0.5, 0.5]},
								"east": {"uv": [22, 18], "uv_size": [0.5, 0.5]},
								"south": {"uv": [19, 22], "uv_size": [0.5, 0.5]},
								"west": {"uv": [22, 19], "uv_size": [0.5, 0.5]},
								"up": {"uv": [20, 22], "uv_size": [0.5, 0.5]},
								"down": {"uv": [22, 20.5], "uv_size": [0.5, -0.5]}
							}
						},
						{
							"origin": [-0.63833, 0.61411, 1.68733],
							"size": [0.1, 0.1, 0.3],
							"pivot": [-1.1, -0.33589, 1.68733],
							"rotation": [45, 0, 0],
							"uv": {
								"north": {"uv": [21, 22], "uv_size": [0.5, 0.5]},
								"east": {"uv": [22, 21], "uv_size": [0.5, 0.5]},
								"south": {"uv": [22, 22], "uv_size": [0.5, 0.5]},
								"west": {"uv": [0, 23], "uv_size": [0.5, 0.5]},
								"up": {"uv": [23, 0], "uv_size": [0.5, 0.5]},
								"down": {"uv": [1, 23.5], "uv_size": [0.5, -0.5]}
							}
						},
						{
							"origin": [-0.41167, 0.61411, 1.68733],
							"size": [0.37334, 0.2, 0.3],
							"pivot": [-1.65, -0.33589, 1.68733],
							"rotation": [45, 0, 0],
							"uv": {
								"north": {"uv": [12, 22], "uv_size": [0.5, 0.5]},
								"east": {"uv": [22, 12], "uv_size": [0.5, 0.5]},
								"south": {"uv": [13, 22], "uv_size": [0.5, 0.5]},
								"west": {"uv": [22, 13], "uv_size": [0.5, 0.5]},
								"up": {"uv": [14, 22], "uv_size": [0.5, 0.5]},
								"down": {"uv": [22, 14.5], "uv_size": [0.5, -0.5]}
							}
						},
						{
							"origin": [0.88833, 0.22477, 1.08022],
							"size": [0.17334, 0.21716, 0.28284],
							"uv": {
								"north": {"uv": [13, 20], "uv_size": [0.5, 0.5]},
								"east": {"uv": [20, 13], "uv_size": [0.5, 0.5]},
								"south": {"uv": [14, 20], "uv_size": [0.5, 0.5]},
								"west": {"uv": [20, 14], "uv_size": [0.5, 0.5]},
								"up": {"uv": [15, 20], "uv_size": [0.5, 0.5]},
								"down": {"uv": [20, 15.5], "uv_size": [0.5, -0.5]}
							}
						},
						{
							"origin": [0.88833, -0.29239, -2.66978],
							"size": [0.17334, 0.51716, 4.03284],
							"uv": {
								"north": {"uv": [25, 18], "uv_size": [0.5, 0.5]},
								"east": {"uv": [8, 3], "uv_size": [3.5, 0.5]},
								"south": {"uv": [19, 25], "uv_size": [0.5, 0.5]},
								"west": {"uv": [8, 7], "uv_size": [3.5, 0.5]},
								"up": {"uv": [3, 8], "uv_size": [0.5, 3.5]},
								"down": {"uv": [4, 11.5], "uv_size": [0.5, -3.5]}
							}
						},
						{
							"origin": [-0.88833, 0.47875, 1.63733],
							"size": [1.77666, 0.35, 0.28535],
							"pivot": [-1.4, -0.33589, 1.63733],
							"rotation": [45, 0, 0],
							"uv": {
								"north": {"uv": [13, 10], "uv_size": [2, 0.5]},
								"east": {"uv": [23, 18], "uv_size": [0.5, 0.5]},
								"south": {"uv": [12, 13], "uv_size": [2, 0.5]},
								"west": {"uv": [19, 23], "uv_size": [0.5, 0.5]},
								"up": {"uv": [13, 12], "uv_size": [2, 0.5]},
								"down": {"uv": [14, 1.5], "uv_size": [2, -0.5]}
							}
						},
						{
							"origin": [-1.01167, 0.12477, -2.31978],
							"size": [0.27334, 0.31716, 3.58284],
							"uv": {
								"north": {"uv": [25, 16], "uv_size": [0.5, 0.5]},
								"east": {"uv": [7, 5], "uv_size": [3.5, 0.5]},
								"south": {"uv": [17, 25], "uv_size": [0.5, 0.5]},
								"west": {"uv": [8, 0], "uv_size": [3.5, 0.5]},
								"up": {"uv": [0, 8], "uv_size": [0.5, 3.5]},
								"down": {"uv": [2, 11.5], "uv_size": [0.5, -3.5]}
							}
						},
						{
							"origin": [-0.48833, -0.22523, -2.66978],
							"size": [0.97666, 0.46716, 4.03284],
							"uv": {
								"north": {"uv": [5, 20], "uv_size": [1, 0.5]},
								"east": {"uv": [8, 1], "uv_size": [3.5, 0.5]},
								"south": {"uv": [20, 5], "uv_size": [1, 0.5]},
								"west": {"uv": [8, 2], "uv_size": [3.5, 0.5]},
								"up": {"uv": [0, 4], "uv_size": [1, 3.5]},
								"down": {"uv": [4, 3.5], "uv_size": [1, -3.5]}
							}
						},
						{
							"origin": [0.81167, 0.02477, -2.61978],
							"size": [0.07666, 0.36716, 3.03284],
							"uv": {
								"north": {"uv": [25, 17], "uv_size": [0.5, 0.5]},
								"east": {"uv": [12, 8], "uv_size": [2.5, 0.5]},
								"south": {"uv": [18, 25], "uv_size": [0.5, 0.5]},
								"west": {"uv": [10, 12], "uv_size": [2.5, 0.5]},
								"up": {"uv": [0, 12], "uv_size": [0.5, 2.5]},
								"down": {"uv": [2, 15.5], "uv_size": [0.5, -2.5]}
							}
						},
						{
							"origin": [0.81167, 0.02477, 0.28022],
							"size": [0.07666, 0.41716, 0.98284],
							"uv": {
								"north": {"uv": [25, 22], "uv_size": [0.5, 0.5]},
								"east": {"uv": [6, 20], "uv_size": [1, 0.5]},
								"south": {"uv": [23, 25], "uv_size": [0.5, 0.5]},
								"west": {"uv": [20, 6], "uv_size": [1, 0.5]},
								"up": {"uv": [7, 20], "uv_size": [0.5, 1]},
								"down": {"uv": [20, 8], "uv_size": [0.5, -1]}
							}
						},
						{
							"origin": [-0.78206, 2.18215, -2.66978],
							"size": [1.60239, 0.15075, 0.25],
							"uv": {
								"north": {"uv": [10, 14], "uv_size": [1.5, 0.5]},
								"east": {"uv": [9, 20], "uv_size": [0.5, 0.5]},
								"south": {"uv": [14, 11], "uv_size": [1.5, 0.5]},
								"west": {"uv": [20, 9], "uv_size": [0.5, 0.5]},
								"up": {"uv": [12, 14], "uv_size": [1.5, 0.5]},
								"down": {"uv": [14, 13.5], "uv_size": [1.5, -0.5]}
							}
						},
						{
							"origin": [-0.80119, 2.13215, -2.51978],
							"size": [1.60238, 0.15075, 1.5],
							"uv": {
								"north": {"uv": [9, 15], "uv_size": [1.5, 0.5]},
								"east": {"uv": [18, 9], "uv_size": [1, 0.5]},
								"south": {"uv": [15, 9], "uv_size": [1.5, 0.5]},
								"west": {"uv": [18, 11], "uv_size": [1, 0.5]},
								"up": {"uv": [12, 2], "uv_size": [1.5, 1]},
								"down": {"uv": [12, 4], "uv_size": [1.5, -1]}
							}
						},
						{
							"origin": [0.25261, 2.18215, -2.66978],
							"size": [0.57564, 0.16608, 0.25],
							"uv": {
								"north": {"uv": [21, 8], "uv_size": [0.5, 0.5]},
								"east": {"uv": [9, 21], "uv_size": [0.5, 0.5]},
								"south": {"uv": [21, 9], "uv_size": [0.5, 0.5]},
								"west": {"uv": [10, 21], "uv_size": [0.5, 0.5]},
								"up": {"uv": [21, 10], "uv_size": [0.5, 0.5]},
								"down": {"uv": [11, 21.5], "uv_size": [0.5, -0.5]}
							}
						},
						{
							"origin": [0.25261, 2.18215, -1.21978],
							"size": [0.57564, 0.16608, 0.25],
							"uv": {
								"north": {"uv": [21, 11], "uv_size": [0.5, 0.5]},
								"east": {"uv": [12, 21], "uv_size": [0.5, 0.5]},
								"south": {"uv": [21, 12], "uv_size": [0.5, 0.5]},
								"west": {"uv": [13, 21], "uv_size": [0.5, 0.5]},
								"up": {"uv": [21, 13], "uv_size": [0.5, 0.5]},
								"down": {"uv": [14, 21.5], "uv_size": [0.5, -0.5]}
							}
						},
						{
							"origin": [-0.95786, 0.72477, -2.61978],
							"size": [0.11953, 1.06913, 1.6],
							"uv": {
								"north": {"uv": [18, 0], "uv_size": [0.5, 1]},
								"east": {"uv": [12, 1], "uv_size": [1.5, 1]},
								"south": {"uv": [18, 1], "uv_size": [0.5, 1]},
								"west": {"uv": [2, 12], "uv_size": [1.5, 1]},
								"up": {"uv": [5, 14], "uv_size": [0.5, 1.5]},
								"down": {"uv": [8, 15.5], "uv_size": [0.5, -1.5]}
							}
						},
						{
							"origin": [-1.05786, 0.72477, -2.66978],
							"size": [0.16953, 1.06913, 0.25],
							"uv": {
								"north": {"uv": [12, 18], "uv_size": [0.5, 1]},
								"east": {"uv": [13, 18], "uv_size": [0.5, 1]},
								"south": {"uv": [14, 18], "uv_size": [0.5, 1]},
								"west": {"uv": [15, 18], "uv_size": [0.5, 1]},
								"up": {"uv": [21, 20], "uv_size": [0.5, 0.5]},
								"down": {"uv": [21, 21.5], "uv_size": [0.5, -0.5]}
							}
						},
						{
							"origin": [-1.01167, 0.72477, -2.51978],
							"size": [0.12334, 1.05, 1.45],
							"uv": {
								"north": {"uv": [16, 18], "uv_size": [0.5, 1]},
								"east": {"uv": [3, 13], "uv_size": [1, 1]},
								"south": {"uv": [18, 17], "uv_size": [0.5, 1]},
								"west": {"uv": [4, 13], "uv_size": [1, 1]},
								"up": {"uv": [18, 18], "uv_size": [0.5, 1]},
								"down": {"uv": [0, 20], "uv_size": [0.5, -1]}
							}
						},
						{
							"origin": [-0.98833, 1.32477, -2.26978],
							"size": [0.2, 0.2, 1.35],
							"pivot": [-0.86333, 1.39977, -1.64478],
							"rotation": [0, 0, 45],
							"uv": {
								"north": {"uv": [23, 3], "uv_size": [0.5, 0.5]},
								"east": {"uv": [6, 16], "uv_size": [1.5, 0.5]},
								"south": {"uv": [4, 23], "uv_size": [0.5, 0.5]},
								"west": {"uv": [16, 6], "uv_size": [1.5, 0.5]},
								"up": {"uv": [8, 16], "uv_size": [0.5, 1.5]},
								"down": {"uv": [9, 17.5], "uv_size": [0.5, -1.5]}
							}
						},
						{
							"origin": [-0.98833, 1.02477, -2.26978],
							"size": [0.2, 0.2, 1.35],
							"pivot": [-0.86333, 1.09977, -1.64478],
							"rotation": [0, 0, 45],
							"uv": {
								"north": {"uv": [23, 4], "uv_size": [0.5, 0.5]},
								"east": {"uv": [16, 7], "uv_size": [1.5, 0.5]},
								"south": {"uv": [5, 23], "uv_size": [0.5, 0.5]},
								"west": {"uv": [10, 16], "uv_size": [1.5, 0.5]},
								"up": {"uv": [12, 16], "uv_size": [0.5, 1.5]},
								"down": {"uv": [16, 14.5], "uv_size": [0.5, -1.5]}
							}
						},
						{
							"origin": [-0.85753, 1.69968, -2.51978],
							"size": [0.12334, 0.55, 1.5],
							"pivot": [-0.74586, 2.12468, -1.44478],
							"rotation": [0, 0, 22.5],
							"uv": {
								"north": {"uv": [8, 20], "uv_size": [0.5, 0.5]},
								"east": {"uv": [18, 2], "uv_size": [1, 0.5]},
								"south": {"uv": [20, 8], "uv_size": [0.5, 0.5]},
								"west": {"uv": [4, 18], "uv_size": [1, 0.5]},
								"up": {"uv": [5, 18], "uv_size": [0.5, 1]},
								"down": {"uv": [18, 7], "uv_size": [0.5, -1]}
							}
						},
						{
							"origin": [-0.80753, 1.69968, -2.61978],
							"size": [0.12334, 0.5, 1.6],
							"pivot": [-0.74586, 2.12468, -0.64478],
							"rotation": [0, 0, 22.5],
							"uv": {
								"north": {"uv": [25, 23], "uv_size": [0.5, 0.5]},
								"east": {"uv": [17, 15], "uv_size": [1.5, 0.5]},
								"south": {"uv": [24, 25], "uv_size": [0.5, 0.5]},
								"west": {"uv": [17, 16], "uv_size": [1.5, 0.5]},
								"up": {"uv": [11, 17], "uv_size": [0.5, 1.5]},
								"down": {"uv": [17, 18.5], "uv_size": [0.5, -1.5]}
							}
						},
						{
							"origin": [-0.90753, 1.69968, -2.66978],
							"size": [0.17334, 0.6, 0.25],
							"pivot": [-0.74586, 2.12468, -2.09478],
							"rotation": [0, 0, 22.5],
							"uv": {
								"north": {"uv": [21, 5], "uv_size": [0.5, 0.5]},
								"east": {"uv": [6, 21], "uv_size": [0.5, 0.5]},
								"south": {"uv": [21, 6], "uv_size": [0.5, 0.5]},
								"west": {"uv": [7, 21], "uv_size": [0.5, 0.5]},
								"up": {"uv": [21, 7], "uv_size": [0.5, 0.5]},
								"down": {"uv": [8, 21.5], "uv_size": [0.5, -0.5]}
							}
						},
						{
							"origin": [-0.82825, 2.18215, -2.66978],
							"size": [0.57564, 0.16608, 0.25],
							"uv": {
								"north": {"uv": [21, 14], "uv_size": [0.5, 0.5]},
								"east": {"uv": [15, 21], "uv_size": [0.5, 0.5]},
								"south": {"uv": [21, 15], "uv_size": [0.5, 0.5]},
								"west": {"uv": [16, 21], "uv_size": [0.5, 0.5]},
								"up": {"uv": [21, 16], "uv_size": [0.5, 0.5]},
								"down": {"uv": [17, 21.5], "uv_size": [0.5, -0.5]}
							}
						},
						{
							"origin": [-0.82825, 2.18215, -1.21978],
							"size": [0.57564, 0.16608, 0.25],
							"uv": {
								"north": {"uv": [21, 17], "uv_size": [0.5, 0.5]},
								"east": {"uv": [18, 21], "uv_size": [0.5, 0.5]},
								"south": {"uv": [21, 18], "uv_size": [0.5, 0.5]},
								"west": {"uv": [19, 21], "uv_size": [0.5, 0.5]},
								"up": {"uv": [21, 19], "uv_size": [0.5, 0.5]},
								"down": {"uv": [20, 21.5], "uv_size": [0.5, -0.5]}
							}
						},
						{
							"origin": [0.68419, 1.69968, -2.56978],
							"size": [0.12334, 0.5, 1.5],
							"pivot": [0.74586, 2.12468, -0.64478],
							"rotation": [0, 0, -22.5],
							"uv": {
								"north": {"uv": [23, 5], "uv_size": [0.5, 0.5]},
								"east": {"uv": [16, 11], "uv_size": [1.5, 0.5]},
								"south": {"uv": [6, 23], "uv_size": [0.5, 0.5]},
								"west": {"uv": [15, 16], "uv_size": [1.5, 0.5]},
								"up": {"uv": [0, 17], "uv_size": [0.5, 1.5]},
								"down": {"uv": [1, 18.5], "uv_size": [0.5, -1.5]}
							}
						},
						{
							"origin": [-1.05786, 0.72477, -1.21978],
							"size": [0.16953, 1.06913, 0.25],
							"uv": {
								"north": {"uv": [19, 18], "uv_size": [0.5, 1]},
								"east": {"uv": [19, 19], "uv_size": [0.5, 1]},
								"south": {"uv": [0, 20], "uv_size": [0.5, 1]},
								"west": {"uv": [20, 0], "uv_size": [0.5, 1]},
								"up": {"uv": [25, 4], "uv_size": [0.5, 0.5]},
								"down": {"uv": [5, 25.5], "uv_size": [0.5, -0.5]}
							}
						},
						{
							"origin": [-0.90753, 1.69968, -1.21978],
							"size": [0.17334, 0.6, 0.25],
							"pivot": [-0.74586, 2.12468, -0.64478],
							"rotation": [0, 0, 22.5],
							"uv": {
								"north": {"uv": [25, 1], "uv_size": [0.5, 0.5]},
								"east": {"uv": [2, 25], "uv_size": [0.5, 0.5]},
								"south": {"uv": [25, 2], "uv_size": [0.5, 0.5]},
								"west": {"uv": [3, 25], "uv_size": [0.5, 0.5]},
								"up": {"uv": [25, 3], "uv_size": [0.5, 0.5]},
								"down": {"uv": [4, 25.5], "uv_size": [0.5, -0.5]}
							}
						},
						{
							"origin": [-0.78206, 2.18215, -1.21978],
							"size": [1.60239, 0.15075, 0.25],
							"uv": {
								"north": {"uv": [17, 10], "uv_size": [1.5, 0.5]},
								"east": {"uv": [25, 0], "uv_size": [0.5, 0.5]},
								"south": {"uv": [17, 12], "uv_size": [1.5, 0.5]},
								"west": {"uv": [1, 25], "uv_size": [0.5, 0.5]},
								"up": {"uv": [13, 17], "uv_size": [1.5, 0.5]},
								"down": {"uv": [17, 13.5], "uv_size": [1.5, -0.5]}
							}
						},
						{
							"origin": [0.88833, 0.22477, -1.21978],
							"size": [0.16953, 1.56913, 0.25],
							"uv": {
								"north": {"uv": [6, 17], "uv_size": [0.5, 1.5]},
								"east": {"uv": [7, 17], "uv_size": [0.5, 1.5]},
								"south": {"uv": [17, 8], "uv_size": [0.5, 1.5]},
								"west": {"uv": [10, 17], "uv_size": [0.5, 1.5]},
								"up": {"uv": [24, 24], "uv_size": [0.5, 0.5]},
								"down": {"uv": [0, 25.5], "uv_size": [0.5, -0.5]}
							}
						},
						{
							"origin": [0.73419, 1.69968, -1.21978],
							"size": [0.17334, 0.6, 0.25],
							"pivot": [0.74586, 2.12468, -0.64478],
							"rotation": [0, 0, -22.5],
							"uv": {
								"north": {"uv": [21, 24], "uv_size": [0.5, 0.5]},
								"east": {"uv": [24, 21], "uv_size": [0.5, 0.5]},
								"south": {"uv": [22, 24], "uv_size": [0.5, 0.5]},
								"west": {"uv": [24, 22], "uv_size": [0.5, 0.5]},
								"up": {"uv": [23, 24], "uv_size": [0.5, 0.5]},
								"down": {"uv": [24, 23.5], "uv_size": [0.5, -0.5]}
							}
						},
						{
							"origin": [0.73419, 1.69968, -2.41978],
							"size": [0.12334, 0.55, 1.4],
							"pivot": [0.74586, 2.12468, -1.44478],
							"rotation": [0, 0, -22.5],
							"uv": {
								"north": {"uv": [23, 6], "uv_size": [0.5, 0.5]},
								"east": {"uv": [19, 4], "uv_size": [1, 0.5]},
								"south": {"uv": [7, 23], "uv_size": [0.5, 0.5]},
								"west": {"uv": [5, 19], "uv_size": [1, 0.5]},
								"up": {"uv": [19, 5], "uv_size": [0.5, 1]},
								"down": {"uv": [6, 20], "uv_size": [0.5, -1]}
							}
						},
						{
							"origin": [0.83833, 0.72477, -2.61978],
							"size": [0.11953, 1.06913, 1.6],
							"uv": {
								"north": {"uv": [19, 6], "uv_size": [0.5, 1]},
								"east": {"uv": [4, 12], "uv_size": [1.5, 1]},
								"south": {"uv": [7, 19], "uv_size": [0.5, 1]},
								"west": {"uv": [12, 7], "uv_size": [1.5, 1]},
								"up": {"uv": [2, 17], "uv_size": [0.5, 1.5]},
								"down": {"uv": [3, 18.5], "uv_size": [0.5, -1.5]}
							}
						},
						{
							"origin": [0.88833, 0.72477, -2.51978],
							"size": [0.12334, 1.05, 1.45],
							"uv": {
								"north": {"uv": [19, 7], "uv_size": [0.5, 1]},
								"east": {"uv": [5, 13], "uv_size": [1, 1]},
								"south": {"uv": [8, 19], "uv_size": [0.5, 1]},
								"west": {"uv": [13, 6], "uv_size": [1, 1]},
								"up": {"uv": [19, 8], "uv_size": [0.5, 1]},
								"down": {"uv": [9, 20], "uv_size": [0.5, -1]}
							}
						},
						{
							"origin": [0.73419, 1.69968, -2.66978],
							"size": [0.17334, 0.6, 0.25],
							"pivot": [0.74586, 2.12468, -2.09478],
							"rotation": [0, 0, -22.5],
							"uv": {
								"north": {"uv": [23, 7], "uv_size": [0.5, 0.5]},
								"east": {"uv": [8, 23], "uv_size": [0.5, 0.5]},
								"south": {"uv": [23, 8], "uv_size": [0.5, 0.5]},
								"west": {"uv": [9, 23], "uv_size": [0.5, 0.5]},
								"up": {"uv": [23, 9], "uv_size": [0.5, 0.5]},
								"down": {"uv": [10, 23.5], "uv_size": [0.5, -0.5]}
							}
						},
						{
							"origin": [0.88833, 0.72477, -2.66978],
							"size": [0.16953, 1.06913, 0.25],
							"uv": {
								"north": {"uv": [19, 9], "uv_size": [0.5, 1]},
								"east": {"uv": [10, 19], "uv_size": [0.5, 1]},
								"south": {"uv": [19, 10], "uv_size": [0.5, 1]},
								"west": {"uv": [11, 19], "uv_size": [0.5, 1]},
								"up": {"uv": [23, 10], "uv_size": [0.5, 0.5]},
								"down": {"uv": [11, 23.5], "uv_size": [0.5, -0.5]}
							}
						},
						{
							"origin": [-1.06167, -0.29239, -2.66978],
							"size": [0.17334, 0.51716, 4.03284],
							"uv": {
								"north": {"uv": [25, 19], "uv_size": [0.5, 0.5]},
								"east": {"uv": [8, 8], "uv_size": [3.5, 0.5]},
								"south": {"uv": [20, 25], "uv_size": [0.5, 0.5]},
								"west": {"uv": [9, 6], "uv_size": [3.5, 0.5]},
								"up": {"uv": [5, 8], "uv_size": [0.5, 3.5]},
								"down": {"uv": [8, 12.5], "uv_size": [0.5, -3.5]}
							}
						},
						{
							"origin": [-0.88833, 0.02477, -2.61978],
							"size": [0.22666, 0.41716, 3.88284],
							"uv": {
								"north": {"uv": [25, 21], "uv_size": [0.5, 0.5]},
								"east": {"uv": [11, 4], "uv_size": [3.5, 0.5]},
								"south": {"uv": [22, 25], "uv_size": [0.5, 0.5]},
								"west": {"uv": [11, 5], "uv_size": [3.5, 0.5]},
								"up": {"uv": [7, 11], "uv_size": [0.5, 3.5]},
								"down": {"uv": [9, 14.5], "uv_size": [0.5, -3.5]}
							}
						}
					]
				},
				{
					"name": "octagon2",
					"parent": "scope_body",
					"pivot": [0, 0.5, -1],
					"cubes": [
						{
							"origin": [0.1375, 0.4375, -0.60355],
							"size": [0.95312, 0.5, 0.2071],
							"uv": {
								"west": {"uv": [25, 5], "uv_size": [0.5, 0.5]},
								"up": {"uv": [1, 20], "uv_size": [1, 0.5]},
								"down": {"uv": [20, 1.5], "uv_size": [1, -0.5]}
							}
						},
						{
							"origin": [0.1375, 0.58395, -0.75],
							"size": [0.95312, 0.2071, 0.5],
							"pivot": [1.0125, 0.6875, -0.5],
							"rotation": [-45, 0, 0],
							"uv": {
								"north": {"uv": [2, 20], "uv_size": [1, 0.5]},
								"east": {"uv": [6, 25], "uv_size": [0.5, 0.5]},
								"south": {"uv": [20, 2], "uv_size": [1, 0.5]},
								"west": {"uv": [25, 6], "uv_size": [0.5, 0.5]}
							}
						},
						{
							"origin": [0.1375, 0.58395, -0.75],
							"size": [0.95312, 0.2071, 0.5],
							"uv": {
								"north": {"uv": [3, 20], "uv_size": [1, 0.5]},
								"south": {"uv": [20, 3], "uv_size": [1, 0.5]},
								"west": {"uv": [7, 25], "uv_size": [0.5, 0.5]}
							}
						},
						{
							"origin": [0.1375, 0.4375, -0.60355],
							"size": [0.95312, 0.5, 0.2071],
							"pivot": [1.0125, 0.6875, -0.5],
							"rotation": [-45, 0, 0],
							"uv": {
								"east": {"uv": [25, 7], "uv_size": [0.5, 0.5]},
								"west": {"uv": [8, 25], "uv_size": [0.5, 0.5]},
								"up": {"uv": [4, 20], "uv_size": [1, 0.5]},
								"down": {"uv": [20, 4.5], "uv_size": [1, -0.5]}
							}
						}
					]
				},
				{
					"name": "octagon",
					"parent": "octagon2",
					"pivot": [0, 0.5, -1],
					"cubes": [
						{
							"origin": [-0.3625, 0.5375, -0.60355],
							"size": [0.60312, 0.3, 0.2071],
							"uv": {
								"east": {"uv": [25, 8], "uv_size": [0.5, 0.5]},
								"up": {"uv": [9, 25], "uv_size": [0.5, 0.5]},
								"down": {"uv": [25, 9.5], "uv_size": [0.5, -0.5]}
							}
						},
						{
							"origin": [-0.3625, 0.58395, -0.65],
							"size": [0.60312, 0.2071, 0.3],
							"pivot": [-0.23594, 0.6875, -0.5],
							"rotation": [-45, 0, 0],
							"uv": {
								"north": {"uv": [10, 25], "uv_size": [0.5, 0.5]},
								"east": {"uv": [25, 10], "uv_size": [0.5, 0.5]},
								"south": {"uv": [11, 25], "uv_size": [0.5, 0.5]},
								"west": {"uv": [25, 11], "uv_size": [0.5, 0.5]}
							}
						},
						{
							"origin": [-0.3625, 0.58395, -0.65],
							"size": [0.60312, 0.2071, 0.3],
							"pivot": [-0.23594, 0.6875, -0.5],
							"rotation": [45, 0, 0],
							"uv": {
								"north": {"uv": [12, 25], "uv_size": [0.5, 0.5]},
								"east": {"uv": [25, 12], "uv_size": [0.5, 0.5]},
								"south": {"uv": [13, 25], "uv_size": [0.5, 0.5]}
							}
						},
						{
							"origin": [-0.3625, 0.58395, -0.65],
							"size": [0.60312, 0.2071, 0.3],
							"uv": {
								"north": {"uv": [25, 13], "uv_size": [0.5, 0.5]},
								"east": {"uv": [14, 25], "uv_size": [0.5, 0.5]},
								"south": {"uv": [25, 14], "uv_size": [0.5, 0.5]},
								"west": {"uv": [15, 25], "uv_size": [0.5, 0.5]}
							}
						}
					]
				},
				{
					"name": "pattern",
					"parent": "scope_body",
					"pivot": [-0.93655, 1.02955, -5.66978]
				},
				{
					"name": "group",
					"parent": "pattern",
					"pivot": [-0.93655, 0.62955, -1.51978],
					"cubes": [
						{
							"origin": [-1.06167, 0.97477, -2.31978],
							"size": [2.12334, 0.2, 1.05],
							"uv": {
								"east": {"uv": [0, 29], "uv_size": [64, 10.5]},
								"west": {"uv": [0, 29], "uv_size": [64, 10.5]}
							}
						},
						{
							"origin": [-0.55, 0.22477, 1.21855],
							"size": [1.1, 0.2, 0.12334],
							"uv": {
								"south": {"uv": [0, 29.5], "uv_size": [64, 10.5]}
							}
						}
					]
				},
				{
					"name": "division",
					"pivot": [0, 0.0625, -27]
				},
				{
					"name": "division_illuminated",
					"parent": "division",
					"pivot": [-0.01562, 1.43875, -57],
					"cubes": [
						{
							"origin": [-1.5, 0.00125, -62],
							"size": [3, 3, 0.3],
							"uv": {
								"south": {"uv": [7.5, 46], "uv_size": [57.5, 57.5]}
							}
						}
					]
				},
				{
					"name": "ocular",
					"pivot": [-0.00157, 1.44298, -2.03168],
					"cubes": [
						{
							"origin": [-0.87638, 0.77427, -2.169],
							"size": [1.74963, 1.33741, 0.02463],
							"uv": {
								"north": {"uv": [22, 10], "uv_size": [0.5, 0.5]},
								"east": {"uv": [22, 10], "uv_size": [0.5, 0.5]},
								"south": {"uv": [22, 10], "uv_size": [0.5, 0.5]},
								"west": {"uv": [22, 10], "uv_size": [0.5, 0.5]},
								"up": {"uv": [22.5, 10.5], "uv_size": [-0.5, -0.5]},
								"down": {"uv": [22.5, 10.5], "uv_size": [-0.5, -0.5]}
							}
						}
					]
				},
				{
					"name": "scope_view",
					"pivot": [0, 1.45, 6.75]
				}
			]
		}
	]
}